####
#
# OBJ File Generated by Meshlab
#
####
# Object inner_finger_fine_long.obj
#
# Vertices: 3862
# Faces: 3764
#
####

vn -0.0005383 0.9999998 -0.0003346
v 0.0005564 0.0074976 0.0049509 0.494118 0.494118 0.494118
vn -0.0005383 0.9999998 -0.0003346
v -0.0030120 0.0074954 0.0039677 0.494118 0.494118 0.494118
vn -0.0005383 0.9999998 -0.0003346
v -0.0025633 0.0074957 0.0042706 0.494118 0.494118 0.494118
vn -0.0005383 0.9999998 -0.0003346
v -0.0030276 0.0074927 -0.0039932 0.494118 0.494118 0.494118
vn -0.0005383 0.9999998 -0.0003346
v -0.0034395 0.0074926 -0.0036419 0.494118 0.494118 0.494118
vn -0.0005383 0.9999998 -0.0003346
v -0.0038110 0.0074926 -0.0032482 0.494118 0.494118 0.494118
vn -0.0005383 0.9999998 -0.0003346
v -0.0010592 0.0074967 0.0048665 0.494118 0.494118 0.494118
vn -0.0005383 0.9999998 -0.0003346
v -0.0005248 0.0074971 0.0049530 0.494118 0.494118 0.494118
vn -0.0005383 0.9999998 -0.0003346
v 0.0000158 0.0074974 0.0049813 0.494118 0.494118 0.494118
vn -0.0005383 0.9999998 -0.0003346
v -0.0034253 0.0074951 0.0036180 0.494118 0.494118 0.494118
vn -0.0005383 0.9999998 -0.0003346
v -0.0041378 0.0074925 -0.0028165 0.494118 0.494118 0.494118
vn -0.0005383 0.9999998 -0.0003346
v -0.0025800 0.0074929 -0.0042979 0.494118 0.494118 0.494118
vn -0.0005383 0.9999998 -0.0003346
v -0.0048091 0.0074935 0.0013284 0.494118 0.494118 0.494118
vn -0.0005383 0.9999998 -0.0003346
v 0.0044282 0.0074989 0.0023147 0.494118 0.494118 0.494118
vn -0.0005383 0.9999998 -0.0003346
v 0.0046546 0.0074988 0.0018229 0.494118 0.494118 0.494118
vn -0.0005383 0.9999998 -0.0003346
v 0.0034516 0.0074988 0.0036046 0.494118 0.494118 0.494118
vn -0.0005383 0.9999998 -0.0003346
v 0.0038232 0.0074988 0.0032108 0.494118 0.494118 0.494118
vn -0.0005383 0.9999998 -0.0003346
v -0.0015812 0.0074964 0.0047227 0.494118 0.494118 0.494118
vn -0.0005383 0.9999998 -0.0003346
v -0.0020845 0.0074961 0.0045233 0.494118 0.494118 0.494118
vn -0.0005383 0.9999998 -0.0003346
v 0.0016118 0.0074981 0.0047165 0.494118 0.494118 0.494118
vn -0.0005383 0.9999998 -0.0003346
v -0.0044069 0.0074941 0.0023320 0.494118 0.494118 0.494118
vn -0.0005383 0.9999998 -0.0003346
v -0.0041269 0.0074944 0.0027953 0.494118 0.494118 0.494118
vn -0.0005383 0.9999998 -0.0003346
v -0.0044160 0.0074925 -0.0023521 0.494118 0.494118 0.494118
vn -0.0005383 0.9999998 -0.0003346
v -0.0046424 0.0074926 -0.0018603 0.494118 0.494118 0.494118
vn -0.0005383 0.9999998 -0.0003346
v 0.0041500 0.0074989 0.0027792 0.494118 0.494118 0.494118
vn -0.0005383 0.9999998 -0.0003346
v 0.0030397 0.0074986 0.0039559 0.494118 0.494118 0.494118
vn -0.0005383 0.9999998 -0.0003346
v 0.0021144 0.0074983 0.0045151 0.494118 0.494118 0.494118
vn -0.0005383 0.9999998 -0.0003346
v 0.0010905 0.0074979 0.0048623 0.494118 0.494118 0.494118
vn -0.0005383 0.9999998 -0.0003346
v -0.0037984 0.0074947 0.0032257 0.494118 0.494118 0.494118
vn -0.0005383 0.9999998 -0.0003346
v -0.0046352 0.0074938 0.0018411 0.494118 0.494118 0.494118
vn -0.0005383 0.9999998 -0.0003346
v -0.0048143 0.0074927 -0.0013469 0.494118 0.494118 0.494118
vn -0.0005383 0.9999998 -0.0003346
v -0.0000037 0.0074940 -0.0050187 0.494118 0.494118 0.494118
vn -0.0005383 0.9999998 -0.0003346
v -0.0005442 0.0074937 -0.0049883 0.494118 0.494118 0.494118
vn -0.0005383 0.9999998 -0.0003346
v 0.0025922 0.0074985 0.0042606 0.494118 0.494118 0.494118
vn -0.0005383 0.9999998 -0.0003346
v 0.0015933 0.0074950 -0.0047601 0.494118 0.494118 0.494118
vn -0.0005383 0.9999998 -0.0003346
v -0.0049296 0.0074928 -0.0008180 0.494118 0.494118 0.494118
vn -0.0005383 0.9999998 -0.0003346
v -0.0049871 0.0074929 -0.0002796 0.494118 0.494118 0.494118
vn -0.0005383 0.9999998 -0.0003346
v -0.0021022 0.0074930 -0.0045525 0.494118 0.494118 0.494118
vn -0.0005383 0.9999998 -0.0003346
v -0.0010783 0.0074935 -0.0048997 0.494118 0.494118 0.494118
vn -0.0005383 0.9999998 -0.0003346
v -0.0015997 0.0074932 -0.0047538 0.494118 0.494118 0.494118
vn -0.0005383 0.9999998 -0.0003346
v 0.0005370 0.0074943 -0.0049904 0.494118 0.494118 0.494118
vn -0.0005383 0.9999998 -0.0003346
v 0.0010714 0.0074946 -0.0049039 0.494118 0.494118 0.494118
vn -0.0005383 0.9999998 -0.0003346
v 0.0025755 0.0074956 -0.0043080 0.494118 0.494118 0.494118
vn -0.0005383 0.9999998 -0.0003346
v 0.0020967 0.0074953 -0.0045606 0.494118 0.494118 0.494118
vn -0.0005383 0.9999998 -0.0003346
v 0.0034375 0.0074963 -0.0036554 0.494118 0.494118 0.494118
vn -0.0005383 0.9999998 -0.0003346
v 0.0030242 0.0074960 -0.0040050 0.494118 0.494118 0.494118
vn -0.0005383 0.9999998 -0.0003346
v 0.0044191 0.0074973 -0.0023693 0.494118 0.494118 0.494118
vn -0.0005383 0.9999998 -0.0003346
v 0.0041390 0.0074970 -0.0028327 0.494118 0.494118 0.494118
vn -0.0005383 0.9999998 -0.0003346
v 0.0049993 0.0074985 0.0002423 0.494118 0.494118 0.494118
vn -0.0005383 0.9999998 -0.0003346
v 0.0049982 0.0074983 -0.0002991 0.494118 0.494118 0.494118
vn -0.0005383 0.9999998 -0.0003346
v 0.0048264 0.0074987 0.0013095 0.494118 0.494118 0.494118
vn -0.0005383 0.9999998 -0.0003346
v 0.0049418 0.0074986 0.0007806 0.494118 0.494118 0.494118
vn -0.0005383 0.9999998 -0.0003346
v -0.0049860 0.0074931 0.0002618 0.494118 0.494118 0.494118
vn -0.0005383 0.9999998 -0.0003346
v -0.0049265 0.0074933 0.0007998 0.494118 0.494118 0.494118
vn -0.0005383 0.9999998 -0.0003346
v 0.0038106 0.0074966 -0.0032630 0.494118 0.494118 0.494118
vn -0.0005383 0.9999998 -0.0003346
v 0.0048212 0.0074978 -0.0013657 0.494118 0.494118 0.494118
vn -0.0005383 0.9999998 -0.0003346
v 0.0046473 0.0074976 -0.0018784 0.494118 0.494118 0.494118
vn -0.0005383 0.9999998 -0.0003346
v 0.0049386 0.0074981 -0.0008372 0.494118 0.494118 0.494118
vn 0.9630260 0.0004283 -0.2694081
v 0.0048215 0.0069978 -0.0013656 0.494118 0.494118 0.494118
vn 0.9630260 0.0004283 -0.2694081
v 0.0048212 0.0074978 -0.0013657 0.494118 0.494118 0.494118
vn 0.9865088 0.0004763 -0.1637074
v 0.0049386 0.0074981 -0.0008372 0.494118 0.494118 0.494118
vn 0.9865088 0.0004763 -0.1637074
v 0.0049389 0.0069981 -0.0008371 0.494118 0.494118 0.494118
vn 0.9984258 0.0005187 -0.0560874
v 0.0049982 0.0074983 -0.0002991 0.494118 0.494118 0.494118
vn 0.9984258 0.0005187 -0.0560874
v 0.0049985 0.0069983 -0.0002990 0.494118 0.494118 0.494118
vn 0.9986370 0.0005550 0.0521902
v 0.0049993 0.0074985 0.0002423 0.494118 0.494118 0.494118
vn 0.9986370 0.0005550 0.0521902
v 0.0049995 0.0069985 0.0002424 0.494118 0.494118 0.494118
vn 0.9871402 0.0005849 0.1598559
v 0.0049418 0.0074986 0.0007806 0.494118 0.494118 0.494118
vn 0.9871402 0.0005849 0.1598559
v 0.0049421 0.0069986 0.0007808 0.494118 0.494118 0.494118
vn 0.9640701 0.0006078 0.2656475
v 0.0048264 0.0074987 0.0013095 0.494118 0.494118 0.494118
vn 0.9640701 0.0006078 0.2656475
v 0.0048267 0.0069987 0.0013097 0.494118 0.494118 0.494118
vn 0.9296970 0.0006237 0.3683246
v 0.0046546 0.0074988 0.0018229 0.494118 0.494118 0.494118
vn 0.9296970 0.0006237 0.3683246
v 0.0046548 0.0069988 0.0018231 0.494118 0.494118 0.494118
vn 0.8844243 0.0006322 0.4666834
v 0.0044282 0.0074989 0.0023147 0.494118 0.494118 0.494118
vn 0.8844243 0.0006322 0.4666834
v 0.0044285 0.0069989 0.0023149 0.494118 0.494118 0.494118
vn 0.8287824 0.0006334 0.5595708
v 0.0041500 0.0074989 0.0027792 0.494118 0.494118 0.494118
vn 0.8287824 0.0006334 0.5595708
v 0.0041503 0.0069989 0.0027793 0.494118 0.494118 0.494118
vn 0.7634237 0.0006271 0.6458977
v 0.0038232 0.0074988 0.0032108 0.494118 0.494118 0.494118
vn 0.7634237 0.0006271 0.6458977
v 0.0038235 0.0069988 0.0032110 0.494118 0.494118 0.494118
vn 0.6891147 0.0006134 0.7246521
v 0.0034516 0.0074988 0.0036046 0.494118 0.494118 0.494118
vn 0.6891147 0.0006134 0.7246521
v 0.0034519 0.0069988 0.0036047 0.494118 0.494118 0.494118
vn 0.6067263 0.0005926 0.7949106
v 0.0030397 0.0074986 0.0039559 0.494118 0.494118 0.494118
vn 0.6067263 0.0005926 0.7949106
v 0.0030400 0.0069987 0.0039560 0.494118 0.494118 0.494118
vn 0.5172248 0.0005648 0.8558494
v 0.0025922 0.0074985 0.0042606 0.494118 0.494118 0.494118
vn 0.5172248 0.0005648 0.8558494
v 0.0025925 0.0069985 0.0042607 0.494118 0.494118 0.494118
vn 0.4216592 0.0005304 0.9067543
v 0.0021144 0.0074983 0.0045151 0.494118 0.494118 0.494118
vn 0.4216592 0.0005304 0.9067543
v 0.0021146 0.0069983 0.0045153 0.494118 0.494118 0.494118
vn 0.3211500 0.0004897 0.9470282
v 0.0016118 0.0074981 0.0047165 0.494118 0.494118 0.494118
vn 0.3211500 0.0004897 0.9470282
v 0.0016121 0.0069981 0.0047166 0.494118 0.494118 0.494118
vn 0.2168757 0.0004434 0.9761992
v 0.0010905 0.0074979 0.0048623 0.494118 0.494118 0.494118
vn 0.2168757 0.0004434 0.9761992
v 0.0010907 0.0069979 0.0048625 0.494118 0.494118 0.494118
vn 0.1100586 0.0003918 0.9939250
v 0.0005564 0.0074976 0.0049509 0.494118 0.494118 0.494118
vn 0.1100586 0.0003918 0.9939250
v 0.0005566 0.0069976 0.0049511 0.494118 0.494118 0.494118
vn 0.0019512 0.0003356 0.9999980
v 0.0000158 0.0074974 0.0049813 0.494118 0.494118 0.494118
vn 0.0019512 0.0003356 0.9999980
v 0.0000161 0.0069974 0.0049815 0.494118 0.494118 0.494118
vn -0.1061790 0.0002755 0.9943470
v -0.0005248 0.0074971 0.0049530 0.494118 0.494118 0.494118
vn -0.1061790 0.0002755 0.9943470
v -0.0005246 0.0069971 0.0049532 0.494118 0.494118 0.494118
vn -0.2130644 0.0002122 0.9770381
v -0.0010592 0.0074967 0.0048665 0.494118 0.494118 0.494118
vn -0.2130644 0.0002122 0.9770381
v -0.0010590 0.0069968 0.0048667 0.494118 0.494118 0.494118
vn -0.3174518 0.0001464 0.9482744
v -0.0015812 0.0074964 0.0047227 0.494118 0.494118 0.494118
vn -0.3174518 0.0001464 0.9482744
v -0.0015809 0.0069964 0.0047229 0.494118 0.494118 0.494118
vn -0.4181174 0.0000789 0.9083930
v -0.0020845 0.0074961 0.0045233 0.494118 0.494118 0.494118
vn -0.4181174 0.0000789 0.9083930
v -0.0020842 0.0069961 0.0045234 0.494118 0.494118 0.494118
vn -0.5138809 0.0000104 0.8578616
v -0.0025633 0.0074957 0.0042706 0.494118 0.494118 0.494118
vn -0.5138809 0.0000104 0.8578616
v -0.0025631 0.0069957 0.0042708 0.494118 0.494118 0.494118
vn -0.6036196 -0.0000582 0.7972725
v -0.0030120 0.0074954 0.0039677 0.494118 0.494118 0.494118
vn -0.6036196 -0.0000582 0.7972725
v -0.0030118 0.0069954 0.0039678 0.494118 0.494118 0.494118
vn -0.6862815 -0.0001261 0.7273361
v -0.0034253 0.0074951 0.0036180 0.494118 0.494118 0.494118
vn -0.6862815 -0.0001261 0.7273361
v -0.0034251 0.0069951 0.0036182 0.494118 0.494118 0.494118
vn -0.7608973 -0.0001925 0.6488724
v -0.0037984 0.0074947 0.0032257 0.494118 0.494118 0.494118
vn -0.7608973 -0.0001925 0.6488724
v -0.0037981 0.0069947 0.0032258 0.494118 0.494118 0.494118
vn -0.8265924 -0.0002566 0.5628011
v -0.0041269 0.0074944 0.0027953 0.494118 0.494118 0.494118
vn -0.8265924 -0.0002566 0.5628011
v -0.0041266 0.0069944 0.0027955 0.494118 0.494118 0.494118
vn -0.8825963 -0.0003178 0.4701317
v -0.0044069 0.0074941 0.0023320 0.494118 0.494118 0.494118
vn -0.8825963 -0.0003178 0.4701317
v -0.0044066 0.0069941 0.0023321 0.494118 0.494118 0.494118
vn -0.9282526 -0.0003752 0.3719503
v -0.0046352 0.0074938 0.0018411 0.494118 0.494118 0.494118
vn -0.9282526 -0.0003752 0.3719503
v -0.0046349 0.0069938 0.0018412 0.494118 0.494118 0.494118
vn -0.9630260 -0.0004283 0.2694081
v -0.0048091 0.0074935 0.0013284 0.494118 0.494118 0.494118
vn -0.9630260 -0.0004283 0.2694081
v -0.0048088 0.0069935 0.0013285 0.494118 0.494118 0.494118
vn -0.9630260 -0.0004283 0.2694081
v -0.0048088 0.0069935 0.0013285 0.494118 0.494118 0.494118
vn -0.9630260 -0.0004283 0.2694081
v -0.0048091 0.0074935 0.0013284 0.494118 0.494118 0.494118
vn -0.9865088 -0.0004763 0.1637074
v -0.0049265 0.0074933 0.0007998 0.494118 0.494118 0.494118
vn -0.9865088 -0.0004763 0.1637074
v -0.0049262 0.0069933 0.0008000 0.494118 0.494118 0.494118
vn -0.9984258 -0.0005187 0.0560874
v -0.0049860 0.0074931 0.0002618 0.494118 0.494118 0.494118
vn -0.9984258 -0.0005187 0.0560874
v -0.0049858 0.0069931 0.0002619 0.494118 0.494118 0.494118
vn -0.9986370 -0.0005550 -0.0521902
v -0.0049871 0.0074929 -0.0002796 0.494118 0.494118 0.494118
vn -0.9986370 -0.0005550 -0.0521902
v -0.0049868 0.0069929 -0.0002795 0.494118 0.494118 0.494118
vn -0.9871402 -0.0005849 -0.1598559
v -0.0049296 0.0074928 -0.0008180 0.494118 0.494118 0.494118
vn -0.9871402 -0.0005849 -0.1598559
v -0.0049294 0.0069928 -0.0008178 0.494118 0.494118 0.494118
vn -0.9640701 -0.0006078 -0.2656475
v -0.0048143 0.0074927 -0.0013469 0.494118 0.494118 0.494118
vn -0.9640701 -0.0006078 -0.2656475
v -0.0048140 0.0069926 -0.0013468 0.494118 0.494118 0.494118
vn -0.9296970 -0.0006237 -0.3683246
v -0.0046424 0.0074926 -0.0018603 0.494118 0.494118 0.494118
vn -0.9296970 -0.0006237 -0.3683246
v -0.0046421 0.0069926 -0.0018601 0.494118 0.494118 0.494118
vn -0.8844243 -0.0006322 -0.4666834
v -0.0044160 0.0074925 -0.0023521 0.494118 0.494118 0.494118
vn -0.8844243 -0.0006322 -0.4666834
v -0.0044158 0.0069925 -0.0023519 0.494118 0.494118 0.494118
vn -0.8287824 -0.0006334 -0.5595708
v -0.0041378 0.0074925 -0.0028165 0.494118 0.494118 0.494118
vn -0.8287824 -0.0006334 -0.5595708
v -0.0041376 0.0069925 -0.0028164 0.494118 0.494118 0.494118
vn -0.7634237 -0.0006271 -0.6458977
v -0.0038110 0.0074926 -0.0032482 0.494118 0.494118 0.494118
vn -0.7634237 -0.0006271 -0.6458977
v -0.0038108 0.0069926 -0.0032480 0.494118 0.494118 0.494118
vn -0.6891147 -0.0006134 -0.7246521
v -0.0034395 0.0074926 -0.0036419 0.494118 0.494118 0.494118
vn -0.6891147 -0.0006134 -0.7246521
v -0.0034392 0.0069926 -0.0036418 0.494118 0.494118 0.494118
vn -0.6067263 -0.0005926 -0.7949106
v -0.0030276 0.0074927 -0.0039932 0.494118 0.494118 0.494118
vn -0.6067263 -0.0005926 -0.7949106
v -0.0030273 0.0069927 -0.0039931 0.494118 0.494118 0.494118
vn -0.5172248 -0.0005648 -0.8558494
v -0.0025800 0.0074929 -0.0042979 0.494118 0.494118 0.494118
vn -0.5172248 -0.0005648 -0.8558494
v -0.0025798 0.0069929 -0.0042978 0.494118 0.494118 0.494118
vn -0.4216592 -0.0005304 -0.9067543
v -0.0021022 0.0074930 -0.0045525 0.494118 0.494118 0.494118
vn -0.4216592 -0.0005304 -0.9067543
v -0.0021020 0.0069930 -0.0045523 0.494118 0.494118 0.494118
vn -0.3211500 -0.0004897 -0.9470282
v -0.0015997 0.0074932 -0.0047538 0.494118 0.494118 0.494118
vn -0.3211500 -0.0004897 -0.9470282
v -0.0015994 0.0069932 -0.0047537 0.494118 0.494118 0.494118
vn -0.2168757 -0.0004434 -0.9761992
v -0.0010783 0.0074935 -0.0048997 0.494118 0.494118 0.494118
vn -0.2168757 -0.0004434 -0.9761992
v -0.0010780 0.0069935 -0.0048995 0.494118 0.494118 0.494118
vn -0.1100586 -0.0003918 -0.9939250
v -0.0005442 0.0074937 -0.0049883 0.494118 0.494118 0.494118
vn -0.1100586 -0.0003918 -0.9939250
v -0.0005439 0.0069937 -0.0049881 0.494118 0.494118 0.494118
vn -0.0019512 -0.0003356 -0.9999980
v -0.0000037 0.0074940 -0.0050187 0.494118 0.494118 0.494118
vn -0.0019512 -0.0003356 -0.9999980
v -0.0000034 0.0069940 -0.0050185 0.494118 0.494118 0.494118
vn 0.1061790 -0.0002755 -0.9943470
v 0.0005370 0.0074943 -0.0049904 0.494118 0.494118 0.494118
vn 0.1061790 -0.0002755 -0.9943470
v 0.0005372 0.0069943 -0.0049903 0.494118 0.494118 0.494118
vn 0.2130644 -0.0002122 -0.9770381
v 0.0010714 0.0074946 -0.0049039 0.494118 0.494118 0.494118
vn 0.2130644 -0.0002122 -0.9770381
v 0.0010717 0.0069946 -0.0049037 0.494118 0.494118 0.494118
vn 0.3174518 -0.0001464 -0.9482744
v 0.0015933 0.0074950 -0.0047601 0.494118 0.494118 0.494118
vn 0.3174518 -0.0001464 -0.9482744
v 0.0015936 0.0069950 -0.0047599 0.494118 0.494118 0.494118
vn 0.4181174 -0.0000789 -0.9083930
v 0.0020967 0.0074953 -0.0045606 0.494118 0.494118 0.494118
vn 0.4181174 -0.0000789 -0.9083930
v 0.0020969 0.0069953 -0.0045605 0.494118 0.494118 0.494118
vn 0.5138809 -0.0000104 -0.8578616
v 0.0025755 0.0074956 -0.0043080 0.494118 0.494118 0.494118
vn 0.5138809 -0.0000104 -0.8578616
v 0.0025758 0.0069956 -0.0043078 0.494118 0.494118 0.494118
vn 0.6036196 0.0000582 -0.7972725
v 0.0030242 0.0074960 -0.0040050 0.494118 0.494118 0.494118
vn 0.6036196 0.0000582 -0.7972725
v 0.0030244 0.0069960 -0.0040049 0.494118 0.494118 0.494118
vn 0.6862815 0.0001261 -0.7273361
v 0.0034375 0.0074963 -0.0036554 0.494118 0.494118 0.494118
vn 0.6862815 0.0001261 -0.7273361
v 0.0034378 0.0069963 -0.0036552 0.494118 0.494118 0.494118
vn 0.7608973 0.0001925 -0.6488724
v 0.0038106 0.0074966 -0.0032630 0.494118 0.494118 0.494118
vn 0.7608973 0.0001925 -0.6488724
v 0.0038108 0.0069966 -0.0032629 0.494118 0.494118 0.494118
vn 0.8265924 0.0002566 -0.5628011
v 0.0041390 0.0074970 -0.0028327 0.494118 0.494118 0.494118
vn 0.8265924 0.0002566 -0.5628011
v 0.0041393 0.0069970 -0.0028325 0.494118 0.494118 0.494118
vn 0.8825963 0.0003178 -0.4701317
v 0.0044191 0.0074973 -0.0023693 0.494118 0.494118 0.494118
vn 0.8825963 0.0003178 -0.4701317
v 0.0044193 0.0069973 -0.0023692 0.494118 0.494118 0.494118
vn 0.9282526 0.0003752 -0.3719503
v 0.0046473 0.0074976 -0.0018784 0.494118 0.494118 0.494118
vn 0.9282526 0.0003752 -0.3719503
v 0.0046476 0.0069976 -0.0018783 0.494118 0.494118 0.494118
vn 0.9630260 0.0004283 -0.2694081
v 0.0048212 0.0074978 -0.0013657 0.494118 0.494118 0.494118
vn 0.9630260 0.0004283 -0.2694081
v 0.0048215 0.0069978 -0.0013656 0.494118 0.494118 0.494118
vn -0.0005383 0.9999998 -0.0003346
v 0.0163233 0.0070039 -0.0017843 0.039216 0.039216 0.039216
vn -0.0005383 0.9999998 -0.0003346
v 0.0046548 0.0069988 0.0018231 0.039216 0.039216 0.039216
vn -0.0005383 0.9999998 -0.0003346
v 0.0044285 0.0069989 0.0023149 0.039216 0.039216 0.039216
vn -0.0005383 0.9999998 -0.0003346
v 0.0049421 0.0069986 0.0007808 0.039216 0.039216 0.039216
vn -0.0005383 0.9999998 -0.0003346
v 0.0048267 0.0069987 0.0013097 0.039216 0.039216 0.039216
vn -0.0005383 0.9999998 -0.0003346
v 0.0049985 0.0069983 -0.0002990 0.039216 0.039216 0.039216
vn -0.0005383 0.9999998 -0.0003346
v 0.0153411 0.0070032 -0.0022363 0.039216 0.039216 0.039216
vn -0.0005383 0.9999998 -0.0003346
v 0.0148924 0.0070029 -0.0025393 0.039216 0.039216 0.039216
vn -0.0005383 0.9999998 -0.0003346
v -0.0009969 0.0069975 0.0069810 0.039216 0.039216 0.039216
vn -0.0005383 0.9999998 -0.0003346
v -0.0015809 0.0069964 0.0047229 0.039216 0.039216 0.039216
vn -0.0005383 0.9999998 -0.0003346
v -0.0020842 0.0069961 0.0045234 0.039216 0.039216 0.039216
vn -0.0005383 0.9999998 -0.0003346
v 0.0038235 0.0069988 0.0032110 0.039216 0.039216 0.039216
vn -0.0005383 0.9999998 -0.0003346
v 0.0034519 0.0069988 0.0036047 0.039216 0.039216 0.039216
vn -0.0005383 0.9999998 -0.0003346
v 0.0049389 0.0069981 -0.0008371 0.039216 0.039216 0.039216
vn -0.0005383 0.9999998 -0.0003346
v 0.0049995 0.0069985 0.0002424 0.039216 0.039216 0.039216
vn -0.0005383 0.9999998 -0.0003346
v 0.0158199 0.0070035 -0.0019837 0.039216 0.039216 0.039216
vn -0.0005383 0.9999998 -0.0003346
v 0.0200188 0.0070058 -0.0019919 0.039216 0.039216 0.039216
vn -0.0005383 0.9999998 -0.0003346
v 0.0112691 0.0070025 0.0022721 0.039216 0.039216 0.039216
vn -0.0005383 0.9999998 -0.0003346
v 0.0199600 0.0070061 -0.0008865 0.039216 0.039216 0.039216
vn -0.0005383 0.9999998 -0.0003346
v 0.0105191 0.0070022 0.0025888 0.039216 0.039216 0.039216
vn -0.0005383 0.9999998 -0.0003346
v -0.0059969 0.0069948 0.0069787 0.039216 0.039216 0.039216
vn -0.0005383 0.9999998 -0.0003346
v 0.0030400 0.0069987 0.0039560 0.039216 0.039216 0.039216
vn -0.0005383 0.9999998 -0.0003346
v 0.0041503 0.0069989 0.0027793 0.039216 0.039216 0.039216
vn -0.0005383 0.9999998 -0.0003346
v 0.0134975 0.0070016 -0.0041750 0.039216 0.039216 0.039216
vn -0.0005383 0.9999998 -0.0003346
v 0.0132693 0.0070013 -0.0046659 0.039216 0.039216 0.039216
vn -0.0005383 0.9999998 -0.0003346
v 0.0048215 0.0069978 -0.0013656 0.039216 0.039216 0.039216
vn -0.0005383 0.9999998 -0.0003346
v 0.0205577 0.0070064 -0.0011412 0.039216 0.039216 0.039216
vn -0.0005383 0.9999998 -0.0003346
v 0.0211243 0.0070066 -0.0014590 0.039216 0.039216 0.039216
vn -0.0005383 0.9999998 -0.0003346
v 0.0204967 0.0070060 -0.0022464 0.039216 0.039216 0.039216
vn -0.0005383 0.9999998 -0.0003346
v -0.0025631 0.0069957 0.0042708 0.039216 0.039216 0.039216
vn -0.0005383 0.9999998 -0.0003346
v -0.0005246 0.0069971 0.0049532 0.039216 0.039216 0.039216
vn -0.0005383 0.9999998 -0.0003346
v -0.0010590 0.0069968 0.0048667 0.039216 0.039216 0.039216
vn -0.0005383 0.9999998 -0.0003346
v 0.0010907 0.0069979 0.0048625 0.039216 0.039216 0.039216
vn -0.0005383 0.9999998 -0.0003346
v 0.0005566 0.0069976 0.0049511 0.039216 0.039216 0.039216
vn -0.0005383 0.9999998 -0.0003346
v 0.0021146 0.0069983 0.0045153 0.039216 0.039216 0.039216
vn -0.0005383 0.9999998 -0.0003346
v 0.0016121 0.0069981 0.0047166 0.039216 0.039216 0.039216
vn -0.0005383 0.9999998 -0.0003346
v 0.0025925 0.0069985 0.0042607 0.039216 0.039216 0.039216
vn -0.0005383 0.9999998 -0.0003346
v 0.0046476 0.0069976 -0.0018783 0.039216 0.039216 0.039216
vn -0.0005383 0.9999998 -0.0003346
v 0.0137776 0.0070019 -0.0037116 0.039216 0.039216 0.039216
vn -0.0005383 0.9999998 -0.0003346
v 0.0144791 0.0070025 -0.0028890 0.039216 0.039216 0.039216
vn -0.0005383 0.9999998 -0.0003346
v -0.0020431 0.0069927 -0.0056576 0.039216 0.039216 0.039216
vn -0.0005383 0.9999998 -0.0003346
v -0.0000034 0.0069940 -0.0050185 0.039216 0.039216 0.039216
vn -0.0005383 0.9999998 -0.0003346
v 0.0005372 0.0069943 -0.0049903 0.039216 0.039216 0.039216
vn -0.0005383 0.9999998 -0.0003346
v -0.0026057 0.0069925 -0.0054201 0.039216 0.039216 0.039216
vn -0.0005383 0.9999998 -0.0003346
v -0.0031411 0.0069923 -0.0051267 0.039216 0.039216 0.039216
vn -0.0005383 0.9999998 -0.0003346
v -0.0025798 0.0069929 -0.0042978 0.039216 0.039216 0.039216
vn -0.0005383 0.9999998 -0.0003346
v -0.0036440 0.0069921 -0.0047803 0.039216 0.039216 0.039216
vn -0.0005383 0.9999998 -0.0003346
v -0.0030273 0.0069927 -0.0039931 0.039216 0.039216 0.039216
vn -0.0005383 0.9999998 -0.0003346
v 0.0085146 0.0070016 0.0039694 0.039216 0.039216 0.039216
vn -0.0005383 0.9999998 -0.0003346
v 0.0091346 0.0070018 0.0034418 0.039216 0.039216 0.039216
vn -0.0005383 0.9999998 -0.0003346
v 0.0074507 0.0070014 0.0051992 0.039216 0.039216 0.039216
vn -0.0005383 0.9999998 -0.0003346
v 0.0079513 0.0070015 0.0045572 0.039216 0.039216 0.039216
vn -0.0005383 0.9999998 -0.0003346
v 0.0000161 0.0069974 0.0049815 0.039216 0.039216 0.039216
vn -0.0005383 0.9999998 -0.0003346
v 0.0141060 0.0070022 -0.0032813 0.039216 0.039216 0.039216
vn -0.0005383 0.9999998 -0.0003346
v 0.0044193 0.0069973 -0.0023692 0.039216 0.039216 0.039216
vn -0.0005383 0.9999998 -0.0003346
v 0.0130954 0.0070010 -0.0051786 0.039216 0.039216 0.039216
vn -0.0005383 0.9999998 -0.0003346
v -0.0005439 0.0069937 -0.0049881 0.039216 0.039216 0.039216
vn -0.0005383 0.9999998 -0.0003346
v -0.0015994 0.0069932 -0.0047537 0.039216 0.039216 0.039216
vn -0.0005383 0.9999998 -0.0003346
v -0.0010780 0.0069935 -0.0048995 0.039216 0.039216 0.039216
vn -0.0005383 0.9999998 -0.0003346
v -0.0021020 0.0069930 -0.0045523 0.039216 0.039216 0.039216
vn -0.0005383 0.9999998 -0.0003346
v 0.0098051 0.0070020 0.0029800 0.039216 0.039216 0.039216
vn -0.0005383 0.9999998 -0.0003346
v 0.0066575 0.0070015 0.0066188 0.039216 0.039216 0.039216
vn -0.0005383 0.9999998 -0.0003346
v 0.0070179 0.0070014 0.0058888 0.039216 0.039216 0.039216
vn -0.0005383 0.9999998 -0.0003346
v 0.0208816 0.0070030 -0.0117384 0.039216 0.039216 0.039216
vn -0.0005383 0.9999998 -0.0003346
v 0.0203006 0.0070026 -0.0120291 0.039216 0.039216 0.039216
vn -0.0005383 0.9999998 -0.0003346
v 0.0200011 0.0070028 -0.0110676 0.039216 0.039216 0.039216
vn -0.0005383 0.9999998 -0.0003346
v 0.0196916 0.0070022 -0.0122552 0.039216 0.039216 0.039216
vn -0.0005383 0.9999998 -0.0003346
v 0.0194978 0.0070024 -0.0112670 0.039216 0.039216 0.039216
vn -0.0005383 0.9999998 -0.0003346
v 0.0144650 0.0070001 -0.0101489 0.039216 0.039216 0.039216
vn -0.0005383 0.9999998 -0.0003346
v 0.0148769 0.0070002 -0.0105002 0.039216 0.039216 0.039216
vn -0.0005383 0.9999998 -0.0003346
v 0.0129780 0.0070008 -0.0057071 0.039216 0.039216 0.039216
vn -0.0005383 0.9999998 -0.0003346
v 0.0041393 0.0069970 -0.0028325 0.039216 0.039216 0.039216
vn -0.0005383 0.9999998 -0.0003346
v 0.0030244 0.0069960 -0.0040049 0.039216 0.039216 0.039216
vn -0.0005383 0.9999998 -0.0003346
v 0.0034378 0.0069963 -0.0036552 0.039216 0.039216 0.039216
vn -0.0005383 0.9999998 -0.0003346
v 0.0129173 0.0070004 -0.0067866 0.039216 0.039216 0.039216
vn -0.0005383 0.9999998 -0.0003346
v 0.0010717 0.0069946 -0.0049037 0.039216 0.039216 0.039216
vn -0.0005383 0.9999998 -0.0003346
v 0.0015936 0.0069950 -0.0047599 0.039216 0.039216 0.039216
vn -0.0005383 0.9999998 -0.0003346
v 0.0063732 0.0070016 0.0073817 0.039216 0.039216 0.039216
vn -0.0005383 0.9999998 -0.0003346
v 0.0236523 0.0070057 -0.0082668 0.039216 0.039216 0.039216
vn -0.0005383 0.9999998 -0.0003346
v 0.0234304 0.0070053 -0.0088774 0.039216 0.039216 0.039216
vn -0.0005383 0.9999998 -0.0003346
v 0.0225518 0.0070050 -0.0083854 0.039216 0.039216 0.039216
vn -0.0005383 0.9999998 -0.0003346
v 0.0231438 0.0070050 -0.0094604 0.039216 0.039216 0.039216
vn -0.0005383 0.9999998 -0.0003346
v 0.0223235 0.0070047 -0.0088763 0.039216 0.039216 0.039216
vn -0.0005383 0.9999998 -0.0003346
v 0.0214278 0.0070034 -0.0113866 0.039216 0.039216 0.039216
vn -0.0005383 0.9999998 -0.0003346
v 0.0204799 0.0070031 -0.0108150 0.039216 0.039216 0.039216
vn -0.0005383 0.9999998 -0.0003346
v 0.0177689 0.0070011 -0.0125240 0.039216 0.039216 0.039216
vn -0.0005383 0.9999998 -0.0003346
v 0.0171212 0.0070007 -0.0124735 0.039216 0.039216 0.039216
vn -0.0005383 0.9999998 -0.0003346
v 0.0173602 0.0070012 -0.0114953 0.039216 0.039216 0.039216
vn -0.0005383 0.9999998 -0.0003346
v 0.0140934 0.0070000 -0.0097551 0.039216 0.039216 0.039216
vn -0.0005383 0.9999998 -0.0003346
v 0.0130902 0.0070001 -0.0078539 0.039216 0.039216 0.039216
vn -0.0005383 0.9999998 -0.0003346
v 0.0132620 0.0070000 -0.0083673 0.039216 0.039216 0.039216
vn -0.0005383 0.9999998 -0.0003346
v 0.0038108 0.0069966 -0.0032629 0.039216 0.039216 0.039216
vn -0.0005383 0.9999998 -0.0003346
v -0.0041091 0.0069920 -0.0043847 0.039216 0.039216 0.039216
vn -0.0005383 0.9999998 -0.0003346
v -0.0034392 0.0069926 -0.0036418 0.039216 0.039216 0.039216
vn -0.0005383 0.9999998 -0.0003346
v -0.0045315 0.0069919 -0.0039438 0.039216 0.039216 0.039216
vn -0.0005383 0.9999998 -0.0003346
v -0.0038108 0.0069926 -0.0032480 0.039216 0.039216 0.039216
vn -0.0005383 0.9999998 -0.0003346
v 0.0060436 0.0070020 0.0089741 0.039216 0.039216 0.039216
vn -0.0005383 0.9999998 -0.0003346
v 0.0061678 0.0070017 0.0081695 0.039216 0.039216 0.039216
vn -0.0005383 0.9999998 -0.0003346
v -0.0010042 0.0070027 0.0225950 0.039216 0.039216 0.039216
vn -0.0005383 0.9999998 -0.0003346
v 0.0059958 0.0070065 0.0225983 0.039216 0.039216 0.039216
vn -0.0005383 0.9999998 -0.0003346
v 0.0060018 0.0070022 0.0097872 0.039216 0.039216 0.039216
vn -0.0005383 0.9999998 -0.0003346
v 0.0235353 0.0070069 -0.0044370 0.039216 0.039216 0.039216
vn -0.0005383 0.9999998 -0.0003346
v 0.0237281 0.0070068 -0.0050574 0.039216 0.039216 0.039216
vn -0.0005383 0.9999998 -0.0003346
v 0.0227309 0.0070062 -0.0051974 0.039216 0.039216 0.039216
vn -0.0005383 0.9999998 -0.0003346
v 0.0238528 0.0070066 -0.0056950 0.039216 0.039216 0.039216
vn -0.0005383 0.9999998 -0.0003346
v 0.0228462 0.0070061 -0.0057264 0.039216 0.039216 0.039216
vn -0.0005383 0.9999998 -0.0003346
v 0.0227958 0.0070046 -0.0100091 0.039216 0.039216 0.039216
vn -0.0005383 0.9999998 -0.0003346
v 0.0220435 0.0070044 -0.0093397 0.039216 0.039216 0.039216
vn -0.0005383 0.9999998 -0.0003346
v 0.0223905 0.0070042 -0.0105168 0.039216 0.039216 0.039216
vn -0.0005383 0.9999998 -0.0003346
v 0.0219328 0.0070038 -0.0109778 0.039216 0.039216 0.039216
vn -0.0005383 0.9999998 -0.0003346
v 0.0213419 0.0070038 -0.0101623 0.039216 0.039216 0.039216
vn -0.0005383 0.9999998 -0.0003346
v 0.0209286 0.0070034 -0.0105120 0.039216 0.039216 0.039216
vn -0.0005383 0.9999998 -0.0003346
v 0.0190617 0.0070018 -0.0124142 0.039216 0.039216 0.039216
vn -0.0005383 0.9999998 -0.0003346
v 0.0189759 0.0070021 -0.0114108 0.039216 0.039216 0.039216
vn -0.0005383 0.9999998 -0.0003346
v 0.0179008 0.0070015 -0.0115256 0.039216 0.039216 0.039216
vn -0.0005383 0.9999998 -0.0003346
v 0.0179133 0.0070011 -0.0125257 0.039216 0.039216 0.039216
vn -0.0005383 0.9999998 -0.0003346
v 0.0164827 0.0070004 -0.0123533 0.039216 0.039216 0.039216
vn -0.0005383 0.9999998 -0.0003346
v 0.0168261 0.0070009 -0.0114066 0.039216 0.039216 0.039216
vn -0.0005383 0.9999998 -0.0003346
v 0.0158610 0.0070002 -0.0121648 0.039216 0.039216 0.039216
vn -0.0005383 0.9999998 -0.0003346
v 0.0163048 0.0070007 -0.0112608 0.039216 0.039216 0.039216
vn -0.0005383 0.9999998 -0.0003346
v 0.0137666 0.0070000 -0.0093235 0.039216 0.039216 0.039216
vn -0.0005383 0.9999998 -0.0003346
v 0.0134884 0.0070000 -0.0088591 0.039216 0.039216 0.039216
vn -0.0005383 0.9999998 -0.0003346
v -0.0059936 0.0069925 -0.0000213 0.039216 0.039216 0.039216
vn -0.0005383 0.9999998 -0.0003346
v -0.0048088 0.0069935 0.0013285 0.039216 0.039216 0.039216
vn -0.0005383 0.9999998 -0.0003346
v -0.0041266 0.0069944 0.0027955 0.039216 0.039216 0.039216
vn -0.0005383 0.9999998 -0.0003346
v -0.0044066 0.0069941 0.0023321 0.039216 0.039216 0.039216
vn -0.0005383 0.9999998 -0.0003346
v 0.0168452 0.0070042 -0.0016405 0.039216 0.039216 0.039216
vn -0.0005383 0.9999998 -0.0003346
v 0.0179203 0.0070048 -0.0015257 0.039216 0.039216 0.039216
vn -0.0005383 0.9999998 -0.0003346
v 0.0173796 0.0070045 -0.0015539 0.039216 0.039216 0.039216
vn -0.0005383 0.9999998 -0.0003346
v 0.0129184 0.0070006 -0.0062452 0.039216 0.039216 0.039216
vn -0.0005383 0.9999998 -0.0003346
v 0.0020969 0.0069953 -0.0045605 0.039216 0.039216 0.039216
vn -0.0005383 0.9999998 -0.0003346
v 0.0025758 0.0069956 -0.0043078 0.039216 0.039216 0.039216
vn -0.0005383 0.9999998 -0.0003346
v -0.0049070 0.0069919 -0.0034623 0.039216 0.039216 0.039216
vn -0.0005383 0.9999998 -0.0003346
v -0.0041376 0.0069925 -0.0028164 0.039216 0.039216 0.039216
vn -0.0005383 0.9999998 -0.0003346
v 0.0216533 0.0070067 -0.0018361 0.039216 0.039216 0.039216
vn -0.0005383 0.9999998 -0.0003346
v 0.0209442 0.0070061 -0.0025511 0.039216 0.039216 0.039216
vn -0.0005383 0.9999998 -0.0003346
v 0.0221384 0.0070069 -0.0022683 0.039216 0.039216 0.039216
vn -0.0005383 0.9999998 -0.0003346
v 0.0213561 0.0070062 -0.0029024 0.039216 0.039216 0.039216
vn -0.0005383 0.9999998 -0.0003346
v 0.0225739 0.0070069 -0.0027504 0.039216 0.039216 0.039216
vn -0.0005383 0.9999998 -0.0003346
v 0.0229548 0.0070070 -0.0032767 0.039216 0.039216 0.039216
vn -0.0005383 0.9999998 -0.0003346
v 0.0220544 0.0070063 -0.0037278 0.039216 0.039216 0.039216
vn -0.0005383 0.9999998 -0.0003346
v 0.0232765 0.0070069 -0.0038411 0.039216 0.039216 0.039216
vn -0.0005383 0.9999998 -0.0003346
v 0.0223327 0.0070063 -0.0041922 0.039216 0.039216 0.039216
vn -0.0005383 0.9999998 -0.0003346
v 0.0225590 0.0070063 -0.0046840 0.039216 0.039216 0.039216
vn -0.0005383 0.9999998 -0.0003346
v 0.0239077 0.0070064 -0.0063423 0.039216 0.039216 0.039216
vn -0.0005383 0.9999998 -0.0003346
v 0.0238924 0.0070062 -0.0069918 0.039216 0.039216 0.039216
vn -0.0005383 0.9999998 -0.0003346
v 0.0229027 0.0070057 -0.0068061 0.039216 0.039216 0.039216
vn -0.0005383 0.9999998 -0.0003346
v 0.0238069 0.0070060 -0.0076358 0.039216 0.039216 0.039216
vn -0.0005383 0.9999998 -0.0003346
v 0.0228431 0.0070055 -0.0073442 0.039216 0.039216 0.039216
vn -0.0005383 0.9999998 -0.0003346
v 0.0217150 0.0070041 -0.0097700 0.039216 0.039216 0.039216
vn -0.0005383 0.9999998 -0.0003346
v 0.0158022 0.0070005 -0.0110594 0.039216 0.039216 0.039216
vn -0.0005383 0.9999998 -0.0003346
v 0.0153244 0.0070003 -0.0108049 0.039216 0.039216 0.039216
vn -0.0005383 0.9999998 -0.0003346
v -0.0046349 0.0069938 0.0018412 0.039216 0.039216 0.039216
vn -0.0005383 0.9999998 -0.0003346
v -0.0037981 0.0069947 0.0032258 0.039216 0.039216 0.039216
vn -0.0005383 0.9999998 -0.0003346
v 0.0195163 0.0070056 -0.0017905 0.039216 0.039216 0.039216
vn -0.0005383 0.9999998 -0.0003346
v 0.0217276 0.0070063 -0.0032962 0.039216 0.039216 0.039216
vn -0.0005383 0.9999998 -0.0003346
v 0.0229037 0.0070059 -0.0062647 0.039216 0.039216 0.039216
vn -0.0005383 0.9999998 -0.0003346
v 0.0227257 0.0070053 -0.0078727 0.039216 0.039216 0.039216
vn -0.0005383 0.9999998 -0.0003346
v 0.0184183 0.0070014 -0.0125041 0.039216 0.039216 0.039216
vn -0.0005383 0.9999998 -0.0003346
v 0.0184414 0.0070018 -0.0114974 0.039216 0.039216 0.039216
vn -0.0005383 0.9999998 -0.0003346
v -0.0049858 0.0069931 0.0002619 0.039216 0.039216 0.039216
vn -0.0005383 0.9999998 -0.0003346
v -0.0049868 0.0069929 -0.0002795 0.039216 0.039216 0.039216
vn -0.0005383 0.9999998 -0.0003346
v -0.0030118 0.0069954 0.0039678 0.039216 0.039216 0.039216
vn -0.0005383 0.9999998 -0.0003346
v -0.0034251 0.0069951 0.0036182 0.039216 0.039216 0.039216
vn -0.0005383 0.9999998 -0.0003346
v 0.0189949 0.0070054 -0.0016447 0.039216 0.039216 0.039216
vn -0.0005383 0.9999998 -0.0003346
v -0.0057151 0.0069920 -0.0018254 0.039216 0.039216 0.039216
vn -0.0005383 0.9999998 -0.0003346
v -0.0048140 0.0069926 -0.0013468 0.039216 0.039216 0.039216
vn -0.0005383 0.9999998 -0.0003346
v -0.0046421 0.0069926 -0.0018601 0.039216 0.039216 0.039216
vn -0.0005383 0.9999998 -0.0003346
v -0.0058691 0.0069921 -0.0012346 0.039216 0.039216 0.039216
vn -0.0005383 0.9999998 -0.0003346
v -0.0049294 0.0069928 -0.0008178 0.039216 0.039216 0.039216
vn -0.0005383 0.9999998 -0.0003346
v 0.0129748 0.0070002 -0.0073249 0.039216 0.039216 0.039216
vn -0.0005383 0.9999998 -0.0003346
v -0.0049262 0.0069933 0.0008000 0.039216 0.039216 0.039216
vn -0.0005383 0.9999998 -0.0003346
v 0.0184608 0.0070051 -0.0015560 0.039216 0.039216 0.039216
vn -0.0005383 0.9999998 -0.0003346
v -0.0052315 0.0069919 -0.0029451 0.039216 0.039216 0.039216
vn -0.0005383 0.9999998 -0.0003346
v -0.0044158 0.0069925 -0.0023519 0.039216 0.039216 0.039216
vn -0.0005383 0.9999998 -0.0003346
v -0.0055018 0.0069919 -0.0023976 0.039216 0.039216 0.039216
vn -0.0005383 0.9999998 -0.0003346
v -0.0059623 0.0069923 -0.0006311 0.039216 0.039216 0.039216
vn 0.0004058 0.1077866 -0.9941740
v -0.0010046 0.0069490 0.0235921 0.039216 0.039216 0.039216
vn 0.0004668 -0.0003343 -0.9999998
v -0.0010047 0.0070030 0.0235950 0.039216 0.039216 0.039216
vn 0.0004668 -0.0003343 -0.9999998
v 0.0059953 0.0070068 0.0235983 0.039216 0.039216 0.039216
vn 0.0003401 0.2146439 -0.9766923
v -0.0010046 0.0068956 0.0235834 0.039216 0.039216 0.039216
vn 0.0004058 0.1077866 -0.9941740
v 0.0059954 0.0069528 0.0235954 0.039216 0.039216 0.039216
vn 0.0002705 0.3189846 -0.9477599
v -0.0010046 0.0068434 0.0235689 0.039216 0.039216 0.039216
vn 0.0003401 0.2146439 -0.9766923
v 0.0059954 0.0068993 0.0235866 0.039216 0.039216 0.039216
vn 0.0001976 0.4195856 -0.9077158
v -0.0010045 0.0067931 0.0235489 0.039216 0.039216 0.039216
vn 0.0002705 0.3189846 -0.9477599
v 0.0059954 0.0068472 0.0235722 0.039216 0.039216 0.039216
vn 0.0001224 0.5152673 -0.8570296
v -0.0010045 0.0067452 0.0235235 0.039216 0.039216 0.039216
vn 0.0001976 0.4195856 -0.9077158
v 0.0059955 0.0067969 0.0235521 0.039216 0.039216 0.039216
vn 0.0000458 0.6049080 -0.7962954
v -0.0010045 0.0067004 0.0234932 0.039216 0.039216 0.039216
vn 0.0001224 0.5152673 -0.8570296
v 0.0059955 0.0067490 0.0235268 0.039216 0.039216 0.039216
vn -0.0000313 0.6874565 -0.7262255
v -0.0010044 0.0066592 0.0234581 0.039216 0.039216 0.039216
vn 0.0000458 0.6049080 -0.7962954
v 0.0059955 0.0067042 0.0234964 0.039216 0.039216 0.039216
vn -0.0001081 0.7619454 -0.6476412
v -0.0010044 0.0066219 0.0234188 0.039216 0.039216 0.039216
vn -0.0000313 0.6874565 -0.7262255
v 0.0059956 0.0066629 0.0234614 0.039216 0.039216 0.039216
vn -0.0001836 0.8275012 -0.5614640
v -0.0010043 0.0065891 0.0233757 0.039216 0.039216 0.039216
vn -0.0001081 0.7619454 -0.6476412
v 0.0059956 0.0066257 0.0234221 0.039216 0.039216 0.039216
vn -0.0002569 0.8833553 -0.4687040
v -0.0010043 0.0065612 0.0233294 0.039216 0.039216 0.039216
vn -0.0001836 0.8275012 -0.5614640
v 0.0059956 0.0065929 0.0233790 0.039216 0.039216 0.039216
vn -0.0003273 0.9288528 -0.3704490
v -0.0010043 0.0065385 0.0232802 0.039216 0.039216 0.039216
vn -0.0002569 0.8833553 -0.4687040
v 0.0059957 0.0065650 0.0233326 0.039216 0.039216 0.039216
vn -0.0003938 0.9634603 -0.2678507
v -0.0010042 0.0065211 0.0232289 0.039216 0.039216 0.039216
vn -0.0003273 0.9288528 -0.3704490
v 0.0059957 0.0065422 0.0232835 0.039216 0.039216 0.039216
vn -0.0004557 0.9867722 -0.1621122
v -0.0010042 0.0065095 0.0231761 0.039216 0.039216 0.039216
vn -0.0003938 0.9634603 -0.2678507
v 0.0059958 0.0065249 0.0232322 0.039216 0.039216 0.039216
vn -0.0005122 0.9985151 -0.0544730
v -0.0010042 0.0065036 0.0231222 0.039216 0.039216 0.039216
vn -0.0004557 0.9867722 -0.1621122
v 0.0059958 0.0065133 0.0231793 0.039216 0.039216 0.039216
vn -0.0005383 0.9999998 -0.0003346
v 0.0059958 0.0065066 0.0230984 0.039216 0.039216 0.039216
vn -0.0005627 0.9985514 0.0538048
v 0.0059958 0.0065074 0.0230714 0.039216 0.039216 0.039216
vn -0.0005627 0.9985514 0.0538048
v -0.0010042 0.0065036 0.0230681 0.039216 0.039216 0.039216
vn -0.0005383 0.9999998 -0.0003346
v -0.0010042 0.0065029 0.0230952 0.039216 0.039216 0.039216
vn -0.0005122 0.9985151 -0.0544730
v 0.0059958 0.0065074 0.0231255 0.039216 0.039216 0.039216
vn -0.0006067 0.9868804 0.1614518
v -0.0010041 0.0065094 0.0230143 0.039216 0.039216 0.039216
vn -0.0006435 0.9636393 0.2672059
v -0.0010041 0.0065211 0.0229614 0.039216 0.039216 0.039216
vn -0.0006067 0.9868804 0.1614518
v 0.0059959 0.0065132 0.0230175 0.039216 0.039216 0.039216
vn -0.0006728 0.9291003 0.3698273
v -0.0010041 0.0065383 0.0229101 0.039216 0.039216 0.039216
vn -0.0006435 0.9636393 0.2672059
v 0.0059959 0.0065248 0.0229647 0.039216 0.039216 0.039216
vn -0.0006942 0.8836685 0.4681128
v -0.0010041 0.0065610 0.0228610 0.039216 0.039216 0.039216
vn -0.0006728 0.9291003 0.3698273
v 0.0059959 0.0065421 0.0229134 0.039216 0.039216 0.039216
vn -0.0007075 0.8278765 0.5609100
v -0.0010041 0.0065889 0.0228146 0.039216 0.039216 0.039216
vn -0.0006942 0.8836685 0.4681128
v 0.0059959 0.0065648 0.0228642 0.039216 0.039216 0.039216
vn -0.0007124 0.7623783 0.6471312
v -0.0010041 0.0066217 0.0227714 0.039216 0.039216 0.039216
vn -0.0007075 0.8278765 0.5609100
v 0.0059959 0.0065927 0.0228178 0.039216 0.039216 0.039216
vn -0.0007090 0.6879420 0.7257653
v -0.0010041 0.0066589 0.0227321 0.039216 0.039216 0.039216
vn -0.0007124 0.7623783 0.6471312
v 0.0059959 0.0066255 0.0227747 0.039216 0.039216 0.039216
vn -0.0006973 0.6054403 0.7958905
v -0.0010041 0.0067002 0.0226971 0.039216 0.039216 0.039216
vn -0.0007090 0.6879420 0.7257653
v 0.0059959 0.0066627 0.0227354 0.039216 0.039216 0.039216
vn -0.0006775 0.5158402 0.8566846
v -0.0010041 0.0067450 0.0226667 0.039216 0.039216 0.039216
vn -0.0006973 0.6054403 0.7958905
v 0.0059959 0.0067039 0.0227003 0.039216 0.039216 0.039216
vn -0.0006496 0.4201925 0.9074348
v -0.0010041 0.0067928 0.0226413 0.039216 0.039216 0.039216
vn -0.0006775 0.5158402 0.8566846
v 0.0059959 0.0067487 0.0226699 0.039216 0.039216 0.039216
vn -0.0006142 0.3196183 0.9475462
v -0.0010041 0.0068431 0.0226212 0.039216 0.039216 0.039216
vn -0.0006496 0.4201925 0.9074348
v 0.0059959 0.0067966 0.0226446 0.039216 0.039216 0.039216
vn -0.0005716 0.2152969 0.9765485
v -0.0010042 0.0068952 0.0226067 0.039216 0.039216 0.039216
vn -0.0006142 0.3196183 0.9475462
v 0.0059959 0.0068468 0.0226245 0.039216 0.039216 0.039216
vn -0.0005222 0.1084514 0.9941016
v -0.0010042 0.0069487 0.0225980 0.039216 0.039216 0.039216
vn -0.0005716 0.2152969 0.9765485
v 0.0059958 0.0068990 0.0226100 0.039216 0.039216 0.039216
vn -0.0004668 0.0003343 0.9999998
v -0.0010042 0.0070027 0.0225950 0.039216 0.039216 0.039216
vn -0.0005222 0.1084514 0.9941016
v 0.0059958 0.0069524 0.0226012 0.039216 0.039216 0.039216
vn -0.0004668 0.0003343 0.9999998
v 0.0059958 0.0070065 0.0225983 0.039216 0.039216 0.039216
vn 0.3415815 0.0004983 0.9398521
v 0.0199600 0.0070061 -0.0008865 0.039216 0.039216 0.039216
vn 0.3415815 0.0004983 0.9398521
v 0.0199676 -0.0069938 -0.0008819 0.039216 0.039216 0.039216
vn 0.4411950 0.0005378 0.8974112
v 0.0205652 -0.0069936 -0.0011365 0.039216 0.039216 0.039216
vn 0.4411950 0.0005378 0.8974112
v 0.0205577 0.0070064 -0.0011412 0.039216 0.039216 0.039216
vn 0.5356359 0.0005709 0.8444489
v 0.0211319 -0.0069934 -0.0014543 0.039216 0.039216 0.039216
vn 0.5356359 0.0005709 0.8444489
v 0.0211243 0.0070066 -0.0014590 0.039216 0.039216 0.039216
vn 0.6237970 0.0005973 0.7815862
v 0.0216608 -0.0069933 -0.0018314 0.039216 0.039216 0.039216
vn 0.6237970 0.0005973 0.7815862
v 0.0216533 0.0070067 -0.0018361 0.039216 0.039216 0.039216
vn 0.7046446 0.0006167 0.7095602
v 0.0221459 -0.0069931 -0.0022636 0.039216 0.039216 0.039216
vn 0.7046446 0.0006167 0.7095602
v 0.0221384 0.0070069 -0.0022683 0.039216 0.039216 0.039216
vn 0.7772309 0.0006289 0.6292152
v 0.0225815 -0.0069931 -0.0027457 0.039216 0.039216 0.039216
vn 0.7772309 0.0006289 0.6292152
v 0.0225739 0.0070069 -0.0027504 0.039216 0.039216 0.039216
vn 0.8407049 0.0006337 0.5414932
v 0.0229623 -0.0069930 -0.0032720 0.039216 0.039216 0.039216
vn 0.8407049 0.0006337 0.5414932
v 0.0229548 0.0070070 -0.0032767 0.039216 0.039216 0.039216
vn 0.8943223 0.0006311 0.4474228
v 0.0232840 -0.0069931 -0.0038364 0.039216 0.039216 0.039216
vn 0.8943223 0.0006311 0.4474228
v 0.0232765 0.0070069 -0.0038411 0.039216 0.039216 0.039216
vn 0.9374548 0.0006211 0.3481067
v 0.0235428 -0.0069931 -0.0044323 0.039216 0.039216 0.039216
vn 0.9374548 0.0006211 0.3481067
v 0.0235353 0.0070069 -0.0044370 0.039216 0.039216 0.039216
vn 0.9695963 0.0006038 0.2447094
v 0.0237356 -0.0069932 -0.0050527 0.039216 0.039216 0.039216
vn 0.9695963 0.0006038 0.2447094
v 0.0237281 0.0070068 -0.0050574 0.039216 0.039216 0.039216
vn 0.9903703 0.0005794 0.1384431
v 0.0238603 -0.0069934 -0.0056903 0.039216 0.039216 0.039216
vn 0.9903703 0.0005794 0.1384431
v 0.0238528 0.0070066 -0.0056950 0.039216 0.039216 0.039216
vn 0.9995330 0.0005483 0.0305537
v 0.0239153 -0.0069936 -0.0063376 0.039216 0.039216 0.039216
vn 0.9995330 0.0005483 0.0305537
v 0.0239077 0.0070064 -0.0063423 0.039216 0.039216 0.039216
vn 0.9969772 0.0005107 -0.0776940
v 0.0238999 -0.0069938 -0.0069871 0.039216 0.039216 0.039216
vn 0.9969772 0.0005107 -0.0776940
v 0.0238924 0.0070062 -0.0069918 0.039216 0.039216 0.039216
vn 0.9827327 0.0004671 -0.1850307
v 0.0238145 -0.0069940 -0.0076311 0.039216 0.039216 0.039216
vn 0.9827327 0.0004671 -0.1850307
v 0.0238069 0.0070060 -0.0076358 0.039216 0.039216 0.039216
vn 0.9569665 0.0004180 -0.2901981
v 0.0236599 -0.0069943 -0.0082622 0.039216 0.039216 0.039216
vn 0.9569665 0.0004180 -0.2901981
v 0.0236523 0.0070057 -0.0082668 0.039216 0.039216 0.039216
vn 0.9199808 0.0003641 -0.3919633
v 0.0234380 -0.0069947 -0.0088727 0.039216 0.039216 0.039216
vn 0.9199808 0.0003641 -0.3919633
v 0.0234304 0.0070053 -0.0088774 0.039216 0.039216 0.039216
vn 0.8722093 0.0003058 -0.4891330
v 0.0231513 -0.0069950 -0.0094558 0.039216 0.039216 0.039216
vn 0.8722093 0.0003058 -0.4891330
v 0.0231438 0.0070050 -0.0094604 0.039216 0.039216 0.039216
vn 0.8142117 0.0002440 -0.5805681
v 0.0228033 -0.0069954 -0.0100044 0.039216 0.039216 0.039216
vn 0.8142117 0.0002440 -0.5805681
v 0.0227958 0.0070046 -0.0100091 0.039216 0.039216 0.039216
vn 0.7466683 0.0001794 -0.6651965
v 0.0223981 -0.0069958 -0.0105121 0.039216 0.039216 0.039216
vn 0.7466683 0.0001794 -0.6651965
v 0.0223905 0.0070042 -0.0105168 0.039216 0.039216 0.039216
vn 0.6703710 0.0001126 -0.7420262
v 0.0219403 -0.0069962 -0.0109731 0.039216 0.039216 0.039216
vn 0.6703710 0.0001126 -0.7420262
v 0.0219328 0.0070038 -0.0109778 0.039216 0.039216 0.039216
vn 0.5862141 0.0000445 -0.8101562
v 0.0214354 -0.0069966 -0.0113819 0.039216 0.039216 0.039216
vn 0.5862141 0.0000445 -0.8101562
v 0.0214278 0.0070034 -0.0113866 0.039216 0.039216 0.039216
vn 0.4951844 -0.0000241 -0.8687879
v 0.0208892 -0.0069970 -0.0117337 0.039216 0.039216 0.039216
vn 0.4951844 -0.0000241 -0.8687879
v 0.0208816 0.0070030 -0.0117384 0.039216 0.039216 0.039216
vn 0.3983492 -0.0000925 -0.9172338
v 0.0203082 -0.0069974 -0.0120244 0.039216 0.039216 0.039216
vn 0.3983492 -0.0000925 -0.9172338
v 0.0203006 0.0070026 -0.0120291 0.039216 0.039216 0.039216
vn 0.2968436 -0.0001597 -0.9549261
v 0.0196991 -0.0069978 -0.0122505 0.039216 0.039216 0.039216
vn 0.2968436 -0.0001597 -0.9549261
v 0.0196916 0.0070022 -0.0122552 0.039216 0.039216 0.039216
vn 0.1918578 -0.0002251 -0.9814227
v 0.0190692 -0.0069982 -0.0124095 0.039216 0.039216 0.039216
vn 0.1918578 -0.0002251 -0.9814227
v 0.0190617 0.0070018 -0.0124142 0.039216 0.039216 0.039216
vn 0.0846227 -0.0002878 -0.9964131
v 0.0184258 -0.0069986 -0.0124994 0.039216 0.039216 0.039216
vn -0.0236045 -0.0003472 -0.9997213
v 0.0177764 -0.0069989 -0.0125193 0.039216 0.039216 0.039216
vn 0.0004668 -0.0003343 -0.9999998
v 0.0179133 0.0070011 -0.0125257 0.039216 0.039216 0.039216
vn -0.0236045 -0.0003472 -0.9997213
v 0.0177689 0.0070011 -0.0125240 0.039216 0.039216 0.039216
vn -0.1315551 -0.0004025 -0.9913088
v 0.0171287 -0.0069993 -0.0124688 0.039216 0.039216 0.039216
vn -0.1315551 -0.0004025 -0.9913088
v 0.0171212 0.0070007 -0.0124735 0.039216 0.039216 0.039216
vn -0.2379632 -0.0004531 -0.9712741
v 0.0164903 -0.0069996 -0.0123486 0.039216 0.039216 0.039216
vn -0.2379632 -0.0004531 -0.9712741
v 0.0164827 0.0070004 -0.0123533 0.039216 0.039216 0.039216
vn -0.3415815 -0.0004983 -0.9398521
v 0.0158686 -0.0069998 -0.0121601 0.039216 0.039216 0.039216
vn -0.3415815 -0.0004983 -0.9398521
v 0.0158610 0.0070002 -0.0121648 0.039216 0.039216 0.039216
vn 0.0846227 -0.0002878 -0.9964131
v 0.0184183 0.0070014 -0.0125041 0.039216 0.039216 0.039216
vn -0.3415815 -0.0004983 -0.9398521
v -0.0020431 0.0069927 -0.0056576 0.039216 0.039216 0.039216
vn -0.3415815 -0.0004983 -0.9398521
v -0.0020356 -0.0070073 -0.0056529 0.039216 0.039216 0.039216
vn -0.4353346 -0.0005356 -0.9002686
v -0.0025981 -0.0070075 -0.0054154 0.039216 0.039216 0.039216
vn -0.4353346 -0.0005356 -0.9002686
v -0.0026057 0.0069925 -0.0054201 0.039216 0.039216 0.039216
vn -0.5245792 -0.0005672 -0.8513615
v -0.0031336 -0.0070077 -0.0051220 0.039216 0.039216 0.039216
vn -0.5245792 -0.0005672 -0.8513615
v -0.0031411 0.0069923 -0.0051267 0.039216 0.039216 0.039216
vn -0.6083910 -0.0005930 -0.7936372
v -0.0036365 -0.0070079 -0.0047757 0.039216 0.039216 0.039216
vn -0.6083910 -0.0005930 -0.7936372
v -0.0036440 0.0069921 -0.0047803 0.039216 0.039216 0.039216
vn -0.6859020 -0.0006127 -0.7276937
v -0.0041015 -0.0070080 -0.0043800 0.039216 0.039216 0.039216
vn -0.6859020 -0.0006127 -0.7276937
v -0.0041091 0.0069920 -0.0043847 0.039216 0.039216 0.039216
vn -0.7563094 -0.0006260 -0.6542137
v -0.0045240 -0.0070081 -0.0039391 0.039216 0.039216 0.039216
vn -0.7563094 -0.0006260 -0.6542137
v -0.0045315 0.0069919 -0.0039438 0.039216 0.039216 0.039216
vn -0.8188842 -0.0006328 -0.5739585
v -0.0048994 -0.0070081 -0.0034576 0.039216 0.039216 0.039216
vn -0.8188842 -0.0006328 -0.5739585
v -0.0049070 0.0069919 -0.0034623 0.039216 0.039216 0.039216
vn -0.8729781 -0.0006331 -0.4877590
v -0.0052240 -0.0070081 -0.0029404 0.039216 0.039216 0.039216
vn -0.8729781 -0.0006331 -0.4877590
v -0.0052315 0.0069919 -0.0029451 0.039216 0.039216 0.039216
vn -0.9180310 -0.0006268 -0.3965081
v -0.0054943 -0.0070081 -0.0023929 0.039216 0.039216 0.039216
vn -0.9180310 -0.0006268 -0.3965081
v -0.0055018 0.0069919 -0.0023976 0.039216 0.039216 0.039216
vn -0.9535764 -0.0006141 -0.3011507
v -0.0057076 -0.0070080 -0.0018207 0.039216 0.039216 0.039216
vn -0.9535764 -0.0006141 -0.3011507
v -0.0057151 0.0069920 -0.0018254 0.039216 0.039216 0.039216
vn -0.9792460 -0.0005949 -0.2026745
v -0.0058616 -0.0070079 -0.0012299 0.039216 0.039216 0.039216
vn -0.9792460 -0.0005949 -0.2026745
v -0.0058691 0.0069921 -0.0012346 0.039216 0.039216 0.039216
vn -0.9947742 -0.0005696 -0.1020992
v -0.0059548 -0.0070077 -0.0006264 0.039216 0.039216 0.039216
vn -0.9947742 -0.0005696 -0.1020992
v -0.0059623 0.0069923 -0.0006311 0.039216 0.039216 0.039216
vn -0.9999998 -0.0005385 -0.0004666
v -0.0059861 -0.0070075 -0.0000166 0.039216 0.039216 0.039216
vn -0.9999998 -0.0005385 -0.0004666
v -0.0059936 0.0069925 -0.0000213 0.039216 0.039216 0.039216
vn -0.3415815 -0.0004983 -0.9398521
v -0.0020356 -0.0070073 -0.0056529 0.039216 0.039216 0.039216
vn -0.3415815 -0.0004983 -0.9398521
v -0.0020431 0.0069927 -0.0056576 0.039216 0.039216 0.039216
vn -0.3415815 -0.0004983 -0.9398521
v 0.0158610 0.0070002 -0.0121648 0.039216 0.039216 0.039216
vn -0.3415815 -0.0004983 -0.9398521
v 0.0158686 -0.0069998 -0.0121601 0.039216 0.039216 0.039216
vn 0.3415815 0.0004983 0.9398521
v 0.0112767 -0.0069975 0.0022768 0.039216 0.039216 0.039216
vn 0.3415815 0.0004983 0.9398521
v 0.0199676 -0.0069938 -0.0008819 0.039216 0.039216 0.039216
vn 0.3415815 0.0004983 0.9398521
v 0.0199600 0.0070061 -0.0008865 0.039216 0.039216 0.039216
vn 0.3415815 0.0004983 0.9398521
v 0.0112691 0.0070025 0.0022721 0.039216 0.039216 0.039216
vn -0.9999998 -0.0005385 -0.0004666
v -0.0059936 0.0069925 -0.0000213 0.039216 0.039216 0.039216
vn -0.9999998 -0.0005385 -0.0004666
v -0.0059861 -0.0070075 -0.0000166 0.039216 0.039216 0.039216
vn -0.9999998 -0.0005385 -0.0004666
v -0.0059894 -0.0070052 0.0069834 0.039216 0.039216 0.039216
vn -0.9999998 -0.0005385 -0.0004666
v -0.0059969 0.0069948 0.0069787 0.039216 0.039216 0.039216
vn 0.4353346 0.0005356 0.9002686
v 0.0105266 -0.0069978 0.0025935 0.039216 0.039216 0.039216
vn 0.3415815 0.0004983 0.9398521
v 0.0112767 -0.0069975 0.0022768 0.039216 0.039216 0.039216
vn 0.3415815 0.0004983 0.9398521
v 0.0112691 0.0070025 0.0022721 0.039216 0.039216 0.039216
vn 0.5245792 0.0005672 0.8513615
v 0.0098127 -0.0069980 0.0029847 0.039216 0.039216 0.039216
vn 0.4353346 0.0005356 0.9002686
v 0.0105191 0.0070022 0.0025888 0.039216 0.039216 0.039216
vn 0.6083910 0.0005930 0.7936372
v 0.0091422 -0.0069982 0.0034465 0.039216 0.039216 0.039216
vn 0.5245792 0.0005672 0.8513615
v 0.0098051 0.0070020 0.0029800 0.039216 0.039216 0.039216
vn 0.6859020 0.0006127 0.7276937
v 0.0085221 -0.0069984 0.0039741 0.039216 0.039216 0.039216
vn 0.6083910 0.0005930 0.7936372
v 0.0091346 0.0070018 0.0034418 0.039216 0.039216 0.039216
vn 0.7563094 0.0006260 0.6542137
v 0.0079588 -0.0069985 0.0045619 0.039216 0.039216 0.039216
vn 0.6859020 0.0006127 0.7276937
v 0.0085146 0.0070016 0.0039694 0.039216 0.039216 0.039216
vn 0.8188842 0.0006328 0.5739585
v 0.0074582 -0.0069986 0.0052039 0.039216 0.039216 0.039216
vn 0.7563094 0.0006260 0.6542137
v 0.0079513 0.0070015 0.0045572 0.039216 0.039216 0.039216
vn 0.8729781 0.0006331 0.4877590
v 0.0070255 -0.0069986 0.0058935 0.039216 0.039216 0.039216
vn 0.8188842 0.0006328 0.5739585
v 0.0074507 0.0070014 0.0051992 0.039216 0.039216 0.039216
vn 0.9180310 0.0006268 0.3965081
v 0.0066651 -0.0069985 0.0066235 0.039216 0.039216 0.039216
vn 0.8729781 0.0006331 0.4877590
v 0.0070179 0.0070014 0.0058888 0.039216 0.039216 0.039216
vn 0.9535764 0.0006141 0.3011507
v 0.0063807 -0.0069984 0.0073864 0.039216 0.039216 0.039216
vn 0.9180310 0.0006268 0.3965081
v 0.0066575 0.0070015 0.0066188 0.039216 0.039216 0.039216
vn 0.9792460 0.0005949 0.2026745
v 0.0061753 -0.0069983 0.0081742 0.039216 0.039216 0.039216
vn 0.9535764 0.0006141 0.3011507
v 0.0063732 0.0070016 0.0073817 0.039216 0.039216 0.039216
vn 0.9947742 0.0005696 0.1020992
v 0.0060511 -0.0069981 0.0089788 0.039216 0.039216 0.039216
vn 0.9792460 0.0005949 0.2026745
v 0.0061678 0.0070017 0.0081695 0.039216 0.039216 0.039216
vn 0.9999998 0.0005385 0.0004666
v 0.0060093 -0.0069978 0.0097919 0.039216 0.039216 0.039216
vn 0.9947742 0.0005696 0.1020992
v 0.0060436 0.0070020 0.0089741 0.039216 0.039216 0.039216
vn 0.9999998 0.0005385 0.0004666
v 0.0060018 0.0070022 0.0097872 0.039216 0.039216 0.039216
vn -0.0004668 0.0003343 0.9999998
v -0.0059969 0.0069948 0.0069787 0.039216 0.039216 0.039216
vn -0.0004668 0.0003343 0.9999998
v -0.0059894 -0.0070052 0.0069834 0.039216 0.039216 0.039216
vn -0.0004668 0.0003343 0.9999998
v -0.0009894 -0.0070025 0.0069857 0.039216 0.039216 0.039216
vn -0.0004668 0.0003343 0.9999998
v -0.0009969 0.0069975 0.0069810 0.039216 0.039216 0.039216
vn -0.0005383 0.9999998 -0.0003346
v 0.0059953 0.0070068 0.0235983 0.039216 0.039216 0.039216
vn -0.0005383 0.9999998 -0.0003346
v -0.0010047 0.0070030 0.0235950 0.039216 0.039216 0.039216
vn -0.0005383 0.9999998 -0.0003346
v -0.0010061 0.0070041 0.0266590 0.039216 0.039216 0.039216
vn -0.0005383 0.9999998 -0.0003346
v 0.0059939 0.0070078 0.0266623 0.039216 0.039216 0.039216
vn 0.0004058 0.1077866 -0.9941740
v -0.0010065 0.0069503 0.0276561 0.039216 0.039216 0.039216
vn 0.0004668 -0.0003343 -0.9999998
v -0.0010066 0.0070044 0.0276590 0.039216 0.039216 0.039216
vn 0.0004668 -0.0003343 -0.9999998
v 0.0059934 0.0070082 0.0276623 0.039216 0.039216 0.039216
vn 0.0003401 0.2146439 -0.9766923
v -0.0010065 0.0068969 0.0276474 0.039216 0.039216 0.039216
vn 0.0004058 0.1077866 -0.9941740
v 0.0059935 0.0069541 0.0276594 0.039216 0.039216 0.039216
vn 0.0002705 0.3189846 -0.9477599
v -0.0010065 0.0068447 0.0276329 0.039216 0.039216 0.039216
vn 0.0003401 0.2146439 -0.9766923
v 0.0059935 0.0069007 0.0276506 0.039216 0.039216 0.039216
vn 0.0001976 0.4195856 -0.9077158
v -0.0010064 0.0067944 0.0276129 0.039216 0.039216 0.039216
vn 0.0002705 0.3189846 -0.9477599
v 0.0059935 0.0068485 0.0276362 0.039216 0.039216 0.039216
vn 0.0001224 0.5152673 -0.8570296
v -0.0010064 0.0067466 0.0275875 0.039216 0.039216 0.039216
vn 0.0001976 0.4195856 -0.9077158
v 0.0059936 0.0067982 0.0276161 0.039216 0.039216 0.039216
vn 0.0000458 0.6049080 -0.7962954
v -0.0010064 0.0067018 0.0275572 0.039216 0.039216 0.039216
vn 0.0001224 0.5152673 -0.8570296
v 0.0059936 0.0067504 0.0275908 0.039216 0.039216 0.039216
vn -0.0000313 0.6874565 -0.7262255
v -0.0010063 0.0066605 0.0275221 0.039216 0.039216 0.039216
vn 0.0000458 0.6049080 -0.7962954
v 0.0059936 0.0067056 0.0275604 0.039216 0.039216 0.039216
vn -0.0001081 0.7619454 -0.6476412
v -0.0010063 0.0066233 0.0274828 0.039216 0.039216 0.039216
vn -0.0000313 0.6874565 -0.7262255
v 0.0059937 0.0066643 0.0275254 0.039216 0.039216 0.039216
vn -0.0001836 0.8275012 -0.5614640
v -0.0010062 0.0065905 0.0274397 0.039216 0.039216 0.039216
vn -0.0001081 0.7619454 -0.6476412
v 0.0059937 0.0066270 0.0274861 0.039216 0.039216 0.039216
vn -0.0002569 0.8833553 -0.4687040
v -0.0010062 0.0065626 0.0273934 0.039216 0.039216 0.039216
vn -0.0001836 0.8275012 -0.5614640
v 0.0059938 0.0065943 0.0274430 0.039216 0.039216 0.039216
vn -0.0003273 0.9288528 -0.3704490
v -0.0010062 0.0065398 0.0273442 0.039216 0.039216 0.039216
vn -0.0002569 0.8833553 -0.4687040
v 0.0059938 0.0065663 0.0273966 0.039216 0.039216 0.039216
vn -0.0003938 0.9634603 -0.2678507
v -0.0010061 0.0065225 0.0272929 0.039216 0.039216 0.039216
vn -0.0003273 0.9288528 -0.3704490
v 0.0059938 0.0065436 0.0273475 0.039216 0.039216 0.039216
vn -0.0004557 0.9867722 -0.1621122
v -0.0010061 0.0065109 0.0272401 0.039216 0.039216 0.039216
vn -0.0003938 0.9634603 -0.2678507
v 0.0059939 0.0065263 0.0272962 0.039216 0.039216 0.039216
vn -0.0005122 0.9985151 -0.0544730
v -0.0010061 0.0065050 0.0271862 0.039216 0.039216 0.039216
vn -0.0004557 0.9867722 -0.1621122
v 0.0059939 0.0065146 0.0272433 0.039216 0.039216 0.039216
vn -0.0005383 0.9999998 -0.0003346
v 0.0059939 0.0065080 0.0271624 0.039216 0.039216 0.039216
vn -0.0005627 0.9985514 0.0538048
v 0.0059939 0.0065087 0.0271354 0.039216 0.039216 0.039216
vn -0.0005627 0.9985514 0.0538048
v -0.0010061 0.0065050 0.0271321 0.039216 0.039216 0.039216
vn -0.0005383 0.9999998 -0.0003346
v -0.0010061 0.0065042 0.0271592 0.039216 0.039216 0.039216
vn -0.0005122 0.9985151 -0.0544730
v 0.0059939 0.0065087 0.0271895 0.039216 0.039216 0.039216
vn -0.0006067 0.9868804 0.1614518
v -0.0010060 0.0065108 0.0270783 0.039216 0.039216 0.039216
vn -0.0006435 0.9636393 0.2672059
v -0.0010060 0.0065224 0.0270254 0.039216 0.039216 0.039216
vn -0.0006067 0.9868804 0.1614518
v 0.0059940 0.0065146 0.0270815 0.039216 0.039216 0.039216
vn -0.0006728 0.9291003 0.3698273
v -0.0010060 0.0065397 0.0269741 0.039216 0.039216 0.039216
vn -0.0006435 0.9636393 0.2672059
v 0.0059940 0.0065262 0.0270287 0.039216 0.039216 0.039216
vn -0.0006942 0.8836685 0.4681128
v -0.0010060 0.0065624 0.0269250 0.039216 0.039216 0.039216
vn -0.0006728 0.9291003 0.3698273
v 0.0059940 0.0065435 0.0269774 0.039216 0.039216 0.039216
vn -0.0007075 0.8278765 0.5609100
v -0.0010060 0.0065903 0.0268786 0.039216 0.039216 0.039216
vn -0.0006942 0.8836685 0.4681128
v 0.0059940 0.0065662 0.0269282 0.039216 0.039216 0.039216
vn -0.0007124 0.7623783 0.6471312
v -0.0010060 0.0066230 0.0268354 0.039216 0.039216 0.039216
vn -0.0007075 0.8278765 0.5609100
v 0.0059940 0.0065941 0.0268818 0.039216 0.039216 0.039216
vn -0.0007090 0.6879420 0.7257653
v -0.0010060 0.0066603 0.0267961 0.039216 0.039216 0.039216
vn -0.0007124 0.7623783 0.6471312
v 0.0059940 0.0066268 0.0268387 0.039216 0.039216 0.039216
vn -0.0006973 0.6054403 0.7958905
v -0.0010060 0.0067015 0.0267611 0.039216 0.039216 0.039216
vn -0.0007090 0.6879420 0.7257653
v 0.0059940 0.0066640 0.0267994 0.039216 0.039216 0.039216
vn -0.0006775 0.5158402 0.8566846
v -0.0010060 0.0067463 0.0267307 0.039216 0.039216 0.039216
vn -0.0006973 0.6054403 0.7958905
v 0.0059940 0.0067053 0.0267643 0.039216 0.039216 0.039216
vn -0.0006496 0.4201925 0.9074348
v -0.0010060 0.0067941 0.0267053 0.039216 0.039216 0.039216
vn -0.0006775 0.5158402 0.8566846
v 0.0059940 0.0067501 0.0267339 0.039216 0.039216 0.039216
vn -0.0006142 0.3196183 0.9475462
v -0.0010060 0.0068444 0.0266852 0.039216 0.039216 0.039216
vn -0.0006496 0.4201925 0.9074348
v 0.0059940 0.0067979 0.0267086 0.039216 0.039216 0.039216
vn -0.0005716 0.2152969 0.9765485
v -0.0010061 0.0068966 0.0266707 0.039216 0.039216 0.039216
vn -0.0006142 0.3196183 0.9475462
v 0.0059940 0.0068482 0.0266885 0.039216 0.039216 0.039216
vn -0.0005222 0.1084514 0.9941016
v -0.0010061 0.0069500 0.0266620 0.039216 0.039216 0.039216
vn -0.0005716 0.2152969 0.9765485
v 0.0059939 0.0069004 0.0266740 0.039216 0.039216 0.039216
vn -0.0004668 0.0003343 0.9999998
v -0.0010061 0.0070041 0.0266590 0.039216 0.039216 0.039216
vn -0.0005222 0.1084514 0.9941016
v 0.0059939 0.0069538 0.0266652 0.039216 0.039216 0.039216
vn -0.0004668 0.0003343 0.9999998
v 0.0059939 0.0070078 0.0266623 0.039216 0.039216 0.039216
vn 0.9630260 0.0004283 -0.2694081
v 0.0227257 0.0070053 -0.0078727 0.494118 0.494118 0.494118
vn 0.9630260 0.0004283 -0.2694081
v 0.0227254 0.0075053 -0.0078729 0.494118 0.494118 0.494118
vn 0.9865088 0.0004763 -0.1637074
v 0.0228428 0.0075055 -0.0073444 0.494118 0.494118 0.494118
vn 0.9865088 0.0004763 -0.1637074
v 0.0228431 0.0070055 -0.0073442 0.494118 0.494118 0.494118
vn 0.9984258 0.0005187 -0.0560874
v 0.0229024 0.0075057 -0.0068063 0.494118 0.494118 0.494118
vn 0.9984258 0.0005187 -0.0560874
v 0.0229027 0.0070057 -0.0068061 0.494118 0.494118 0.494118
vn 0.9986370 0.0005550 0.0521902
v 0.0229034 0.0075059 -0.0062649 0.494118 0.494118 0.494118
vn 0.9986370 0.0005550 0.0521902
v 0.0229037 0.0070059 -0.0062647 0.494118 0.494118 0.494118
vn 0.9871402 0.0005849 0.1598559
v 0.0228460 0.0075061 -0.0057265 0.494118 0.494118 0.494118
vn 0.9871402 0.0005849 0.1598559
v 0.0228462 0.0070061 -0.0057264 0.494118 0.494118 0.494118
vn 0.9640701 0.0006078 0.2656475
v 0.0227306 0.0075062 -0.0051976 0.494118 0.494118 0.494118
vn 0.9640701 0.0006078 0.2656475
v 0.0227309 0.0070062 -0.0051974 0.494118 0.494118 0.494118
vn 0.9296970 0.0006237 0.3683246
v 0.0225587 0.0075063 -0.0046842 0.494118 0.494118 0.494118
vn 0.9296970 0.0006237 0.3683246
v 0.0225590 0.0070063 -0.0046840 0.494118 0.494118 0.494118
vn 0.8844243 0.0006322 0.4666834
v 0.0223324 0.0075063 -0.0041924 0.494118 0.494118 0.494118
vn 0.8844243 0.0006322 0.4666834
v 0.0223327 0.0070063 -0.0041922 0.494118 0.494118 0.494118
vn 0.8287824 0.0006334 0.5595708
v 0.0220542 0.0075063 -0.0037280 0.494118 0.494118 0.494118
vn 0.8287824 0.0006334 0.5595708
v 0.0220544 0.0070063 -0.0037278 0.494118 0.494118 0.494118
vn 0.7634237 0.0006271 0.6458977
v 0.0217274 0.0075063 -0.0032963 0.494118 0.494118 0.494118
vn 0.7634237 0.0006271 0.6458977
v 0.0217276 0.0070063 -0.0032962 0.494118 0.494118 0.494118
vn 0.6891147 0.0006134 0.7246521
v 0.0213558 0.0075062 -0.0029026 0.494118 0.494118 0.494118
vn 0.6891147 0.0006134 0.7246521
v 0.0213561 0.0070062 -0.0029024 0.494118 0.494118 0.494118
vn 0.6067263 0.0005926 0.7949106
v 0.0209439 0.0075061 -0.0025513 0.494118 0.494118 0.494118
vn 0.6067263 0.0005926 0.7949106
v 0.0209442 0.0070061 -0.0025511 0.494118 0.494118 0.494118
vn 0.5172248 0.0005648 0.8558494
v 0.0204964 0.0075060 -0.0022466 0.494118 0.494118 0.494118
vn 0.5172248 0.0005648 0.8558494
v 0.0204967 0.0070060 -0.0022464 0.494118 0.494118 0.494118
vn 0.4216592 0.0005304 0.9067543
v 0.0200186 0.0075058 -0.0019920 0.494118 0.494118 0.494118
vn 0.4216592 0.0005304 0.9067543
v 0.0200188 0.0070058 -0.0019919 0.494118 0.494118 0.494118
vn 0.3211500 0.0004897 0.9470282
v 0.0195160 0.0075056 -0.0017907 0.494118 0.494118 0.494118
vn 0.3211500 0.0004897 0.9470282
v 0.0195163 0.0070056 -0.0017905 0.494118 0.494118 0.494118
vn 0.2168757 0.0004434 0.9761992
v 0.0189946 0.0075054 -0.0016448 0.494118 0.494118 0.494118
vn 0.2168757 0.0004434 0.9761992
v 0.0189949 0.0070054 -0.0016447 0.494118 0.494118 0.494118
vn 0.1100586 0.0003918 0.9939250
v 0.0184606 0.0075051 -0.0015562 0.494118 0.494118 0.494118
vn 0.1100586 0.0003918 0.9939250
v 0.0184608 0.0070051 -0.0015560 0.494118 0.494118 0.494118
vn 0.0019512 0.0003356 0.9999980
v 0.0179200 0.0075048 -0.0015258 0.494118 0.494118 0.494118
vn 0.0019512 0.0003356 0.9999980
v 0.0179203 0.0070048 -0.0015257 0.494118 0.494118 0.494118
vn -0.1061790 0.0002755 0.9943470
v 0.0173794 0.0075045 -0.0015541 0.494118 0.494118 0.494118
vn -0.1061790 0.0002755 0.9943470
v 0.0173796 0.0070045 -0.0015539 0.494118 0.494118 0.494118
vn -0.2130644 0.0002122 0.9770381
v 0.0168449 0.0075042 -0.0016406 0.494118 0.494118 0.494118
vn -0.2130644 0.0002122 0.9770381
v 0.0168452 0.0070042 -0.0016405 0.494118 0.494118 0.494118
vn -0.3174518 0.0001464 0.9482744
v 0.0163230 0.0075039 -0.0017844 0.494118 0.494118 0.494118
vn -0.3174518 0.0001464 0.9482744
v 0.0163233 0.0070039 -0.0017843 0.494118 0.494118 0.494118
vn -0.4181174 0.0000789 0.9083930
v 0.0158197 0.0075035 -0.0019839 0.494118 0.494118 0.494118
vn -0.4181174 0.0000789 0.9083930
v 0.0158199 0.0070035 -0.0019837 0.494118 0.494118 0.494118
vn -0.5138809 0.0000104 0.8578616
v 0.0153409 0.0075032 -0.0022365 0.494118 0.494118 0.494118
vn -0.5138809 0.0000104 0.8578616
v 0.0153411 0.0070032 -0.0022363 0.494118 0.494118 0.494118
vn -0.6036196 -0.0000582 0.7972725
v 0.0148922 0.0075029 -0.0025395 0.494118 0.494118 0.494118
vn -0.6036196 -0.0000582 0.7972725
v 0.0148924 0.0070029 -0.0025393 0.494118 0.494118 0.494118
vn -0.6862815 -0.0001261 0.7273361
v 0.0144789 0.0075025 -0.0028891 0.494118 0.494118 0.494118
vn -0.6862815 -0.0001261 0.7273361
v 0.0144791 0.0070025 -0.0028890 0.494118 0.494118 0.494118
vn -0.7608973 -0.0001925 0.6488724
v 0.0141058 0.0075022 -0.0032815 0.494118 0.494118 0.494118
vn -0.7608973 -0.0001925 0.6488724
v 0.0141060 0.0070022 -0.0032813 0.494118 0.494118 0.494118
vn -0.8265924 -0.0002566 0.5628011
v 0.0137773 0.0075019 -0.0037118 0.494118 0.494118 0.494118
vn -0.8265924 -0.0002566 0.5628011
v 0.0137776 0.0070019 -0.0037116 0.494118 0.494118 0.494118
vn -0.8825963 -0.0003178 0.4701317
v 0.0134973 0.0075016 -0.0041752 0.494118 0.494118 0.494118
vn -0.8825963 -0.0003178 0.4701317
v 0.0134975 0.0070016 -0.0041750 0.494118 0.494118 0.494118
vn -0.9282526 -0.0003752 0.3719503
v 0.0132690 0.0075013 -0.0046661 0.494118 0.494118 0.494118
vn -0.9282526 -0.0003752 0.3719503
v 0.0132693 0.0070013 -0.0046659 0.494118 0.494118 0.494118
vn -0.9630260 -0.0004283 0.2694081
v 0.0130951 0.0075010 -0.0051788 0.494118 0.494118 0.494118
vn -0.9630260 -0.0004283 0.2694081
v 0.0130954 0.0070010 -0.0051786 0.494118 0.494118 0.494118
vn -0.9630260 -0.0004283 0.2694081
v 0.0130954 0.0070010 -0.0051786 0.494118 0.494118 0.494118
vn -0.9630260 -0.0004283 0.2694081
v 0.0130951 0.0075010 -0.0051788 0.494118 0.494118 0.494118
vn -0.9865088 -0.0004763 0.1637074
v 0.0129777 0.0075008 -0.0057073 0.494118 0.494118 0.494118
vn -0.9865088 -0.0004763 0.1637074
v 0.0129780 0.0070008 -0.0057071 0.494118 0.494118 0.494118
vn -0.9984258 -0.0005187 0.0560874
v 0.0129181 0.0075006 -0.0062454 0.494118 0.494118 0.494118
vn -0.9984258 -0.0005187 0.0560874
v 0.0129184 0.0070006 -0.0062452 0.494118 0.494118 0.494118
vn -0.9986370 -0.0005550 -0.0521902
v 0.0129171 0.0075004 -0.0067868 0.494118 0.494118 0.494118
vn -0.9986370 -0.0005550 -0.0521902
v 0.0129173 0.0070004 -0.0067866 0.494118 0.494118 0.494118
vn -0.9871402 -0.0005849 -0.1598559
v 0.0129746 0.0075002 -0.0073251 0.494118 0.494118 0.494118
vn -0.9871402 -0.0005849 -0.1598559
v 0.0129748 0.0070002 -0.0073249 0.494118 0.494118 0.494118
vn -0.9640701 -0.0006078 -0.2656475
v 0.0130899 0.0075001 -0.0078541 0.494118 0.494118 0.494118
vn -0.9640701 -0.0006078 -0.2656475
v 0.0130902 0.0070001 -0.0078539 0.494118 0.494118 0.494118
vn -0.9296970 -0.0006237 -0.3683246
v 0.0132618 0.0075000 -0.0083674 0.494118 0.494118 0.494118
vn -0.9296970 -0.0006237 -0.3683246
v 0.0132620 0.0070000 -0.0083673 0.494118 0.494118 0.494118
vn -0.8844243 -0.0006322 -0.4666834
v 0.0134881 0.0075000 -0.0088592 0.494118 0.494118 0.494118
vn -0.8844243 -0.0006322 -0.4666834
v 0.0134884 0.0070000 -0.0088591 0.494118 0.494118 0.494118
vn -0.8287824 -0.0006334 -0.5595708
v 0.0137663 0.0075000 -0.0093237 0.494118 0.494118 0.494118
vn -0.8287824 -0.0006334 -0.5595708
v 0.0137666 0.0070000 -0.0093235 0.494118 0.494118 0.494118
vn -0.7634237 -0.0006271 -0.6458977
v 0.0140931 0.0075000 -0.0097553 0.494118 0.494118 0.494118
vn -0.7634237 -0.0006271 -0.6458977
v 0.0140934 0.0070000 -0.0097551 0.494118 0.494118 0.494118
vn -0.6891147 -0.0006134 -0.7246521
v 0.0144647 0.0075001 -0.0101491 0.494118 0.494118 0.494118
vn -0.6891147 -0.0006134 -0.7246521
v 0.0144650 0.0070001 -0.0101489 0.494118 0.494118 0.494118
vn -0.6067263 -0.0005926 -0.7949106
v 0.0148766 0.0075002 -0.0105004 0.494118 0.494118 0.494118
vn -0.6067263 -0.0005926 -0.7949106
v 0.0148769 0.0070002 -0.0105002 0.494118 0.494118 0.494118
vn -0.5172248 -0.0005648 -0.8558494
v 0.0153241 0.0075003 -0.0108051 0.494118 0.494118 0.494118
vn -0.5172248 -0.0005648 -0.8558494
v 0.0153244 0.0070003 -0.0108049 0.494118 0.494118 0.494118
vn -0.4216592 -0.0005304 -0.9067543
v 0.0158020 0.0075005 -0.0110596 0.494118 0.494118 0.494118
vn -0.4216592 -0.0005304 -0.9067543
v 0.0158022 0.0070005 -0.0110594 0.494118 0.494118 0.494118
vn -0.3211500 -0.0004897 -0.9470282
v 0.0163045 0.0075007 -0.0112610 0.494118 0.494118 0.494118
vn -0.3211500 -0.0004897 -0.9470282
v 0.0163048 0.0070007 -0.0112608 0.494118 0.494118 0.494118
vn -0.2168757 -0.0004434 -0.9761992
v 0.0168259 0.0075009 -0.0114068 0.494118 0.494118 0.494118
vn -0.2168757 -0.0004434 -0.9761992
v 0.0168261 0.0070009 -0.0114066 0.494118 0.494118 0.494118
vn -0.1100586 -0.0003918 -0.9939250
v 0.0173600 0.0075012 -0.0114954 0.494118 0.494118 0.494118
vn -0.1100586 -0.0003918 -0.9939250
v 0.0173602 0.0070012 -0.0114953 0.494118 0.494118 0.494118
vn -0.0019512 -0.0003356 -0.9999980
v 0.0179005 0.0075015 -0.0115258 0.494118 0.494118 0.494118
vn -0.0019512 -0.0003356 -0.9999980
v 0.0179008 0.0070015 -0.0115256 0.494118 0.494118 0.494118
vn 0.1061790 -0.0002755 -0.9943470
v 0.0184412 0.0075018 -0.0114975 0.494118 0.494118 0.494118
vn 0.1061790 -0.0002755 -0.9943470
v 0.0184414 0.0070018 -0.0114974 0.494118 0.494118 0.494118
vn 0.2130644 -0.0002122 -0.9770381
v 0.0189756 0.0075021 -0.0114110 0.494118 0.494118 0.494118
vn 0.2130644 -0.0002122 -0.9770381
v 0.0189759 0.0070021 -0.0114108 0.494118 0.494118 0.494118
vn 0.3174518 -0.0001464 -0.9482744
v 0.0194975 0.0075024 -0.0112672 0.494118 0.494118 0.494118
vn 0.3174518 -0.0001464 -0.9482744
v 0.0194978 0.0070024 -0.0112670 0.494118 0.494118 0.494118
vn 0.4181174 -0.0000789 -0.9083930
v 0.0200008 0.0075028 -0.0110678 0.494118 0.494118 0.494118
vn 0.4181174 -0.0000789 -0.9083930
v 0.0200011 0.0070028 -0.0110676 0.494118 0.494118 0.494118
vn 0.5138809 -0.0000104 -0.8578616
v 0.0204797 0.0075031 -0.0108151 0.494118 0.494118 0.494118
vn 0.5138809 -0.0000104 -0.8578616
v 0.0204799 0.0070031 -0.0108150 0.494118 0.494118 0.494118
vn 0.6036196 0.0000582 -0.7972725
v 0.0209284 0.0075034 -0.0105122 0.494118 0.494118 0.494118
vn 0.6036196 0.0000582 -0.7972725
v 0.0209286 0.0070034 -0.0105120 0.494118 0.494118 0.494118
vn 0.6862815 0.0001261 -0.7273361
v 0.0213417 0.0075038 -0.0101625 0.494118 0.494118 0.494118
vn 0.6862815 0.0001261 -0.7273361
v 0.0213419 0.0070038 -0.0101623 0.494118 0.494118 0.494118
vn 0.7608973 0.0001925 -0.6488724
v 0.0217147 0.0075041 -0.0097702 0.494118 0.494118 0.494118
vn 0.7608973 0.0001925 -0.6488724
v 0.0217150 0.0070041 -0.0097700 0.494118 0.494118 0.494118
vn 0.8265924 0.0002566 -0.5628011
v 0.0220432 0.0075044 -0.0093398 0.494118 0.494118 0.494118
vn 0.8265924 0.0002566 -0.5628011
v 0.0220435 0.0070044 -0.0093397 0.494118 0.494118 0.494118
vn 0.8825963 0.0003178 -0.4701317
v 0.0223232 0.0075047 -0.0088765 0.494118 0.494118 0.494118
vn 0.8825963 0.0003178 -0.4701317
v 0.0223235 0.0070047 -0.0088763 0.494118 0.494118 0.494118
vn 0.9282526 0.0003752 -0.3719503
v 0.0225515 0.0075050 -0.0083856 0.494118 0.494118 0.494118
vn 0.9282526 0.0003752 -0.3719503
v 0.0225518 0.0070050 -0.0083854 0.494118 0.494118 0.494118
vn 0.9630260 0.0004283 -0.2694081
v 0.0227254 0.0075053 -0.0078729 0.494118 0.494118 0.494118
vn 0.9630260 0.0004283 -0.2694081
v 0.0227257 0.0070053 -0.0078727 0.494118 0.494118 0.494118
vn -0.0005383 0.9999998 -0.0003346
v 0.0195160 0.0075056 -0.0017907 0.494118 0.494118 0.494118
vn -0.0005383 0.9999998 -0.0003346
v 0.0200186 0.0075058 -0.0019920 0.494118 0.494118 0.494118
vn -0.0005383 0.9999998 -0.0003346
v 0.0204964 0.0075060 -0.0022466 0.494118 0.494118 0.494118
vn -0.0005383 0.9999998 -0.0003346
v 0.0225587 0.0075063 -0.0046842 0.494118 0.494118 0.494118
vn -0.0005383 0.9999998 -0.0003346
v 0.0163230 0.0075039 -0.0017844 0.494118 0.494118 0.494118
vn -0.0005383 0.9999998 -0.0003346
v 0.0168449 0.0075042 -0.0016406 0.494118 0.494118 0.494118
vn -0.0005383 0.9999998 -0.0003346
v 0.0184606 0.0075051 -0.0015562 0.494118 0.494118 0.494118
vn -0.0005383 0.9999998 -0.0003346
v 0.0220542 0.0075063 -0.0037280 0.494118 0.494118 0.494118
vn -0.0005383 0.9999998 -0.0003346
v 0.0223324 0.0075063 -0.0041924 0.494118 0.494118 0.494118
vn -0.0005383 0.9999998 -0.0003346
v 0.0213558 0.0075062 -0.0029026 0.494118 0.494118 0.494118
vn -0.0005383 0.9999998 -0.0003346
v 0.0217274 0.0075063 -0.0032963 0.494118 0.494118 0.494118
vn -0.0005383 0.9999998 -0.0003346
v 0.0209439 0.0075061 -0.0025513 0.494118 0.494118 0.494118
vn -0.0005383 0.9999998 -0.0003346
v 0.0189946 0.0075054 -0.0016448 0.494118 0.494118 0.494118
vn -0.0005383 0.9999998 -0.0003346
v 0.0158197 0.0075035 -0.0019839 0.494118 0.494118 0.494118
vn -0.0005383 0.9999998 -0.0003346
v 0.0134973 0.0075016 -0.0041752 0.494118 0.494118 0.494118
vn -0.0005383 0.9999998 -0.0003346
v 0.0137773 0.0075019 -0.0037118 0.494118 0.494118 0.494118
vn -0.0005383 0.9999998 -0.0003346
v 0.0130951 0.0075010 -0.0051788 0.494118 0.494118 0.494118
vn -0.0005383 0.9999998 -0.0003346
v 0.0132690 0.0075013 -0.0046661 0.494118 0.494118 0.494118
vn -0.0005383 0.9999998 -0.0003346
v 0.0223232 0.0075047 -0.0088765 0.494118 0.494118 0.494118
vn -0.0005383 0.9999998 -0.0003346
v 0.0213417 0.0075038 -0.0101625 0.494118 0.494118 0.494118
vn -0.0005383 0.9999998 -0.0003346
v 0.0209284 0.0075034 -0.0105122 0.494118 0.494118 0.494118
vn -0.0005383 0.9999998 -0.0003346
v 0.0220432 0.0075044 -0.0093398 0.494118 0.494118 0.494118
vn -0.0005383 0.9999998 -0.0003346
v 0.0173794 0.0075045 -0.0015541 0.494118 0.494118 0.494118
vn -0.0005383 0.9999998 -0.0003346
v 0.0179200 0.0075048 -0.0015258 0.494118 0.494118 0.494118
vn -0.0005383 0.9999998 -0.0003346
v 0.0153409 0.0075032 -0.0022365 0.494118 0.494118 0.494118
vn -0.0005383 0.9999998 -0.0003346
v 0.0137663 0.0075000 -0.0093237 0.494118 0.494118 0.494118
vn -0.0005383 0.9999998 -0.0003346
v 0.0134881 0.0075000 -0.0088592 0.494118 0.494118 0.494118
vn -0.0005383 0.9999998 -0.0003346
v 0.0217147 0.0075041 -0.0097702 0.494118 0.494118 0.494118
vn -0.0005383 0.9999998 -0.0003346
v 0.0204797 0.0075031 -0.0108151 0.494118 0.494118 0.494118
vn -0.0005383 0.9999998 -0.0003346
v 0.0227254 0.0075053 -0.0078729 0.494118 0.494118 0.494118
vn -0.0005383 0.9999998 -0.0003346
v 0.0225515 0.0075050 -0.0083856 0.494118 0.494118 0.494118
vn -0.0005383 0.9999998 -0.0003346
v 0.0184412 0.0075018 -0.0114975 0.494118 0.494118 0.494118
vn -0.0005383 0.9999998 -0.0003346
v 0.0228460 0.0075061 -0.0057265 0.494118 0.494118 0.494118
vn -0.0005383 0.9999998 -0.0003346
v 0.0229034 0.0075059 -0.0062649 0.494118 0.494118 0.494118
vn -0.0005383 0.9999998 -0.0003346
v 0.0144789 0.0075025 -0.0028891 0.494118 0.494118 0.494118
vn -0.0005383 0.9999998 -0.0003346
v 0.0148922 0.0075029 -0.0025395 0.494118 0.494118 0.494118
vn -0.0005383 0.9999998 -0.0003346
v 0.0141058 0.0075022 -0.0032815 0.494118 0.494118 0.494118
vn -0.0005383 0.9999998 -0.0003346
v 0.0140931 0.0075000 -0.0097553 0.494118 0.494118 0.494118
vn -0.0005383 0.9999998 -0.0003346
v 0.0148766 0.0075002 -0.0105004 0.494118 0.494118 0.494118
vn -0.0005383 0.9999998 -0.0003346
v 0.0144647 0.0075001 -0.0101491 0.494118 0.494118 0.494118
vn -0.0005383 0.9999998 -0.0003346
v 0.0173600 0.0075012 -0.0114954 0.494118 0.494118 0.494118
vn -0.0005383 0.9999998 -0.0003346
v 0.0168259 0.0075009 -0.0114068 0.494118 0.494118 0.494118
vn -0.0005383 0.9999998 -0.0003346
v 0.0179005 0.0075015 -0.0115258 0.494118 0.494118 0.494118
vn -0.0005383 0.9999998 -0.0003346
v 0.0194975 0.0075024 -0.0112672 0.494118 0.494118 0.494118
vn -0.0005383 0.9999998 -0.0003346
v 0.0189756 0.0075021 -0.0114110 0.494118 0.494118 0.494118
vn -0.0005383 0.9999998 -0.0003346
v 0.0227306 0.0075062 -0.0051976 0.494118 0.494118 0.494118
vn -0.0005383 0.9999998 -0.0003346
v 0.0129181 0.0075006 -0.0062454 0.494118 0.494118 0.494118
vn -0.0005383 0.9999998 -0.0003346
v 0.0129777 0.0075008 -0.0057073 0.494118 0.494118 0.494118
vn -0.0005383 0.9999998 -0.0003346
v 0.0129746 0.0075002 -0.0073251 0.494118 0.494118 0.494118
vn -0.0005383 0.9999998 -0.0003346
v 0.0129171 0.0075004 -0.0067868 0.494118 0.494118 0.494118
vn -0.0005383 0.9999998 -0.0003346
v 0.0163045 0.0075007 -0.0112610 0.494118 0.494118 0.494118
vn -0.0005383 0.9999998 -0.0003346
v 0.0158020 0.0075005 -0.0110596 0.494118 0.494118 0.494118
vn -0.0005383 0.9999998 -0.0003346
v 0.0200008 0.0075028 -0.0110678 0.494118 0.494118 0.494118
vn -0.0005383 0.9999998 -0.0003346
v 0.0229024 0.0075057 -0.0068063 0.494118 0.494118 0.494118
vn -0.0005383 0.9999998 -0.0003346
v 0.0228428 0.0075055 -0.0073444 0.494118 0.494118 0.494118
vn -0.0005383 0.9999998 -0.0003346
v 0.0153241 0.0075003 -0.0108051 0.494118 0.494118 0.494118
vn -0.0005383 0.9999998 -0.0003346
v 0.0132618 0.0075000 -0.0083674 0.494118 0.494118 0.494118
vn -0.0005383 0.9999998 -0.0003346
v 0.0130899 0.0075001 -0.0078541 0.494118 0.494118 0.494118
vn -0.0005383 0.9999998 -0.0003346
v -0.0010066 0.0070044 0.0276590 0.039216 0.039216 0.039216
vn -0.0005383 0.9999998 -0.0003346
v -0.0010114 0.0070079 0.0379810 0.039216 0.039216 0.039216
vn -0.0005383 0.9999998 -0.0003346
v 0.0039886 0.0070105 0.0379833 0.039216 0.039216 0.039216
vn -0.0005383 0.9999998 -0.0003346
v 0.0059909 0.0070099 0.0329843 0.039216 0.039216 0.039216
vn -0.0005383 0.9999998 -0.0003346
v 0.0059934 0.0070082 0.0276623 0.039216 0.039216 0.039216
vn 0.9283031 0.0006241 0.3718238
v 0.0059909 0.0070099 0.0329843 0.039216 0.039216 0.039216
vn 0.9283031 0.0006241 0.3718238
v 0.0039886 0.0070105 0.0379833 0.039216 0.039216 0.039216
vn 0.9283031 0.0006241 0.3718238
v 0.0039961 -0.0069894 0.0379880 0.039216 0.039216 0.039216
vn 0.9283031 0.0006241 0.3718238
v 0.0059985 -0.0069900 0.0329890 0.039216 0.039216 0.039216
vn -0.0004668 0.0003343 0.9999998
v 0.0039961 -0.0069894 0.0379880 0.039216 0.039216 0.039216
vn -0.0004668 0.0003343 0.9999998
v 0.0039886 0.0070105 0.0379833 0.039216 0.039216 0.039216
vn -0.0004668 0.0003343 0.9999998
v -0.0010114 0.0070079 0.0379810 0.039216 0.039216 0.039216
vn -0.0004668 0.0003343 0.9999998
v -0.0010039 -0.0069921 0.0379857 0.039216 0.039216 0.039216
vn 0.0005383 -0.9999998 0.0003346
v -0.0009990 -0.0069956 0.0276637 0.039216 0.039216 0.039216
vn 0.0005383 -0.9999998 0.0003346
v 0.0059985 -0.0069900 0.0329890 0.039216 0.039216 0.039216
vn 0.0005383 -0.9999998 0.0003346
v 0.0039961 -0.0069894 0.0379880 0.039216 0.039216 0.039216
vn 0.0005383 -0.9999998 0.0003346
v 0.0060010 -0.0069918 0.0276670 0.039216 0.039216 0.039216
vn 0.0005383 -0.9999998 0.0003346
v -0.0010039 -0.0069921 0.0379857 0.039216 0.039216 0.039216
vn -0.0004058 -0.1077866 0.9941740
v -0.0009986 -0.0069419 0.0266666 0.039216 0.039216 0.039216
vn -0.0004668 0.0003343 0.9999998
v -0.0009986 -0.0069959 0.0266637 0.039216 0.039216 0.039216
vn -0.0004668 0.0003343 0.9999998
v 0.0060014 -0.0069922 0.0266670 0.039216 0.039216 0.039216
vn -0.0003401 -0.2146439 0.9766923
v -0.0009986 -0.0068884 0.0266753 0.039216 0.039216 0.039216
vn -0.0004058 -0.1077866 0.9941740
v 0.0060014 -0.0069381 0.0266699 0.039216 0.039216 0.039216
vn -0.0002705 -0.3189846 0.9477599
v -0.0009987 -0.0068363 0.0266898 0.039216 0.039216 0.039216
vn -0.0003401 -0.2146439 0.9766923
v 0.0060014 -0.0068847 0.0266786 0.039216 0.039216 0.039216
vn -0.0001976 -0.4195856 0.9077158
v -0.0009987 -0.0067860 0.0267098 0.039216 0.039216 0.039216
vn -0.0002705 -0.3189846 0.9477599
v 0.0060013 -0.0068325 0.0266931 0.039216 0.039216 0.039216
vn -0.0001224 -0.5152673 0.8570296
v -0.0009987 -0.0067381 0.0267352 0.039216 0.039216 0.039216
vn -0.0001976 -0.4195856 0.9077158
v 0.0060013 -0.0067822 0.0267131 0.039216 0.039216 0.039216
vn -0.0000458 -0.6049080 0.7962954
v -0.0009988 -0.0066933 0.0267655 0.039216 0.039216 0.039216
vn -0.0001224 -0.5152673 0.8570296
v 0.0060013 -0.0067344 0.0267384 0.039216 0.039216 0.039216
vn 0.0000313 -0.6874565 0.7262255
v -0.0009988 -0.0066520 0.0268006 0.039216 0.039216 0.039216
vn -0.0000458 -0.6049080 0.7962954
v 0.0060012 -0.0066895 0.0267688 0.039216 0.039216 0.039216
vn 0.0001081 -0.7619454 0.6476412
v -0.0009989 -0.0066148 0.0268399 0.039216 0.039216 0.039216
vn 0.0000313 -0.6874565 0.7262255
v 0.0060012 -0.0066483 0.0268038 0.039216 0.039216 0.039216
vn 0.0001836 -0.8275012 0.5614640
v -0.0009989 -0.0065820 0.0268830 0.039216 0.039216 0.039216
vn 0.0001081 -0.7619454 0.6476412
v 0.0060011 -0.0066110 0.0268431 0.039216 0.039216 0.039216
vn 0.0002569 -0.8833553 0.4687040
v -0.0009989 -0.0065541 0.0269293 0.039216 0.039216 0.039216
vn 0.0001836 -0.8275012 0.5614640
v 0.0060011 -0.0065782 0.0268862 0.039216 0.039216 0.039216
vn 0.0003273 -0.9288528 0.3704490
v -0.0009990 -0.0065313 0.0269785 0.039216 0.039216 0.039216
vn 0.0002569 -0.8833553 0.4687040
v 0.0060011 -0.0065503 0.0269326 0.039216 0.039216 0.039216
vn 0.0003938 -0.9634603 0.2678507
v -0.0009990 -0.0065140 0.0270298 0.039216 0.039216 0.039216
vn 0.0003273 -0.9288528 0.3704490
v 0.0060010 -0.0065276 0.0269817 0.039216 0.039216 0.039216
vn 0.0004557 -0.9867722 0.1621122
v -0.0009990 -0.0065024 0.0270826 0.039216 0.039216 0.039216
vn 0.0003938 -0.9634603 0.2678507
v 0.0060010 -0.0065103 0.0270330 0.039216 0.039216 0.039216
vn 0.0005122 -0.9985151 0.0544730
v -0.0009991 -0.0064965 0.0271365 0.039216 0.039216 0.039216
vn 0.0004557 -0.9867722 0.1621122
v 0.0060010 -0.0064986 0.0270859 0.039216 0.039216 0.039216
vn 0.0005627 -0.9985514 -0.0538048
v -0.0009991 -0.0064965 0.0271906 0.039216 0.039216 0.039216
vn 0.0005122 -0.9985151 0.0544730
v 0.0060009 -0.0064927 0.0271397 0.039216 0.039216 0.039216
vn 0.0006067 -0.9868804 -0.1614518
v -0.0009991 -0.0065023 0.0272444 0.039216 0.039216 0.039216
vn 0.0005627 -0.9985514 -0.0538048
v 0.0060009 -0.0064927 0.0271939 0.039216 0.039216 0.039216
vn 0.0006435 -0.9636393 -0.2672059
v -0.0009991 -0.0065139 0.0272973 0.039216 0.039216 0.039216
vn 0.0006067 -0.9868804 -0.1614518
v 0.0060009 -0.0064985 0.0272477 0.039216 0.039216 0.039216
vn 0.0006728 -0.9291003 -0.3698273
v -0.0009991 -0.0065312 0.0273486 0.039216 0.039216 0.039216
vn 0.0006435 -0.9636393 -0.2672059
v 0.0060009 -0.0065102 0.0273006 0.039216 0.039216 0.039216
vn 0.0006942 -0.8836685 -0.4681128
v -0.0009991 -0.0065539 0.0273977 0.039216 0.039216 0.039216
vn 0.0006728 -0.9291003 -0.3698273
v 0.0060009 -0.0065274 0.0273519 0.039216 0.039216 0.039216
vn 0.0007075 -0.8278765 -0.5609100
v -0.0009992 -0.0065818 0.0274441 0.039216 0.039216 0.039216
vn 0.0006942 -0.8836685 -0.4681128
v 0.0060009 -0.0065502 0.0274010 0.039216 0.039216 0.039216
vn 0.0007124 -0.7623783 -0.6471312
v -0.0009992 -0.0066146 0.0274873 0.039216 0.039216 0.039216
vn 0.0007075 -0.8278765 -0.5609100
v 0.0060008 -0.0065781 0.0274474 0.039216 0.039216 0.039216
vn 0.0007090 -0.6879420 -0.7257653
v -0.0009992 -0.0066518 0.0275266 0.039216 0.039216 0.039216
vn 0.0007124 -0.7623783 -0.6471312
v 0.0060008 -0.0066108 0.0274905 0.039216 0.039216 0.039216
vn 0.0006973 -0.6054403 -0.7958905
v -0.0009992 -0.0066930 0.0275616 0.039216 0.039216 0.039216
vn 0.0007090 -0.6879420 -0.7257653
v 0.0060008 -0.0066480 0.0275298 0.039216 0.039216 0.039216
vn 0.0006775 -0.5158402 -0.8566846
v -0.0009991 -0.0067378 0.0275920 0.039216 0.039216 0.039216
vn 0.0006973 -0.6054403 -0.7958905
v 0.0060008 -0.0066893 0.0275649 0.039216 0.039216 0.039216
vn 0.0006496 -0.4201925 -0.9074348
v -0.0009991 -0.0067857 0.0276174 0.039216 0.039216 0.039216
vn 0.0006775 -0.5158402 -0.8566846
v 0.0060009 -0.0067341 0.0275953 0.039216 0.039216 0.039216
vn 0.0006142 -0.3196183 -0.9475462
v -0.0009991 -0.0068359 0.0276375 0.039216 0.039216 0.039216
vn 0.0006496 -0.4201925 -0.9074348
v 0.0060009 -0.0067819 0.0276207 0.039216 0.039216 0.039216
vn 0.0005716 -0.2152969 -0.9765485
v -0.0009991 -0.0068881 0.0276520 0.039216 0.039216 0.039216
vn 0.0006142 -0.3196183 -0.9475462
v 0.0060009 -0.0068322 0.0276407 0.039216 0.039216 0.039216
vn 0.0005222 -0.1084514 -0.9941016
v -0.0009991 -0.0069415 0.0276607 0.039216 0.039216 0.039216
vn 0.0005716 -0.2152969 -0.9765485
v 0.0060009 -0.0068843 0.0276552 0.039216 0.039216 0.039216
vn 0.0004668 -0.0003343 -0.9999998
v -0.0009990 -0.0069956 0.0276637 0.039216 0.039216 0.039216
vn 0.0005222 -0.1084514 -0.9941016
v 0.0060009 -0.0069378 0.0276640 0.039216 0.039216 0.039216
vn 0.0004668 -0.0003343 -0.9999998
v 0.0060010 -0.0069918 0.0276670 0.039216 0.039216 0.039216
vn 0.0005383 -0.9999998 0.0003346
v 0.0060029 -0.0069932 0.0236030 0.039216 0.039216 0.039216
vn 0.0005383 -0.9999998 0.0003346
v 0.0060014 -0.0069922 0.0266670 0.039216 0.039216 0.039216
vn 0.0005383 -0.9999998 0.0003346
v -0.0009986 -0.0069959 0.0266637 0.039216 0.039216 0.039216
vn 0.0005383 -0.9999998 0.0003346
v -0.0009971 -0.0069969 0.0235997 0.039216 0.039216 0.039216
vn -0.0004058 -0.1077866 0.9941740
v -0.0009967 -0.0069432 0.0226026 0.039216 0.039216 0.039216
vn -0.0004668 0.0003343 0.9999998
v -0.0009967 -0.0069973 0.0225997 0.039216 0.039216 0.039216
vn -0.0004668 0.0003343 0.9999998
v 0.0060033 -0.0069935 0.0226030 0.039216 0.039216 0.039216
vn -0.0003401 -0.2146439 0.9766923
v -0.0009967 -0.0068898 0.0226113 0.039216 0.039216 0.039216
vn -0.0004058 -0.1077866 0.9941740
v 0.0060033 -0.0069395 0.0226059 0.039216 0.039216 0.039216
vn -0.0002705 -0.3189846 0.9477599
v -0.0009968 -0.0068376 0.0226258 0.039216 0.039216 0.039216
vn -0.0003401 -0.2146439 0.9766923
v 0.0060033 -0.0068860 0.0226146 0.039216 0.039216 0.039216
vn -0.0001976 -0.4195856 0.9077158
v -0.0009968 -0.0067873 0.0226458 0.039216 0.039216 0.039216
vn -0.0002705 -0.3189846 0.9477599
v 0.0060032 -0.0068339 0.0226291 0.039216 0.039216 0.039216
vn -0.0001224 -0.5152673 0.8570296
v -0.0009968 -0.0067395 0.0226712 0.039216 0.039216 0.039216
vn -0.0001976 -0.4195856 0.9077158
v 0.0060032 -0.0067836 0.0226491 0.039216 0.039216 0.039216
vn -0.0000458 -0.6049080 0.7962954
v -0.0009969 -0.0066947 0.0227015 0.039216 0.039216 0.039216
vn -0.0001224 -0.5152673 0.8570296
v 0.0060032 -0.0067357 0.0226744 0.039216 0.039216 0.039216
vn 0.0000313 -0.6874565 0.7262255
v -0.0009969 -0.0066534 0.0227366 0.039216 0.039216 0.039216
vn -0.0000458 -0.6049080 0.7962954
v 0.0060031 -0.0066909 0.0227048 0.039216 0.039216 0.039216
vn 0.0001081 -0.7619454 0.6476412
v -0.0009970 -0.0066161 0.0227759 0.039216 0.039216 0.039216
vn 0.0000313 -0.6874565 0.7262255
v 0.0060031 -0.0066496 0.0227398 0.039216 0.039216 0.039216
vn 0.0001836 -0.8275012 0.5614640
v -0.0009970 -0.0065834 0.0228190 0.039216 0.039216 0.039216
vn 0.0001081 -0.7619454 0.6476412
v 0.0060030 -0.0066124 0.0227791 0.039216 0.039216 0.039216
vn 0.0002569 -0.8833553 0.4687040
v -0.0009970 -0.0065554 0.0228653 0.039216 0.039216 0.039216
vn 0.0001836 -0.8275012 0.5614640
v 0.0060030 -0.0065796 0.0228222 0.039216 0.039216 0.039216
vn 0.0003273 -0.9288528 0.3704490
v -0.0009971 -0.0065327 0.0229145 0.039216 0.039216 0.039216
vn 0.0002569 -0.8833553 0.4687040
v 0.0060030 -0.0065517 0.0228686 0.039216 0.039216 0.039216
vn 0.0003938 -0.9634603 0.2678507
v -0.0009971 -0.0065154 0.0229658 0.039216 0.039216 0.039216
vn 0.0003273 -0.9288528 0.3704490
v 0.0060029 -0.0065289 0.0229177 0.039216 0.039216 0.039216
vn 0.0004557 -0.9867722 0.1621122
v -0.0009971 -0.0065037 0.0230186 0.039216 0.039216 0.039216
vn 0.0003938 -0.9634603 0.2678507
v 0.0060029 -0.0065116 0.0229690 0.039216 0.039216 0.039216
vn 0.0005122 -0.9985151 0.0544730
v -0.0009972 -0.0064979 0.0230725 0.039216 0.039216 0.039216
vn 0.0004557 -0.9867722 0.1621122
v 0.0060029 -0.0065000 0.0230219 0.039216 0.039216 0.039216
vn 0.0005627 -0.9985514 -0.0538048
v -0.0009972 -0.0064978 0.0231266 0.039216 0.039216 0.039216
vn 0.0005122 -0.9985151 0.0544730
v 0.0060028 -0.0064941 0.0230757 0.039216 0.039216 0.039216
vn 0.0006067 -0.9868804 -0.1614518
v -0.0009972 -0.0065037 0.0231804 0.039216 0.039216 0.039216
vn 0.0005627 -0.9985514 -0.0538048
v 0.0060028 -0.0064941 0.0231299 0.039216 0.039216 0.039216
vn 0.0006435 -0.9636393 -0.2672059
v -0.0009972 -0.0065153 0.0232333 0.039216 0.039216 0.039216
vn 0.0006067 -0.9868804 -0.1614518
v 0.0060028 -0.0064999 0.0231837 0.039216 0.039216 0.039216
vn 0.0006728 -0.9291003 -0.3698273
v -0.0009972 -0.0065326 0.0232846 0.039216 0.039216 0.039216
vn 0.0006435 -0.9636393 -0.2672059
v 0.0060028 -0.0065115 0.0232366 0.039216 0.039216 0.039216
vn 0.0006942 -0.8836685 -0.4681128
v -0.0009973 -0.0065553 0.0233337 0.039216 0.039216 0.039216
vn 0.0006728 -0.9291003 -0.3698273
v 0.0060028 -0.0065288 0.0232879 0.039216 0.039216 0.039216
vn 0.0007075 -0.8278765 -0.5609100
v -0.0009973 -0.0065832 0.0233801 0.039216 0.039216 0.039216
vn 0.0006942 -0.8836685 -0.4681128
v 0.0060027 -0.0065515 0.0233370 0.039216 0.039216 0.039216
vn 0.0007124 -0.7623783 -0.6471312
v -0.0009973 -0.0066159 0.0234233 0.039216 0.039216 0.039216
vn 0.0007075 -0.8278765 -0.5609100
v 0.0060027 -0.0065794 0.0233834 0.039216 0.039216 0.039216
vn 0.0007090 -0.6879420 -0.7257653
v -0.0009973 -0.0066532 0.0234626 0.039216 0.039216 0.039216
vn 0.0007124 -0.7623783 -0.6471312
v 0.0060027 -0.0066122 0.0234265 0.039216 0.039216 0.039216
vn 0.0006973 -0.6054403 -0.7958905
v -0.0009973 -0.0066944 0.0234976 0.039216 0.039216 0.039216
vn 0.0007090 -0.6879420 -0.7257653
v 0.0060027 -0.0066494 0.0234658 0.039216 0.039216 0.039216
vn 0.0006775 -0.5158402 -0.8566846
v -0.0009972 -0.0067392 0.0235280 0.039216 0.039216 0.039216
vn 0.0006973 -0.6054403 -0.7958905
v 0.0060027 -0.0066906 0.0235009 0.039216 0.039216 0.039216
vn 0.0006496 -0.4201925 -0.9074348
v -0.0009972 -0.0067870 0.0235534 0.039216 0.039216 0.039216
vn 0.0006775 -0.5158402 -0.8566846
v 0.0060028 -0.0067354 0.0235313 0.039216 0.039216 0.039216
vn 0.0006142 -0.3196183 -0.9475462
v -0.0009972 -0.0068373 0.0235735 0.039216 0.039216 0.039216
vn 0.0006496 -0.4201925 -0.9074348
v 0.0060028 -0.0067833 0.0235567 0.039216 0.039216 0.039216
vn 0.0005716 -0.2152969 -0.9765485
v -0.0009972 -0.0068895 0.0235880 0.039216 0.039216 0.039216
vn 0.0006142 -0.3196183 -0.9475462
v 0.0060028 -0.0068335 0.0235767 0.039216 0.039216 0.039216
vn 0.0005222 -0.1084514 -0.9941016
v -0.0009972 -0.0069429 0.0235967 0.039216 0.039216 0.039216
vn 0.0005716 -0.2152969 -0.9765485
v 0.0060028 -0.0068857 0.0235912 0.039216 0.039216 0.039216
vn 0.0004668 -0.0003343 -0.9999998
v -0.0009971 -0.0069969 0.0235997 0.039216 0.039216 0.039216
vn 0.0005222 -0.1084514 -0.9941016
v 0.0060028 -0.0069391 0.0236000 0.039216 0.039216 0.039216
vn 0.0004668 -0.0003343 -0.9999998
v 0.0060029 -0.0069932 0.0236030 0.039216 0.039216 0.039216
vn 0.0005383 -0.9999998 0.0003346
v 0.0130977 -0.0069999 -0.0078492 0.039216 0.039216 0.039216
vn 0.0005383 -0.9999998 0.0003346
v 0.0005448 -0.0070057 -0.0049856 0.039216 0.039216 0.039216
vn 0.0005383 -0.9999998 0.0003346
v 0.0000041 -0.0070060 -0.0050138 0.039216 0.039216 0.039216
vn 0.0005383 -0.9999998 0.0003346
v 0.0129259 -0.0069994 -0.0062405 0.039216 0.039216 0.039216
vn 0.0005383 -0.9999998 0.0003346
v 0.0129855 -0.0069992 -0.0057024 0.039216 0.039216 0.039216
vn 0.0005383 -0.9999998 0.0003346
v 0.0038184 -0.0070033 -0.0032582 0.039216 0.039216 0.039216
vn 0.0005383 -0.9999998 0.0003346
v -0.0020356 -0.0070073 -0.0056529 0.039216 0.039216 0.039216
vn 0.0005383 -0.9999998 0.0003346
v 0.0034453 -0.0070037 -0.0036505 0.039216 0.039216 0.039216
vn 0.0005383 -0.9999998 0.0003346
v 0.0129249 -0.0069996 -0.0067819 0.039216 0.039216 0.039216
vn 0.0005383 -0.9999998 0.0003346
v 0.0199676 -0.0069938 -0.0008819 0.039216 0.039216 0.039216
vn 0.0005383 -0.9999998 0.0003346
v 0.0050071 -0.0070015 0.0002471 0.039216 0.039216 0.039216
vn 0.0005383 -0.9999998 0.0003346
v 0.0173872 -0.0069955 -0.0015492 0.039216 0.039216 0.039216
vn 0.0005383 -0.9999998 0.0003346
v -0.0005364 -0.0070063 -0.0049835 0.039216 0.039216 0.039216
vn 0.0005383 -0.9999998 0.0003346
v -0.0010705 -0.0070065 -0.0048948 0.039216 0.039216 0.039216
vn 0.0005383 -0.9999998 0.0003346
v 0.0010792 -0.0070054 -0.0048990 0.039216 0.039216 0.039216
vn 0.0005383 -0.9999998 0.0003346
v 0.0025833 -0.0070044 -0.0043031 0.039216 0.039216 0.039216
vn 0.0005383 -0.9999998 0.0003346
v 0.0021045 -0.0070047 -0.0045558 0.039216 0.039216 0.039216
vn 0.0005383 -0.9999998 0.0003346
v 0.0048342 -0.0070013 0.0013144 0.039216 0.039216 0.039216
vn 0.0005383 -0.9999998 0.0003346
v 0.0098127 -0.0069980 0.0029847 0.039216 0.039216 0.039216
vn 0.0005383 -0.9999998 0.0003346
v 0.0091422 -0.0069982 0.0034465 0.039216 0.039216 0.039216
vn 0.0005383 -0.9999998 0.0003346
v 0.0195238 -0.0069944 -0.0017858 0.039216 0.039216 0.039216
vn 0.0005383 -0.9999998 0.0003346
v 0.0200264 -0.0069942 -0.0019872 0.039216 0.039216 0.039216
vn 0.0005383 -0.9999998 0.0003346
v 0.0179160 -0.0069952 -0.0015210 0.039216 0.039216 0.039216
vn 0.0005383 -0.9999998 0.0003346
v -0.0059861 -0.0070075 -0.0000166 0.039216 0.039216 0.039216
vn 0.0005383 -0.9999998 0.0003346
v -0.0059548 -0.0070077 -0.0006264 0.039216 0.039216 0.039216
vn 0.0005383 -0.9999998 0.0003346
v -0.0049793 -0.0070071 -0.0002748 0.039216 0.039216 0.039216
vn 0.0005383 -0.9999998 0.0003346
v -0.0058616 -0.0070079 -0.0012299 0.039216 0.039216 0.039216
vn 0.0005383 -0.9999998 0.0003346
v -0.0049218 -0.0070072 -0.0008131 0.039216 0.039216 0.039216
vn 0.0005383 -0.9999998 0.0003346
v -0.0057076 -0.0070080 -0.0018207 0.039216 0.039216 0.039216
vn 0.0005383 -0.9999998 0.0003346
v -0.0048065 -0.0070073 -0.0013421 0.039216 0.039216 0.039216
vn 0.0005383 -0.9999998 0.0003346
v -0.0054943 -0.0070081 -0.0023929 0.039216 0.039216 0.039216
vn 0.0005383 -0.9999998 0.0003346
v -0.0052240 -0.0070081 -0.0029404 0.039216 0.039216 0.039216
vn 0.0005383 -0.9999998 0.0003346
v -0.0044082 -0.0070075 -0.0023473 0.039216 0.039216 0.039216
vn 0.0005383 -0.9999998 0.0003346
v -0.0048994 -0.0070081 -0.0034576 0.039216 0.039216 0.039216
vn 0.0005383 -0.9999998 0.0003346
v -0.0041300 -0.0070075 -0.0028117 0.039216 0.039216 0.039216
vn 0.0005383 -0.9999998 0.0003346
v 0.0016011 -0.0070050 -0.0047552 0.039216 0.039216 0.039216
vn 0.0005383 -0.9999998 0.0003346
v 0.0030320 -0.0070040 -0.0040002 0.039216 0.039216 0.039216
vn 0.0005383 -0.9999998 0.0003346
v 0.0129824 -0.0069998 -0.0073202 0.039216 0.039216 0.039216
vn 0.0005383 -0.9999998 0.0003346
v 0.0049496 -0.0070014 0.0007854 0.039216 0.039216 0.039216
vn 0.0005383 -0.9999998 0.0003346
v 0.0112767 -0.0069975 0.0022768 0.039216 0.039216 0.039216
vn 0.0005383 -0.9999998 0.0003346
v 0.0105266 -0.0069978 0.0025935 0.039216 0.039216 0.039216
vn 0.0005383 -0.9999998 0.0003346
v 0.0216608 -0.0069933 -0.0018314 0.039216 0.039216 0.039216
vn 0.0005383 -0.9999998 0.0003346
v 0.0209517 -0.0069939 -0.0025464 0.039216 0.039216 0.039216
vn 0.0005383 -0.9999998 0.0003346
v 0.0213636 -0.0069938 -0.0028977 0.039216 0.039216 0.039216
vn 0.0005383 -0.9999998 0.0003346
v 0.0211319 -0.0069934 -0.0014543 0.039216 0.039216 0.039216
vn 0.0005383 -0.9999998 0.0003346
v 0.0205042 -0.0069940 -0.0022417 0.039216 0.039216 0.039216
vn 0.0005383 -0.9999998 0.0003346
v 0.0205652 -0.0069936 -0.0011365 0.039216 0.039216 0.039216
vn 0.0005383 -0.9999998 0.0003346
v 0.0190024 -0.0069946 -0.0016400 0.039216 0.039216 0.039216
vn 0.0005383 -0.9999998 0.0003346
v 0.0179278 -0.0069952 -0.0015210 0.039216 0.039216 0.039216
vn 0.0005383 -0.9999998 0.0003346
v -0.0049782 -0.0070069 0.0002666 0.039216 0.039216 0.039216
vn 0.0005383 -0.9999998 0.0003346
v -0.0046346 -0.0070074 -0.0018555 0.039216 0.039216 0.039216
vn 0.0005383 -0.9999998 0.0003346
v -0.0045240 -0.0070081 -0.0039391 0.039216 0.039216 0.039216
vn 0.0005383 -0.9999998 0.0003346
v -0.0041015 -0.0070080 -0.0043800 0.039216 0.039216 0.039216
vn 0.0005383 -0.9999998 0.0003346
v -0.0034317 -0.0070074 -0.0036371 0.039216 0.039216 0.039216
vn 0.0005383 -0.9999998 0.0003346
v -0.0036365 -0.0070079 -0.0047757 0.039216 0.039216 0.039216
vn 0.0005383 -0.9999998 0.0003346
v -0.0030198 -0.0070073 -0.0039884 0.039216 0.039216 0.039216
vn 0.0005383 -0.9999998 0.0003346
v -0.0031336 -0.0070077 -0.0051220 0.039216 0.039216 0.039216
vn 0.0005383 -0.9999998 0.0003346
v -0.0025722 -0.0070071 -0.0042931 0.039216 0.039216 0.039216
vn 0.0005383 -0.9999998 0.0003346
v -0.0025981 -0.0070075 -0.0054154 0.039216 0.039216 0.039216
vn 0.0005383 -0.9999998 0.0003346
v -0.0020944 -0.0070070 -0.0045476 0.039216 0.039216 0.039216
vn 0.0005383 -0.9999998 0.0003346
v 0.0203082 -0.0069974 -0.0120244 0.039216 0.039216 0.039216
vn 0.0005383 -0.9999998 0.0003346
v 0.0200086 -0.0069972 -0.0110629 0.039216 0.039216 0.039216
vn 0.0005383 -0.9999998 0.0003346
v 0.0195053 -0.0069976 -0.0112623 0.039216 0.039216 0.039216
vn 0.0005383 -0.9999998 0.0003346
v 0.0208892 -0.0069970 -0.0117337 0.039216 0.039216 0.039216
vn 0.0005383 -0.9999998 0.0003346
v 0.0204875 -0.0069969 -0.0108103 0.039216 0.039216 0.039216
vn 0.0005383 -0.9999998 0.0003346
v 0.0046624 -0.0070012 0.0018278 0.039216 0.039216 0.039216
vn 0.0005383 -0.9999998 0.0003346
v 0.0085221 -0.0069984 0.0039741 0.039216 0.039216 0.039216
vn 0.0005383 -0.9999998 0.0003346
v 0.0135051 -0.0069984 -0.0041703 0.039216 0.039216 0.039216
vn 0.0005383 -0.9999998 0.0003346
v 0.0049464 -0.0070019 -0.0008324 0.039216 0.039216 0.039216
vn 0.0005383 -0.9999998 0.0003346
v 0.0048290 -0.0070022 -0.0013609 0.039216 0.039216 0.039216
vn 0.0005383 -0.9999998 0.0003346
v 0.0132768 -0.0069987 -0.0046612 0.039216 0.039216 0.039216
vn 0.0005383 -0.9999998 0.0003346
v 0.0046551 -0.0070024 -0.0018736 0.039216 0.039216 0.039216
vn 0.0005383 -0.9999998 0.0003346
v 0.0168527 -0.0069958 -0.0016358 0.039216 0.039216 0.039216
vn 0.0005383 -0.9999998 0.0003346
v -0.0049187 -0.0070067 0.0008047 0.039216 0.039216 0.039216
vn 0.0005383 -0.9999998 0.0003346
v -0.0048012 -0.0070064 0.0013332 0.039216 0.039216 0.039216
vn 0.0005383 -0.9999998 0.0003346
v -0.0038032 -0.0070074 -0.0032433 0.039216 0.039216 0.039216
vn 0.0005383 -0.9999998 0.0003346
v -0.0015919 -0.0070068 -0.0047490 0.039216 0.039216 0.039216
vn 0.0005383 -0.9999998 0.0003346
v 0.0134959 -0.0070000 -0.0088544 0.039216 0.039216 0.039216
vn 0.0005383 -0.9999998 0.0003346
v 0.0132696 -0.0070000 -0.0083626 0.039216 0.039216 0.039216
vn 0.0005383 -0.9999998 0.0003346
v 0.0184258 -0.0069986 -0.0124994 0.039216 0.039216 0.039216
vn 0.0005383 -0.9999998 0.0003346
v 0.0184490 -0.0069982 -0.0114927 0.039216 0.039216 0.039216
vn 0.0005383 -0.9999998 0.0003346
v 0.0179083 -0.0069985 -0.0115210 0.039216 0.039216 0.039216
vn 0.0005383 -0.9999998 0.0003346
v 0.0190692 -0.0069982 -0.0124095 0.039216 0.039216 0.039216
vn 0.0005383 -0.9999998 0.0003346
v 0.0189834 -0.0069979 -0.0114062 0.039216 0.039216 0.039216
vn 0.0005383 -0.9999998 0.0003346
v 0.0214354 -0.0069966 -0.0113819 0.039216 0.039216 0.039216
vn 0.0005383 -0.9999998 0.0003346
v 0.0209362 -0.0069966 -0.0105073 0.039216 0.039216 0.039216
vn 0.0005383 -0.9999998 0.0003346
v 0.0219403 -0.0069962 -0.0109731 0.039216 0.039216 0.039216
vn 0.0005383 -0.9999998 0.0003346
v 0.0213495 -0.0069962 -0.0101576 0.039216 0.039216 0.039216
vn 0.0005383 -0.9999998 0.0003346
v 0.0223981 -0.0069958 -0.0105121 0.039216 0.039216 0.039216
vn 0.0005383 -0.9999998 0.0003346
v 0.0217226 -0.0069959 -0.0097653 0.039216 0.039216 0.039216
vn 0.0005383 -0.9999998 0.0003346
v 0.0044360 -0.0070011 0.0023196 0.039216 0.039216 0.039216
vn 0.0005383 -0.9999998 0.0003346
v 0.0030475 -0.0070013 0.0039607 0.039216 0.039216 0.039216
vn 0.0005383 -0.9999998 0.0003346
v 0.0034595 -0.0070012 0.0036094 0.039216 0.039216 0.039216
vn 0.0005383 -0.9999998 0.0003346
v -0.0009894 -0.0070025 0.0069857 0.039216 0.039216 0.039216
vn 0.0005383 -0.9999998 0.0003346
v -0.0005170 -0.0070029 0.0049579 0.039216 0.039216 0.039216
vn 0.0005383 -0.9999998 0.0003346
v 0.0000118 -0.0070026 0.0049862 0.039216 0.039216 0.039216
vn 0.0005383 -0.9999998 0.0003346
v 0.0141136 -0.0069978 -0.0032766 0.039216 0.039216 0.039216
vn 0.0005383 -0.9999998 0.0003346
v 0.0144867 -0.0069975 -0.0028843 0.039216 0.039216 0.039216
vn 0.0005383 -0.9999998 0.0003346
v 0.0044269 -0.0070027 -0.0023645 0.039216 0.039216 0.039216
vn 0.0005383 -0.9999998 0.0003346
v 0.0131029 -0.0069990 -0.0051739 0.039216 0.039216 0.039216
vn 0.0005383 -0.9999998 0.0003346
v 0.0184684 -0.0069949 -0.0015513 0.039216 0.039216 0.039216
vn 0.0005383 -0.9999998 0.0003346
v 0.0050060 -0.0070017 -0.0002943 0.039216 0.039216 0.039216
vn 0.0005383 -0.9999998 0.0003346
v 0.0153487 -0.0069968 -0.0022317 0.039216 0.039216 0.039216
vn 0.0005383 -0.9999998 0.0003346
v -0.0059894 -0.0070052 0.0069834 0.039216 0.039216 0.039216
vn 0.0005383 -0.9999998 0.0003346
v 0.0141009 -0.0070000 -0.0097505 0.039216 0.039216 0.039216
vn 0.0005383 -0.9999998 0.0003346
v 0.0137742 -0.0070000 -0.0093188 0.039216 0.039216 0.039216
vn 0.0005383 -0.9999998 0.0003346
v 0.0164903 -0.0069996 -0.0123486 0.039216 0.039216 0.039216
vn 0.0005383 -0.9999998 0.0003346
v 0.0168337 -0.0069991 -0.0114020 0.039216 0.039216 0.039216
vn 0.0005383 -0.9999998 0.0003346
v 0.0163123 -0.0069993 -0.0112561 0.039216 0.039216 0.039216
vn 0.0005383 -0.9999998 0.0003346
v 0.0171287 -0.0069993 -0.0124688 0.039216 0.039216 0.039216
vn 0.0005383 -0.9999998 0.0003346
v 0.0173678 -0.0069988 -0.0114906 0.039216 0.039216 0.039216
vn 0.0005383 -0.9999998 0.0003346
v 0.0177764 -0.0069989 -0.0125193 0.039216 0.039216 0.039216
vn 0.0005383 -0.9999998 0.0003346
v 0.0196991 -0.0069978 -0.0122505 0.039216 0.039216 0.039216
vn 0.0005383 -0.9999998 0.0003346
v 0.0041578 -0.0070011 0.0027840 0.039216 0.039216 0.039216
vn 0.0005383 -0.9999998 0.0003346
v 0.0038310 -0.0070012 0.0032157 0.039216 0.039216 0.039216
vn 0.0005383 -0.9999998 0.0003346
v 0.0000236 -0.0070026 0.0049862 0.039216 0.039216 0.039216
vn 0.0005383 -0.9999998 0.0003346
v 0.0137851 -0.0069981 -0.0037070 0.039216 0.039216 0.039216
vn 0.0005383 -0.9999998 0.0003346
v 0.0229623 -0.0069930 -0.0032720 0.039216 0.039216 0.039216
vn 0.0005383 -0.9999998 0.0003346
v 0.0220620 -0.0069937 -0.0037231 0.039216 0.039216 0.039216
vn 0.0005383 -0.9999998 0.0003346
v 0.0223402 -0.0069937 -0.0041876 0.039216 0.039216 0.039216
vn 0.0005383 -0.9999998 0.0003346
v 0.0225815 -0.0069931 -0.0027457 0.039216 0.039216 0.039216
vn 0.0005383 -0.9999998 0.0003346
v 0.0217352 -0.0069937 -0.0032915 0.039216 0.039216 0.039216
vn 0.0005383 -0.9999998 0.0003346
v 0.0221459 -0.0069931 -0.0022636 0.039216 0.039216 0.039216
vn 0.0005383 -0.9999998 0.0003346
v 0.0158275 -0.0069965 -0.0019790 0.039216 0.039216 0.039216
vn 0.0005383 -0.9999998 0.0003346
v -0.0043991 -0.0070059 0.0023368 0.039216 0.039216 0.039216
vn 0.0005383 -0.9999998 0.0003346
v -0.0041191 -0.0070056 0.0028002 0.039216 0.039216 0.039216
vn 0.0005383 -0.9999998 0.0003346
v -0.0046274 -0.0070062 0.0018459 0.039216 0.039216 0.039216
vn 0.0005383 -0.9999998 0.0003346
v 0.0144725 -0.0069999 -0.0101442 0.039216 0.039216 0.039216
vn 0.0005383 -0.9999998 0.0003346
v 0.0158686 -0.0069998 -0.0121601 0.039216 0.039216 0.039216
vn 0.0005383 -0.9999998 0.0003346
v 0.0148844 -0.0069998 -0.0104955 0.039216 0.039216 0.039216
vn 0.0005383 -0.9999998 0.0003346
v 0.0228033 -0.0069954 -0.0100044 0.039216 0.039216 0.039216
vn 0.0005383 -0.9999998 0.0003346
v 0.0220510 -0.0069956 -0.0093350 0.039216 0.039216 0.039216
vn 0.0005383 -0.9999998 0.0003346
v 0.0231513 -0.0069950 -0.0094558 0.039216 0.039216 0.039216
vn 0.0005383 -0.9999998 0.0003346
v 0.0223310 -0.0069953 -0.0088716 0.039216 0.039216 0.039216
vn 0.0005383 -0.9999998 0.0003346
v 0.0234380 -0.0069947 -0.0088727 0.039216 0.039216 0.039216
vn 0.0005383 -0.9999998 0.0003346
v 0.0225593 -0.0069950 -0.0083807 0.039216 0.039216 0.039216
vn 0.0005383 -0.9999998 0.0003346
v 0.0236599 -0.0069943 -0.0082622 0.039216 0.039216 0.039216
vn 0.0005383 -0.9999998 0.0003346
v 0.0227332 -0.0069947 -0.0078680 0.039216 0.039216 0.039216
vn 0.0005383 -0.9999998 0.0003346
v 0.0016196 -0.0070019 0.0047213 0.039216 0.039216 0.039216
vn 0.0005383 -0.9999998 0.0003346
v 0.0021222 -0.0070017 0.0045199 0.039216 0.039216 0.039216
vn 0.0005383 -0.9999998 0.0003346
v -0.0010514 -0.0070033 0.0048714 0.039216 0.039216 0.039216
vn 0.0005383 -0.9999998 0.0003346
v 0.0237356 -0.0069932 -0.0050527 0.039216 0.039216 0.039216
vn 0.0005383 -0.9999998 0.0003346
v 0.0227384 -0.0069938 -0.0051927 0.039216 0.039216 0.039216
vn 0.0005383 -0.9999998 0.0003346
v 0.0228538 -0.0069939 -0.0057217 0.039216 0.039216 0.039216
vn 0.0005383 -0.9999998 0.0003346
v 0.0235428 -0.0069931 -0.0044323 0.039216 0.039216 0.039216
vn 0.0005383 -0.9999998 0.0003346
v 0.0225666 -0.0069937 -0.0046793 0.039216 0.039216 0.039216
vn 0.0005383 -0.9999998 0.0003346
v 0.0149000 -0.0069971 -0.0025346 0.039216 0.039216 0.039216
vn 0.0005383 -0.9999998 0.0003346
v 0.0158098 -0.0069995 -0.0110547 0.039216 0.039216 0.039216
vn 0.0005383 -0.9999998 0.0003346
v 0.0153319 -0.0069997 -0.0108002 0.039216 0.039216 0.039216
vn 0.0005383 -0.9999998 0.0003346
v 0.0026000 -0.0070015 0.0042654 0.039216 0.039216 0.039216
vn 0.0005383 -0.9999998 0.0003346
v 0.0010983 -0.0070021 0.0048672 0.039216 0.039216 0.039216
vn 0.0005383 -0.9999998 0.0003346
v 0.0005642 -0.0070023 0.0049558 0.039216 0.039216 0.039216
vn 0.0005383 -0.9999998 0.0003346
v -0.0030042 -0.0070046 0.0039725 0.039216 0.039216 0.039216
vn 0.0005383 -0.9999998 0.0003346
v -0.0025555 -0.0070043 0.0042755 0.039216 0.039216 0.039216
vn 0.0005383 -0.9999998 0.0003346
v 0.0074582 -0.0069986 0.0052039 0.039216 0.039216 0.039216
vn 0.0005383 -0.9999998 0.0003346
v 0.0070255 -0.0069986 0.0058935 0.039216 0.039216 0.039216
vn 0.0005383 -0.9999998 0.0003346
v 0.0232840 -0.0069931 -0.0038364 0.039216 0.039216 0.039216
vn 0.0005383 -0.9999998 0.0003346
v 0.0041468 -0.0070030 -0.0028278 0.039216 0.039216 0.039216
vn 0.0005383 -0.9999998 0.0003346
v 0.0163308 -0.0069961 -0.0017796 0.039216 0.039216 0.039216
vn 0.0005383 -0.9999998 0.0003346
v 0.0238999 -0.0069938 -0.0069871 0.039216 0.039216 0.039216
vn 0.0005383 -0.9999998 0.0003346
v 0.0229102 -0.0069943 -0.0068014 0.039216 0.039216 0.039216
vn 0.0005383 -0.9999998 0.0003346
v 0.0228506 -0.0069945 -0.0073395 0.039216 0.039216 0.039216
vn 0.0005383 -0.9999998 0.0003346
v 0.0239153 -0.0069936 -0.0063376 0.039216 0.039216 0.039216
vn 0.0005383 -0.9999998 0.0003346
v 0.0229113 -0.0069941 -0.0062600 0.039216 0.039216 0.039216
vn 0.0005383 -0.9999998 0.0003346
v -0.0015734 -0.0070036 0.0047275 0.039216 0.039216 0.039216
vn 0.0005383 -0.9999998 0.0003346
v -0.0020767 -0.0070039 0.0045281 0.039216 0.039216 0.039216
vn 0.0005383 -0.9999998 0.0003346
v 0.0066651 -0.0069985 0.0066235 0.039216 0.039216 0.039216
vn 0.0005383 -0.9999998 0.0003346
v 0.0079588 -0.0069985 0.0045619 0.039216 0.039216 0.039216
vn 0.0005383 -0.9999998 0.0003346
v 0.0238603 -0.0069934 -0.0056903 0.039216 0.039216 0.039216
vn 0.0005383 -0.9999998 0.0003346
v 0.0238145 -0.0069940 -0.0076311 0.039216 0.039216 0.039216
vn 0.0005383 -0.9999998 0.0003346
v -0.0037906 -0.0070053 0.0032305 0.039216 0.039216 0.039216
vn 0.0005383 -0.9999998 0.0003346
v -0.0009967 -0.0069973 0.0225997 0.039216 0.039216 0.039216
vn 0.0005383 -0.9999998 0.0003346
v 0.0060093 -0.0069978 0.0097919 0.039216 0.039216 0.039216
vn 0.0005383 -0.9999998 0.0003346
v 0.0063807 -0.0069984 0.0073864 0.039216 0.039216 0.039216
vn 0.0005383 -0.9999998 0.0003346
v 0.0061753 -0.0069983 0.0081742 0.039216 0.039216 0.039216
vn 0.0005383 -0.9999998 0.0003346
v -0.0034175 -0.0070049 0.0036228 0.039216 0.039216 0.039216
vn 0.0005383 -0.9999998 0.0003346
v 0.0060511 -0.0069981 0.0089788 0.039216 0.039216 0.039216
vn 0.0005383 -0.9999998 0.0003346
v 0.0060033 -0.0069935 0.0226030 0.039216 0.039216 0.039216
vn 0.9630260 0.0004283 -0.2694081
v 0.0048293 -0.0075022 -0.0013607 0.494118 0.494118 0.494118
vn 0.9630260 0.0004283 -0.2694081
v 0.0048290 -0.0070022 -0.0013609 0.494118 0.494118 0.494118
vn 0.9865088 0.0004763 -0.1637074
v 0.0049464 -0.0070019 -0.0008324 0.494118 0.494118 0.494118
vn 0.9865088 0.0004763 -0.1637074
v 0.0049467 -0.0075019 -0.0008322 0.494118 0.494118 0.494118
vn 0.9984258 0.0005187 -0.0560874
v 0.0050060 -0.0070017 -0.0002943 0.494118 0.494118 0.494118
vn 0.9984258 0.0005187 -0.0560874
v 0.0050063 -0.0075017 -0.0002941 0.494118 0.494118 0.494118
vn 0.9986370 0.0005550 0.0521902
v 0.0050071 -0.0070015 0.0002471 0.494118 0.494118 0.494118
vn 0.9986370 0.0005550 0.0521902
v 0.0050073 -0.0075015 0.0002473 0.494118 0.494118 0.494118
vn 0.9871402 0.0005849 0.1598559
v 0.0049496 -0.0070014 0.0007854 0.494118 0.494118 0.494118
vn 0.9871402 0.0005849 0.1598559
v 0.0049499 -0.0075014 0.0007856 0.494118 0.494118 0.494118
vn 0.9640701 0.0006078 0.2656475
v 0.0048342 -0.0070013 0.0013144 0.494118 0.494118 0.494118
vn 0.9640701 0.0006078 0.2656475
v 0.0048345 -0.0075013 0.0013146 0.494118 0.494118 0.494118
vn 0.9296970 0.0006237 0.3683246
v 0.0046624 -0.0070012 0.0018278 0.494118 0.494118 0.494118
vn 0.9296970 0.0006237 0.3683246
v 0.0046626 -0.0075012 0.0018280 0.494118 0.494118 0.494118
vn 0.8844243 0.0006322 0.4666834
v 0.0044360 -0.0070011 0.0023196 0.494118 0.494118 0.494118
vn 0.8844243 0.0006322 0.4666834
v 0.0044363 -0.0075011 0.0023197 0.494118 0.494118 0.494118
vn 0.8287824 0.0006334 0.5595708
v 0.0041578 -0.0070011 0.0027840 0.494118 0.494118 0.494118
vn 0.8287824 0.0006334 0.5595708
v 0.0041581 -0.0075011 0.0027842 0.494118 0.494118 0.494118
vn 0.7634237 0.0006271 0.6458977
v 0.0038310 -0.0070012 0.0032157 0.494118 0.494118 0.494118
vn 0.7634237 0.0006271 0.6458977
v 0.0038313 -0.0075012 0.0032158 0.494118 0.494118 0.494118
vn 0.6891147 0.0006134 0.7246521
v 0.0034595 -0.0070012 0.0036094 0.494118 0.494118 0.494118
vn 0.6891147 0.0006134 0.7246521
v 0.0034597 -0.0075012 0.0036096 0.494118 0.494118 0.494118
vn 0.6067263 0.0005926 0.7949106
v 0.0030475 -0.0070013 0.0039607 0.494118 0.494118 0.494118
vn 0.6067263 0.0005926 0.7949106
v 0.0030478 -0.0075013 0.0039609 0.494118 0.494118 0.494118
vn 0.5172248 0.0005648 0.8558494
v 0.0026000 -0.0070015 0.0042654 0.494118 0.494118 0.494118
vn 0.5172248 0.0005648 0.8558494
v 0.0026003 -0.0075015 0.0042656 0.494118 0.494118 0.494118
vn 0.4216592 0.0005304 0.9067543
v 0.0021222 -0.0070017 0.0045199 0.494118 0.494118 0.494118
vn 0.4216592 0.0005304 0.9067543
v 0.0021225 -0.0075017 0.0045201 0.494118 0.494118 0.494118
vn 0.3211500 0.0004897 0.9470282
v 0.0016196 -0.0070019 0.0047213 0.494118 0.494118 0.494118
vn 0.3211500 0.0004897 0.9470282
v 0.0016199 -0.0075019 0.0047215 0.494118 0.494118 0.494118
vn 0.2168757 0.0004434 0.9761992
v 0.0010983 -0.0070021 0.0048672 0.494118 0.494118 0.494118
vn 0.2168757 0.0004434 0.9761992
v 0.0010985 -0.0075021 0.0048673 0.494118 0.494118 0.494118
vn 0.1100586 0.0003918 0.9939250
v 0.0005642 -0.0070023 0.0049558 0.494118 0.494118 0.494118
vn 0.1100586 0.0003918 0.9939250
v 0.0005644 -0.0075023 0.0049560 0.494118 0.494118 0.494118
vn 0.0019512 0.0003356 0.9999980
v 0.0000236 -0.0070026 0.0049862 0.494118 0.494118 0.494118
vn -0.1061790 0.0002755 0.9943470
v -0.0005167 -0.0075029 0.0049581 0.494118 0.494118 0.494118
vn 0.0019512 0.0003356 0.9999980
v 0.0000239 -0.0075026 0.0049863 0.494118 0.494118 0.494118
vn -0.0004223 0.0003344 0.9999999
v 0.0000118 -0.0070026 0.0049862 0.494118 0.494118 0.494118
vn -0.1061790 0.0002755 0.9943470
v -0.0005170 -0.0070029 0.0049579 0.494118 0.494118 0.494118
vn -0.2130644 0.0002122 0.9770381
v -0.0010514 -0.0070033 0.0048714 0.494118 0.494118 0.494118
vn -0.2130644 0.0002122 0.9770381
v -0.0010512 -0.0075033 0.0048715 0.494118 0.494118 0.494118
vn -0.3174518 0.0001464 0.9482744
v -0.0015734 -0.0070036 0.0047275 0.494118 0.494118 0.494118
vn -0.3174518 0.0001464 0.9482744
v -0.0015731 -0.0075036 0.0047277 0.494118 0.494118 0.494118
vn -0.4181174 0.0000789 0.9083930
v -0.0020767 -0.0070039 0.0045281 0.494118 0.494118 0.494118
vn -0.4181174 0.0000789 0.9083930
v -0.0020764 -0.0075039 0.0045283 0.494118 0.494118 0.494118
vn -0.5138809 0.0000104 0.8578616
v -0.0025555 -0.0070043 0.0042755 0.494118 0.494118 0.494118
vn -0.5138809 0.0000104 0.8578616
v -0.0025553 -0.0075043 0.0042756 0.494118 0.494118 0.494118
vn -0.6036196 -0.0000582 0.7972725
v -0.0030042 -0.0070046 0.0039725 0.494118 0.494118 0.494118
vn -0.6036196 -0.0000582 0.7972725
v -0.0030039 -0.0075046 0.0039727 0.494118 0.494118 0.494118
vn -0.6862815 -0.0001261 0.7273361
v -0.0034175 -0.0070049 0.0036228 0.494118 0.494118 0.494118
vn -0.6862815 -0.0001261 0.7273361
v -0.0034173 -0.0075049 0.0036230 0.494118 0.494118 0.494118
vn -0.7608973 -0.0001925 0.6488724
v -0.0037906 -0.0070053 0.0032305 0.494118 0.494118 0.494118
vn -0.7608973 -0.0001925 0.6488724
v -0.0037903 -0.0075053 0.0032307 0.494118 0.494118 0.494118
vn -0.8265924 -0.0002566 0.5628011
v -0.0041191 -0.0070056 0.0028002 0.494118 0.494118 0.494118
vn -0.8265924 -0.0002566 0.5628011
v -0.0041188 -0.0075056 0.0028003 0.494118 0.494118 0.494118
vn -0.8825963 -0.0003178 0.4701317
v -0.0043991 -0.0070059 0.0023368 0.494118 0.494118 0.494118
vn -0.8825963 -0.0003178 0.4701317
v -0.0043988 -0.0075059 0.0023370 0.494118 0.494118 0.494118
vn -0.9282526 -0.0003752 0.3719503
v -0.0046274 -0.0070062 0.0018459 0.494118 0.494118 0.494118
vn -0.9282526 -0.0003752 0.3719503
v -0.0046271 -0.0075062 0.0018461 0.494118 0.494118 0.494118
vn -0.9630260 -0.0004283 0.2694081
v -0.0048012 -0.0070064 0.0013332 0.494118 0.494118 0.494118
vn -0.9630260 -0.0004283 0.2694081
v -0.0048010 -0.0075064 0.0013334 0.494118 0.494118 0.494118
vn -0.9630260 -0.0004283 0.2694081
v -0.0048010 -0.0075064 0.0013334 0.494118 0.494118 0.494118
vn -0.9630260 -0.0004283 0.2694081
v -0.0048012 -0.0070064 0.0013332 0.494118 0.494118 0.494118
vn -0.9865088 -0.0004763 0.1637074
v -0.0049187 -0.0070067 0.0008047 0.494118 0.494118 0.494118
vn -0.9865088 -0.0004763 0.1637074
v -0.0049184 -0.0075067 0.0008049 0.494118 0.494118 0.494118
vn -0.9984258 -0.0005187 0.0560874
v -0.0049782 -0.0070069 0.0002666 0.494118 0.494118 0.494118
vn -0.9984258 -0.0005187 0.0560874
v -0.0049780 -0.0075069 0.0002668 0.494118 0.494118 0.494118
vn -0.9986370 -0.0005550 -0.0521902
v -0.0049793 -0.0070071 -0.0002748 0.494118 0.494118 0.494118
vn -0.9871402 -0.0005849 -0.1598559
v -0.0049218 -0.0070072 -0.0008131 0.494118 0.494118 0.494118
vn -0.9927706 -0.0005746 -0.1200263
v -0.0049497 -0.0075072 -0.0006138 0.494118 0.494118 0.494118
vn -0.9871402 -0.0005849 -0.1598559
v -0.0049215 -0.0075072 -0.0008129 0.494118 0.494118 0.494118
vn -0.9640701 -0.0006078 -0.2656475
v -0.0048065 -0.0070073 -0.0013421 0.494118 0.494118 0.494118
vn -0.9640701 -0.0006078 -0.2656475
v -0.0048062 -0.0075074 -0.0013419 0.494118 0.494118 0.494118
vn -0.9296970 -0.0006237 -0.3683246
v -0.0046346 -0.0070074 -0.0018555 0.494118 0.494118 0.494118
vn -0.9296970 -0.0006237 -0.3683246
v -0.0046343 -0.0075074 -0.0018553 0.494118 0.494118 0.494118
vn -0.8844243 -0.0006322 -0.4666834
v -0.0044082 -0.0070075 -0.0023473 0.494118 0.494118 0.494118
vn -0.8844243 -0.0006322 -0.4666834
v -0.0044080 -0.0075075 -0.0023471 0.494118 0.494118 0.494118
vn -0.8287824 -0.0006334 -0.5595708
v -0.0041300 -0.0070075 -0.0028117 0.494118 0.494118 0.494118
vn -0.8287824 -0.0006334 -0.5595708
v -0.0041298 -0.0075075 -0.0028115 0.494118 0.494118 0.494118
vn -0.7634237 -0.0006271 -0.6458977
v -0.0038032 -0.0070074 -0.0032433 0.494118 0.494118 0.494118
vn -0.7634237 -0.0006271 -0.6458977
v -0.0038030 -0.0075074 -0.0032432 0.494118 0.494118 0.494118
vn -0.6891147 -0.0006134 -0.7246521
v -0.0034317 -0.0070074 -0.0036371 0.494118 0.494118 0.494118
vn -0.6891147 -0.0006134 -0.7246521
v -0.0034314 -0.0075074 -0.0036369 0.494118 0.494118 0.494118
vn -0.6067263 -0.0005926 -0.7949106
v -0.0030198 -0.0070073 -0.0039884 0.494118 0.494118 0.494118
vn -0.6067263 -0.0005926 -0.7949106
v -0.0030195 -0.0075073 -0.0039882 0.494118 0.494118 0.494118
vn -0.5172248 -0.0005648 -0.8558494
v -0.0025722 -0.0070071 -0.0042931 0.494118 0.494118 0.494118
vn -0.5172248 -0.0005648 -0.8558494
v -0.0025720 -0.0075071 -0.0042929 0.494118 0.494118 0.494118
vn -0.4216592 -0.0005304 -0.9067543
v -0.0020944 -0.0070070 -0.0045476 0.494118 0.494118 0.494118
vn -0.4216592 -0.0005304 -0.9067543
v -0.0020941 -0.0075070 -0.0045474 0.494118 0.494118 0.494118
vn -0.3211500 -0.0004897 -0.9470282
v -0.0015919 -0.0070068 -0.0047490 0.494118 0.494118 0.494118
vn -0.3211500 -0.0004897 -0.9470282
v -0.0015916 -0.0075068 -0.0047488 0.494118 0.494118 0.494118
vn -0.2168757 -0.0004434 -0.9761992
v -0.0010705 -0.0070065 -0.0048948 0.494118 0.494118 0.494118
vn -0.2168757 -0.0004434 -0.9761992
v -0.0010702 -0.0075065 -0.0048947 0.494118 0.494118 0.494118
vn -0.1100586 -0.0003918 -0.9939250
v -0.0005364 -0.0070063 -0.0049835 0.494118 0.494118 0.494118
vn -0.1100586 -0.0003918 -0.9939250
v -0.0005361 -0.0075063 -0.0049833 0.494118 0.494118 0.494118
vn -0.0019512 -0.0003356 -0.9999980
v 0.0000041 -0.0070060 -0.0050138 0.494118 0.494118 0.494118
vn -0.0019512 -0.0003356 -0.9999980
v 0.0000044 -0.0075060 -0.0050137 0.494118 0.494118 0.494118
vn 0.1061790 -0.0002755 -0.9943470
v 0.0005448 -0.0070057 -0.0049856 0.494118 0.494118 0.494118
vn 0.1061790 -0.0002755 -0.9943470
v 0.0005450 -0.0075057 -0.0049854 0.494118 0.494118 0.494118
vn 0.2130644 -0.0002122 -0.9770381
v 0.0010792 -0.0070054 -0.0048990 0.494118 0.494118 0.494118
vn 0.2130644 -0.0002122 -0.9770381
v 0.0010795 -0.0075054 -0.0048989 0.494118 0.494118 0.494118
vn 0.3174518 -0.0001464 -0.9482744
v 0.0016011 -0.0070050 -0.0047552 0.494118 0.494118 0.494118
vn 0.3174518 -0.0001464 -0.9482744
v 0.0016014 -0.0075050 -0.0047550 0.494118 0.494118 0.494118
vn 0.4181174 -0.0000789 -0.9083930
v 0.0021045 -0.0070047 -0.0045558 0.494118 0.494118 0.494118
vn 0.4181174 -0.0000789 -0.9083930
v 0.0021047 -0.0075047 -0.0045556 0.494118 0.494118 0.494118
vn 0.5138809 -0.0000104 -0.8578616
v 0.0025833 -0.0070044 -0.0043031 0.494118 0.494118 0.494118
vn 0.5138809 -0.0000104 -0.8578616
v 0.0025836 -0.0075044 -0.0043030 0.494118 0.494118 0.494118
vn 0.6036196 0.0000582 -0.7972725
v 0.0030320 -0.0070040 -0.0040002 0.494118 0.494118 0.494118
vn 0.6036196 0.0000582 -0.7972725
v 0.0030322 -0.0075040 -0.0040000 0.494118 0.494118 0.494118
vn 0.6862815 0.0001261 -0.7273361
v 0.0034453 -0.0070037 -0.0036505 0.494118 0.494118 0.494118
vn 0.6862815 0.0001261 -0.7273361
v 0.0034456 -0.0075037 -0.0036503 0.494118 0.494118 0.494118
vn 0.7608973 0.0001925 -0.6488724
v 0.0038184 -0.0070033 -0.0032582 0.494118 0.494118 0.494118
vn 0.7608973 0.0001925 -0.6488724
v 0.0038186 -0.0075033 -0.0032580 0.494118 0.494118 0.494118
vn 0.8265924 0.0002566 -0.5628011
v 0.0041468 -0.0070030 -0.0028278 0.494118 0.494118 0.494118
vn 0.8265924 0.0002566 -0.5628011
v 0.0041471 -0.0075030 -0.0028277 0.494118 0.494118 0.494118
vn 0.8825963 0.0003178 -0.4701317
v 0.0044269 -0.0070027 -0.0023645 0.494118 0.494118 0.494118
vn 0.8825963 0.0003178 -0.4701317
v 0.0044271 -0.0075027 -0.0023643 0.494118 0.494118 0.494118
vn 0.9282526 0.0003752 -0.3719503
v 0.0046551 -0.0070024 -0.0018736 0.494118 0.494118 0.494118
vn 0.9282526 0.0003752 -0.3719503
v 0.0046554 -0.0075024 -0.0018734 0.494118 0.494118 0.494118
vn 0.9630260 0.0004283 -0.2694081
v 0.0048290 -0.0070022 -0.0013609 0.494118 0.494118 0.494118
vn 0.9630260 0.0004283 -0.2694081
v 0.0048293 -0.0075022 -0.0013607 0.494118 0.494118 0.494118
vn -0.9986370 -0.0005550 -0.0521902
v -0.0049790 -0.0075071 -0.0002746 0.494118 0.494118 0.494118
vn 0.0005383 -0.9999998 0.0003346
v -0.0015731 -0.0075036 0.0047277 0.494118 0.494118 0.494118
vn 0.0005383 -0.9999998 0.0003346
v 0.0016199 -0.0075019 0.0047215 0.494118 0.494118 0.494118
vn 0.0005383 -0.9999998 0.0003346
v 0.0010985 -0.0075021 0.0048673 0.494118 0.494118 0.494118
vn 0.0005383 -0.9999998 0.0003346
v -0.0049215 -0.0075072 -0.0008129 0.494118 0.494118 0.494118
vn 0.0005383 -0.9999998 0.0003346
v -0.0046343 -0.0075074 -0.0018553 0.494118 0.494118 0.494118
vn 0.0005383 -0.9999998 0.0003346
v -0.0044080 -0.0075075 -0.0023471 0.494118 0.494118 0.494118
vn 0.0005383 -0.9999998 0.0003346
v -0.0037903 -0.0075053 0.0032307 0.494118 0.494118 0.494118
vn 0.0005383 -0.9999998 0.0003346
v -0.0041188 -0.0075056 0.0028003 0.494118 0.494118 0.494118
vn 0.0005383 -0.9999998 0.0003346
v -0.0030039 -0.0075046 0.0039727 0.494118 0.494118 0.494118
vn 0.0005383 -0.9999998 0.0003346
v -0.0034173 -0.0075049 0.0036230 0.494118 0.494118 0.494118
vn 0.0005383 -0.9999998 0.0003346
v -0.0020764 -0.0075039 0.0045283 0.494118 0.494118 0.494118
vn 0.0005383 -0.9999998 0.0003346
v 0.0000239 -0.0075026 0.0049863 0.494118 0.494118 0.494118
vn 0.0005383 -0.9999998 0.0003346
v -0.0005167 -0.0075029 0.0049581 0.494118 0.494118 0.494118
vn 0.0005383 -0.9999998 0.0003346
v -0.0010512 -0.0075033 0.0048715 0.494118 0.494118 0.494118
vn 0.0005383 -0.9999998 0.0003346
v 0.0005644 -0.0075023 0.0049560 0.494118 0.494118 0.494118
vn 0.0005383 -0.9999998 0.0003346
v 0.0046554 -0.0075024 -0.0018734 0.494118 0.494118 0.494118
vn 0.0005383 -0.9999998 0.0003346
v 0.0048293 -0.0075022 -0.0013607 0.494118 0.494118 0.494118
vn 0.0005383 -0.9999998 0.0003346
v 0.0041471 -0.0075030 -0.0028277 0.494118 0.494118 0.494118
vn 0.0005383 -0.9999998 0.0003346
v 0.0044271 -0.0075027 -0.0023643 0.494118 0.494118 0.494118
vn 0.0005383 -0.9999998 0.0003346
v 0.0000044 -0.0075060 -0.0050137 0.494118 0.494118 0.494118
vn 0.0005383 -0.9999998 0.0003346
v 0.0005450 -0.0075057 -0.0049854 0.494118 0.494118 0.494118
vn 0.0005383 -0.9999998 0.0003346
v -0.0010702 -0.0075065 -0.0048947 0.494118 0.494118 0.494118
vn 0.0005383 -0.9999998 0.0003346
v -0.0005361 -0.0075063 -0.0049833 0.494118 0.494118 0.494118
vn 0.0005383 -0.9999998 0.0003346
v -0.0034314 -0.0075074 -0.0036369 0.494118 0.494118 0.494118
vn 0.0005383 -0.9999998 0.0003346
v -0.0030195 -0.0075073 -0.0039882 0.494118 0.494118 0.494118
vn 0.0005383 -0.9999998 0.0003346
v -0.0048062 -0.0075074 -0.0013419 0.494118 0.494118 0.494118
vn 0.0005383 -0.9999998 0.0003346
v -0.0043988 -0.0075059 0.0023370 0.494118 0.494118 0.494118
vn 0.0005383 -0.9999998 0.0003346
v -0.0046271 -0.0075062 0.0018461 0.494118 0.494118 0.494118
vn 0.0005383 -0.9999998 0.0003346
v -0.0025553 -0.0075043 0.0042756 0.494118 0.494118 0.494118
vn 0.0005383 -0.9999998 0.0003346
v -0.0048010 -0.0075064 0.0013334 0.494118 0.494118 0.494118
vn 0.0005383 -0.9999998 0.0003346
v 0.0026003 -0.0075015 0.0042656 0.494118 0.494118 0.494118
vn 0.0005383 -0.9999998 0.0003346
v 0.0021225 -0.0075017 0.0045201 0.494118 0.494118 0.494118
vn 0.0005383 -0.9999998 0.0003346
v 0.0038313 -0.0075012 0.0032158 0.494118 0.494118 0.494118
vn 0.0005383 -0.9999998 0.0003346
v 0.0034597 -0.0075012 0.0036096 0.494118 0.494118 0.494118
vn 0.0005383 -0.9999998 0.0003346
v 0.0049467 -0.0075019 -0.0008322 0.494118 0.494118 0.494118
vn 0.0005383 -0.9999998 0.0003346
v 0.0050063 -0.0075017 -0.0002941 0.494118 0.494118 0.494118
vn 0.0005383 -0.9999998 0.0003346
v -0.0020941 -0.0075070 -0.0045474 0.494118 0.494118 0.494118
vn 0.0005383 -0.9999998 0.0003346
v -0.0015916 -0.0075068 -0.0047488 0.494118 0.494118 0.494118
vn 0.0005383 -0.9999998 0.0003346
v -0.0038030 -0.0075074 -0.0032432 0.494118 0.494118 0.494118
vn 0.0005383 -0.9999998 0.0003346
v -0.0041298 -0.0075075 -0.0028115 0.494118 0.494118 0.494118
vn 0.0005383 -0.9999998 0.0003346
v 0.0030478 -0.0075013 0.0039609 0.494118 0.494118 0.494118
vn 0.0005383 -0.9999998 0.0003346
v 0.0041581 -0.0075011 0.0027842 0.494118 0.494118 0.494118
vn 0.0005383 -0.9999998 0.0003346
v 0.0046626 -0.0075012 0.0018280 0.494118 0.494118 0.494118
vn 0.0005383 -0.9999998 0.0003346
v 0.0044363 -0.0075011 0.0023197 0.494118 0.494118 0.494118
vn 0.0005383 -0.9999998 0.0003346
v 0.0034456 -0.0075037 -0.0036503 0.494118 0.494118 0.494118
vn 0.0005383 -0.9999998 0.0003346
v 0.0038186 -0.0075033 -0.0032580 0.494118 0.494118 0.494118
vn 0.0005383 -0.9999998 0.0003346
v 0.0021047 -0.0075047 -0.0045556 0.494118 0.494118 0.494118
vn 0.0005383 -0.9999998 0.0003346
v 0.0025836 -0.0075044 -0.0043030 0.494118 0.494118 0.494118
vn 0.0005383 -0.9999998 0.0003346
v 0.0010795 -0.0075054 -0.0048989 0.494118 0.494118 0.494118
vn 0.0005383 -0.9999998 0.0003346
v 0.0016014 -0.0075050 -0.0047550 0.494118 0.494118 0.494118
vn 0.0005383 -0.9999998 0.0003346
v 0.0048345 -0.0075013 0.0013146 0.494118 0.494118 0.494118
vn 0.0005383 -0.9999998 0.0003346
v 0.0050073 -0.0075015 0.0002473 0.494118 0.494118 0.494118
vn 0.0005383 -0.9999998 0.0003346
v 0.0049499 -0.0075014 0.0007856 0.494118 0.494118 0.494118
vn 0.0005383 -0.9999998 0.0003346
v 0.0030322 -0.0075040 -0.0040000 0.494118 0.494118 0.494118
vn 0.0005383 -0.9999998 0.0003346
v -0.0025720 -0.0075071 -0.0042929 0.494118 0.494118 0.494118
vn 0.0005383 -0.9999998 0.0003346
v -0.0049184 -0.0075067 0.0008049 0.494118 0.494118 0.494118
vn 0.0005383 -0.9999998 0.0003346
v -0.0049780 -0.0075069 0.0002668 0.494118 0.494118 0.494118
vn 0.0005383 -0.9999998 0.0003346
v -0.0049497 -0.0075072 -0.0006138 0.494118 0.494118 0.494118
vn 0.0005383 -0.9999998 0.0003346
v -0.0049790 -0.0075071 -0.0002746 0.494118 0.494118 0.494118
vn 0.9630260 0.0004283 -0.2694081
v 0.0227335 -0.0074947 -0.0078678 0.494118 0.494118 0.494118
vn 0.9630260 0.0004283 -0.2694081
v 0.0227332 -0.0069947 -0.0078680 0.494118 0.494118 0.494118
vn 0.9865088 0.0004763 -0.1637074
v 0.0228506 -0.0069945 -0.0073395 0.494118 0.494118 0.494118
vn 0.9865088 0.0004763 -0.1637074
v 0.0228509 -0.0074945 -0.0073393 0.494118 0.494118 0.494118
vn 0.9984258 0.0005187 -0.0560874
v 0.0229102 -0.0069943 -0.0068014 0.494118 0.494118 0.494118
vn 0.9984258 0.0005187 -0.0560874
v 0.0229105 -0.0074943 -0.0068012 0.494118 0.494118 0.494118
vn 0.9986370 0.0005550 0.0521902
v 0.0229113 -0.0069941 -0.0062600 0.494118 0.494118 0.494118
vn 0.9986370 0.0005550 0.0521902
v 0.0229115 -0.0074941 -0.0062598 0.494118 0.494118 0.494118
vn 0.9871402 0.0005849 0.1598559
v 0.0228538 -0.0069939 -0.0057217 0.494118 0.494118 0.494118
vn 0.9871402 0.0005849 0.1598559
v 0.0228540 -0.0074939 -0.0057215 0.494118 0.494118 0.494118
vn 0.9640701 0.0006078 0.2656475
v 0.0227384 -0.0069938 -0.0051927 0.494118 0.494118 0.494118
vn 0.9640701 0.0006078 0.2656475
v 0.0227387 -0.0074938 -0.0051926 0.494118 0.494118 0.494118
vn 0.9296970 0.0006237 0.3683246
v 0.0225666 -0.0069937 -0.0046793 0.494118 0.494118 0.494118
vn 0.9296970 0.0006237 0.3683246
v 0.0225668 -0.0074937 -0.0046792 0.494118 0.494118 0.494118
vn 0.8844243 0.0006322 0.4666834
v 0.0223402 -0.0069937 -0.0041876 0.494118 0.494118 0.494118
vn 0.8844243 0.0006322 0.4666834
v 0.0223405 -0.0074937 -0.0041874 0.494118 0.494118 0.494118
vn 0.8287824 0.0006334 0.5595708
v 0.0220620 -0.0069937 -0.0037231 0.494118 0.494118 0.494118
vn 0.8287824 0.0006334 0.5595708
v 0.0220622 -0.0074937 -0.0037229 0.494118 0.494118 0.494118
vn 0.7634237 0.0006271 0.6458977
v 0.0217352 -0.0069937 -0.0032915 0.494118 0.494118 0.494118
vn 0.7634237 0.0006271 0.6458977
v 0.0217355 -0.0074937 -0.0032913 0.494118 0.494118 0.494118
vn 0.6891147 0.0006134 0.7246521
v 0.0213636 -0.0069938 -0.0028977 0.494118 0.494118 0.494118
vn 0.6891147 0.0006134 0.7246521
v 0.0213639 -0.0074938 -0.0028975 0.494118 0.494118 0.494118
vn 0.6067263 0.0005926 0.7949106
v 0.0209517 -0.0069939 -0.0025464 0.494118 0.494118 0.494118
vn 0.6067263 0.0005926 0.7949106
v 0.0209520 -0.0074939 -0.0025462 0.494118 0.494118 0.494118
vn 0.5172248 0.0005648 0.8558494
v 0.0205042 -0.0069940 -0.0022417 0.494118 0.494118 0.494118
vn 0.5172248 0.0005648 0.8558494
v 0.0205045 -0.0074940 -0.0022416 0.494118 0.494118 0.494118
vn 0.4216592 0.0005304 0.9067543
v 0.0200264 -0.0069942 -0.0019872 0.494118 0.494118 0.494118
vn 0.4216592 0.0005304 0.9067543
v 0.0200266 -0.0074942 -0.0019870 0.494118 0.494118 0.494118
vn 0.3211500 0.0004897 0.9470282
v 0.0195238 -0.0069944 -0.0017858 0.494118 0.494118 0.494118
vn 0.3211500 0.0004897 0.9470282
v 0.0195241 -0.0074944 -0.0017857 0.494118 0.494118 0.494118
vn 0.2168757 0.0004434 0.9761992
v 0.0190024 -0.0069946 -0.0016400 0.494118 0.494118 0.494118
vn 0.2168757 0.0004434 0.9761992
v 0.0190027 -0.0074946 -0.0016398 0.494118 0.494118 0.494118
vn 0.1100586 0.0003918 0.9939250
v 0.0184684 -0.0069949 -0.0015513 0.494118 0.494118 0.494118
vn 0.1100586 0.0003918 0.9939250
v 0.0184686 -0.0074949 -0.0015512 0.494118 0.494118 0.494118
vn 0.0019512 0.0003356 0.9999980
v 0.0179278 -0.0069952 -0.0015210 0.494118 0.494118 0.494118
vn -0.1061790 0.0002755 0.9943470
v 0.0173874 -0.0074955 -0.0015491 0.494118 0.494118 0.494118
vn 0.0019512 0.0003356 0.9999980
v 0.0179281 -0.0074952 -0.0015208 0.494118 0.494118 0.494118
vn -0.0004223 0.0003344 0.9999999
v 0.0179160 -0.0069952 -0.0015210 0.494118 0.494118 0.494118
vn -0.1061790 0.0002755 0.9943470
v 0.0173872 -0.0069955 -0.0015492 0.494118 0.494118 0.494118
vn -0.2130644 0.0002122 0.9770381
v 0.0168527 -0.0069958 -0.0016358 0.494118 0.494118 0.494118
vn -0.2130644 0.0002122 0.9770381
v 0.0168530 -0.0074958 -0.0016356 0.494118 0.494118 0.494118
vn -0.3174518 0.0001464 0.9482744
v 0.0163308 -0.0069961 -0.0017796 0.494118 0.494118 0.494118
vn -0.3174518 0.0001464 0.9482744
v 0.0163311 -0.0074961 -0.0017794 0.494118 0.494118 0.494118
vn -0.4181174 0.0000789 0.9083930
v 0.0158275 -0.0069965 -0.0019790 0.494118 0.494118 0.494118
vn -0.4181174 0.0000789 0.9083930
v 0.0158277 -0.0074965 -0.0019788 0.494118 0.494118 0.494118
vn -0.5138809 0.0000104 0.8578616
v 0.0153487 -0.0069968 -0.0022317 0.494118 0.494118 0.494118
vn -0.5138809 0.0000104 0.8578616
v 0.0153489 -0.0074968 -0.0022315 0.494118 0.494118 0.494118
vn -0.6036196 -0.0000582 0.7972725
v 0.0149000 -0.0069971 -0.0025346 0.494118 0.494118 0.494118
vn -0.6036196 -0.0000582 0.7972725
v 0.0149002 -0.0074971 -0.0025344 0.494118 0.494118 0.494118
vn -0.6862815 -0.0001261 0.7273361
v 0.0144867 -0.0069975 -0.0028843 0.494118 0.494118 0.494118
vn -0.6862815 -0.0001261 0.7273361
v 0.0144869 -0.0074975 -0.0028841 0.494118 0.494118 0.494118
vn -0.7608973 -0.0001925 0.6488724
v 0.0141136 -0.0069978 -0.0032766 0.494118 0.494118 0.494118
vn -0.7608973 -0.0001925 0.6488724
v 0.0141138 -0.0074978 -0.0032764 0.494118 0.494118 0.494118
vn -0.8265924 -0.0002566 0.5628011
v 0.0137851 -0.0069981 -0.0037070 0.494118 0.494118 0.494118
vn -0.8265924 -0.0002566 0.5628011
v 0.0137854 -0.0074981 -0.0037068 0.494118 0.494118 0.494118
vn -0.8825963 -0.0003178 0.4701317
v 0.0135051 -0.0069984 -0.0041703 0.494118 0.494118 0.494118
vn -0.8825963 -0.0003178 0.4701317
v 0.0135054 -0.0074984 -0.0041701 0.494118 0.494118 0.494118
vn -0.9282526 -0.0003752 0.3719503
v 0.0132768 -0.0069987 -0.0046612 0.494118 0.494118 0.494118
vn -0.9282526 -0.0003752 0.3719503
v 0.0132771 -0.0074987 -0.0046610 0.494118 0.494118 0.494118
vn -0.9630260 -0.0004283 0.2694081
v 0.0131029 -0.0069990 -0.0051739 0.494118 0.494118 0.494118
vn -0.9630260 -0.0004283 0.2694081
v 0.0131032 -0.0074990 -0.0051738 0.494118 0.494118 0.494118
vn -0.9630260 -0.0004283 0.2694081
v 0.0131032 -0.0074990 -0.0051738 0.494118 0.494118 0.494118
vn -0.9630260 -0.0004283 0.2694081
v 0.0131029 -0.0069990 -0.0051739 0.494118 0.494118 0.494118
vn -0.9865088 -0.0004763 0.1637074
v 0.0129855 -0.0069992 -0.0057024 0.494118 0.494118 0.494118
vn -0.9865088 -0.0004763 0.1637074
v 0.0129858 -0.0074992 -0.0057023 0.494118 0.494118 0.494118
vn -0.9984258 -0.0005187 0.0560874
v 0.0129259 -0.0069994 -0.0062405 0.494118 0.494118 0.494118
vn -0.9984258 -0.0005187 0.0560874
v 0.0129262 -0.0074994 -0.0062404 0.494118 0.494118 0.494118
vn -0.9986370 -0.0005550 -0.0521902
v 0.0129249 -0.0069996 -0.0067819 0.494118 0.494118 0.494118
vn -0.9871402 -0.0005849 -0.1598559
v 0.0129824 -0.0069998 -0.0073202 0.494118 0.494118 0.494118
vn -0.9927706 -0.0005746 -0.1200263
v 0.0129545 -0.0074997 -0.0071209 0.494118 0.494118 0.494118
vn -0.9871402 -0.0005849 -0.1598559
v 0.0129826 -0.0074998 -0.0073201 0.494118 0.494118 0.494118
vn -0.9640701 -0.0006078 -0.2656475
v 0.0130977 -0.0069999 -0.0078492 0.494118 0.494118 0.494118
vn -0.9640701 -0.0006078 -0.2656475
v 0.0130980 -0.0074999 -0.0078490 0.494118 0.494118 0.494118
vn -0.9296970 -0.0006237 -0.3683246
v 0.0132696 -0.0070000 -0.0083626 0.494118 0.494118 0.494118
vn -0.9296970 -0.0006237 -0.3683246
v 0.0132698 -0.0075000 -0.0083624 0.494118 0.494118 0.494118
vn -0.8844243 -0.0006322 -0.4666834
v 0.0134959 -0.0070000 -0.0088544 0.494118 0.494118 0.494118
vn -0.8844243 -0.0006322 -0.4666834
v 0.0134962 -0.0075000 -0.0088542 0.494118 0.494118 0.494118
vn -0.8287824 -0.0006334 -0.5595708
v 0.0137742 -0.0070000 -0.0093188 0.494118 0.494118 0.494118
vn -0.8287824 -0.0006334 -0.5595708
v 0.0137744 -0.0075000 -0.0093187 0.494118 0.494118 0.494118
vn -0.7634237 -0.0006271 -0.6458977
v 0.0141009 -0.0070000 -0.0097505 0.494118 0.494118 0.494118
vn -0.7634237 -0.0006271 -0.6458977
v 0.0141012 -0.0075000 -0.0097503 0.494118 0.494118 0.494118
vn -0.6891147 -0.0006134 -0.7246521
v 0.0144725 -0.0069999 -0.0101442 0.494118 0.494118 0.494118
vn -0.6891147 -0.0006134 -0.7246521
v 0.0144728 -0.0074999 -0.0101441 0.494118 0.494118 0.494118
vn -0.6067263 -0.0005926 -0.7949106
v 0.0148844 -0.0069998 -0.0104955 0.494118 0.494118 0.494118
vn -0.6067263 -0.0005926 -0.7949106
v 0.0148847 -0.0074998 -0.0104954 0.494118 0.494118 0.494118
vn -0.5172248 -0.0005648 -0.8558494
v 0.0153319 -0.0069997 -0.0108002 0.494118 0.494118 0.494118
vn -0.5172248 -0.0005648 -0.8558494
v 0.0153322 -0.0074997 -0.0108000 0.494118 0.494118 0.494118
vn -0.4216592 -0.0005304 -0.9067543
v 0.0158098 -0.0069995 -0.0110547 0.494118 0.494118 0.494118
vn -0.4216592 -0.0005304 -0.9067543
v 0.0158100 -0.0074995 -0.0110546 0.494118 0.494118 0.494118
vn -0.3211500 -0.0004897 -0.9470282
v 0.0163123 -0.0069993 -0.0112561 0.494118 0.494118 0.494118
vn -0.3211500 -0.0004897 -0.9470282
v 0.0163126 -0.0074993 -0.0112559 0.494118 0.494118 0.494118
vn -0.2168757 -0.0004434 -0.9761992
v 0.0168337 -0.0069991 -0.0114020 0.494118 0.494118 0.494118
vn -0.2168757 -0.0004434 -0.9761992
v 0.0168340 -0.0074991 -0.0114018 0.494118 0.494118 0.494118
vn -0.1100586 -0.0003918 -0.9939250
v 0.0173678 -0.0069988 -0.0114906 0.494118 0.494118 0.494118
vn -0.1100586 -0.0003918 -0.9939250
v 0.0173680 -0.0074988 -0.0114904 0.494118 0.494118 0.494118
vn -0.0019512 -0.0003356 -0.9999980
v 0.0179083 -0.0069985 -0.0115210 0.494118 0.494118 0.494118
vn -0.0019512 -0.0003356 -0.9999980
v 0.0179086 -0.0074985 -0.0115208 0.494118 0.494118 0.494118
vn 0.1061790 -0.0002755 -0.9943470
v 0.0184490 -0.0069982 -0.0114927 0.494118 0.494118 0.494118
vn 0.1061790 -0.0002755 -0.9943470
v 0.0184492 -0.0074982 -0.0114925 0.494118 0.494118 0.494118
vn 0.2130644 -0.0002122 -0.9770381
v 0.0189834 -0.0069979 -0.0114062 0.494118 0.494118 0.494118
vn 0.2130644 -0.0002122 -0.9770381
v 0.0189837 -0.0074979 -0.0114060 0.494118 0.494118 0.494118
vn 0.3174518 -0.0001464 -0.9482744
v 0.0195053 -0.0069976 -0.0112623 0.494118 0.494118 0.494118
vn 0.3174518 -0.0001464 -0.9482744
v 0.0195056 -0.0074976 -0.0112622 0.494118 0.494118 0.494118
vn 0.4181174 -0.0000789 -0.9083930
v 0.0200086 -0.0069972 -0.0110629 0.494118 0.494118 0.494118
vn 0.4181174 -0.0000789 -0.9083930
v 0.0200089 -0.0074972 -0.0110628 0.494118 0.494118 0.494118
vn 0.5138809 -0.0000104 -0.8578616
v 0.0204875 -0.0069969 -0.0108103 0.494118 0.494118 0.494118
vn 0.5138809 -0.0000104 -0.8578616
v 0.0204877 -0.0074969 -0.0108101 0.494118 0.494118 0.494118
vn 0.6036196 0.0000582 -0.7972725
v 0.0209362 -0.0069966 -0.0105073 0.494118 0.494118 0.494118
vn 0.6036196 0.0000582 -0.7972725
v 0.0209364 -0.0074966 -0.0105072 0.494118 0.494118 0.494118
vn 0.6862815 0.0001261 -0.7273361
v 0.0213495 -0.0069962 -0.0101576 0.494118 0.494118 0.494118
vn 0.6862815 0.0001261 -0.7273361
v 0.0213497 -0.0074962 -0.0101575 0.494118 0.494118 0.494118
vn 0.7608973 0.0001925 -0.6488724
v 0.0217226 -0.0069959 -0.0097653 0.494118 0.494118 0.494118
vn 0.7608973 0.0001925 -0.6488724
v 0.0217228 -0.0074959 -0.0097652 0.494118 0.494118 0.494118
vn 0.8265924 0.0002566 -0.5628011
v 0.0220510 -0.0069956 -0.0093350 0.494118 0.494118 0.494118
vn 0.8265924 0.0002566 -0.5628011
v 0.0220513 -0.0074956 -0.0093348 0.494118 0.494118 0.494118
vn 0.8825963 0.0003178 -0.4701317
v 0.0223310 -0.0069953 -0.0088716 0.494118 0.494118 0.494118
vn 0.8825963 0.0003178 -0.4701317
v 0.0223313 -0.0074953 -0.0088715 0.494118 0.494118 0.494118
vn 0.9282526 0.0003752 -0.3719503
v 0.0225593 -0.0069950 -0.0083807 0.494118 0.494118 0.494118
vn 0.9282526 0.0003752 -0.3719503
v 0.0225596 -0.0074950 -0.0083806 0.494118 0.494118 0.494118
vn 0.9630260 0.0004283 -0.2694081
v 0.0227332 -0.0069947 -0.0078680 0.494118 0.494118 0.494118
vn 0.9630260 0.0004283 -0.2694081
v 0.0227335 -0.0074947 -0.0078678 0.494118 0.494118 0.494118
vn -0.9986370 -0.0005550 -0.0521902
v 0.0129251 -0.0074996 -0.0067817 0.494118 0.494118 0.494118
vn 0.0005383 -0.9999998 0.0003346
v 0.0129826 -0.0074998 -0.0073201 0.494118 0.494118 0.494118
vn 0.0005383 -0.9999998 0.0003346
v 0.0204877 -0.0074969 -0.0108101 0.494118 0.494118 0.494118
vn 0.0005383 -0.9999998 0.0003346
v 0.0209364 -0.0074966 -0.0105072 0.494118 0.494118 0.494118
vn 0.0005383 -0.9999998 0.0003346
v 0.0223313 -0.0074953 -0.0088715 0.494118 0.494118 0.494118
vn 0.0005383 -0.9999998 0.0003346
v 0.0225596 -0.0074950 -0.0083806 0.494118 0.494118 0.494118
vn 0.0005383 -0.9999998 0.0003346
v 0.0213497 -0.0074962 -0.0101575 0.494118 0.494118 0.494118
vn 0.0005383 -0.9999998 0.0003346
v 0.0217228 -0.0074959 -0.0097652 0.494118 0.494118 0.494118
vn 0.0005383 -0.9999998 0.0003346
v 0.0200089 -0.0074972 -0.0110628 0.494118 0.494118 0.494118
vn 0.0005383 -0.9999998 0.0003346
v 0.0132698 -0.0075000 -0.0083624 0.494118 0.494118 0.494118
vn 0.0005383 -0.9999998 0.0003346
v 0.0141012 -0.0075000 -0.0097503 0.494118 0.494118 0.494118
vn 0.0005383 -0.9999998 0.0003346
v 0.0144728 -0.0074999 -0.0101441 0.494118 0.494118 0.494118
vn 0.0005383 -0.9999998 0.0003346
v 0.0134962 -0.0075000 -0.0088542 0.494118 0.494118 0.494118
vn 0.0005383 -0.9999998 0.0003346
v 0.0220513 -0.0074956 -0.0093348 0.494118 0.494118 0.494118
vn 0.0005383 -0.9999998 0.0003346
v 0.0148847 -0.0074998 -0.0104954 0.494118 0.494118 0.494118
vn 0.0005383 -0.9999998 0.0003346
v 0.0153322 -0.0074997 -0.0108000 0.494118 0.494118 0.494118
vn 0.0005383 -0.9999998 0.0003346
v 0.0137744 -0.0075000 -0.0093187 0.494118 0.494118 0.494118
vn 0.0005383 -0.9999998 0.0003346
v 0.0229115 -0.0074941 -0.0062598 0.494118 0.494118 0.494118
vn 0.0005383 -0.9999998 0.0003346
v 0.0149002 -0.0074971 -0.0025344 0.494118 0.494118 0.494118
vn 0.0005383 -0.9999998 0.0003346
v 0.0144869 -0.0074975 -0.0028841 0.494118 0.494118 0.494118
vn 0.0005383 -0.9999998 0.0003346
v 0.0158277 -0.0074965 -0.0019788 0.494118 0.494118 0.494118
vn 0.0005383 -0.9999998 0.0003346
v 0.0153489 -0.0074968 -0.0022315 0.494118 0.494118 0.494118
vn 0.0005383 -0.9999998 0.0003346
v 0.0173874 -0.0074955 -0.0015491 0.494118 0.494118 0.494118
vn 0.0005383 -0.9999998 0.0003346
v 0.0168530 -0.0074958 -0.0016356 0.494118 0.494118 0.494118
vn 0.0005383 -0.9999998 0.0003346
v 0.0190027 -0.0074946 -0.0016398 0.494118 0.494118 0.494118
vn 0.0005383 -0.9999998 0.0003346
v 0.0184686 -0.0074949 -0.0015512 0.494118 0.494118 0.494118
vn 0.0005383 -0.9999998 0.0003346
v 0.0200266 -0.0074942 -0.0019870 0.494118 0.494118 0.494118
vn 0.0005383 -0.9999998 0.0003346
v 0.0195241 -0.0074944 -0.0017857 0.494118 0.494118 0.494118
vn 0.0005383 -0.9999998 0.0003346
v 0.0213639 -0.0074938 -0.0028975 0.494118 0.494118 0.494118
vn 0.0005383 -0.9999998 0.0003346
v 0.0209520 -0.0074939 -0.0025462 0.494118 0.494118 0.494118
vn 0.0005383 -0.9999998 0.0003346
v 0.0189837 -0.0074979 -0.0114060 0.494118 0.494118 0.494118
vn 0.0005383 -0.9999998 0.0003346
v 0.0195056 -0.0074976 -0.0112622 0.494118 0.494118 0.494118
vn 0.0005383 -0.9999998 0.0003346
v 0.0158100 -0.0074995 -0.0110546 0.494118 0.494118 0.494118
vn 0.0005383 -0.9999998 0.0003346
v 0.0130980 -0.0074999 -0.0078490 0.494118 0.494118 0.494118
vn 0.0005383 -0.9999998 0.0003346
v 0.0131032 -0.0074990 -0.0051738 0.494118 0.494118 0.494118
vn 0.0005383 -0.9999998 0.0003346
v 0.0129858 -0.0074992 -0.0057023 0.494118 0.494118 0.494118
vn 0.0005383 -0.9999998 0.0003346
v 0.0137854 -0.0074981 -0.0037068 0.494118 0.494118 0.494118
vn 0.0005383 -0.9999998 0.0003346
v 0.0135054 -0.0074984 -0.0041701 0.494118 0.494118 0.494118
vn 0.0005383 -0.9999998 0.0003346
v 0.0163311 -0.0074961 -0.0017794 0.494118 0.494118 0.494118
vn 0.0005383 -0.9999998 0.0003346
v 0.0205045 -0.0074940 -0.0022416 0.494118 0.494118 0.494118
vn 0.0005383 -0.9999998 0.0003346
v 0.0225668 -0.0074937 -0.0046792 0.494118 0.494118 0.494118
vn 0.0005383 -0.9999998 0.0003346
v 0.0223405 -0.0074937 -0.0041874 0.494118 0.494118 0.494118
vn 0.0005383 -0.9999998 0.0003346
v 0.0228540 -0.0074939 -0.0057215 0.494118 0.494118 0.494118
vn 0.0005383 -0.9999998 0.0003346
v 0.0227387 -0.0074938 -0.0051926 0.494118 0.494118 0.494118
vn 0.0005383 -0.9999998 0.0003346
v 0.0227335 -0.0074947 -0.0078678 0.494118 0.494118 0.494118
vn 0.0005383 -0.9999998 0.0003346
v 0.0228509 -0.0074945 -0.0073393 0.494118 0.494118 0.494118
vn 0.0005383 -0.9999998 0.0003346
v 0.0173680 -0.0074988 -0.0114904 0.494118 0.494118 0.494118
vn 0.0005383 -0.9999998 0.0003346
v 0.0179086 -0.0074985 -0.0115208 0.494118 0.494118 0.494118
vn 0.0005383 -0.9999998 0.0003346
v 0.0163126 -0.0074993 -0.0112559 0.494118 0.494118 0.494118
vn 0.0005383 -0.9999998 0.0003346
v 0.0132771 -0.0074987 -0.0046610 0.494118 0.494118 0.494118
vn 0.0005383 -0.9999998 0.0003346
v 0.0141138 -0.0074978 -0.0032764 0.494118 0.494118 0.494118
vn 0.0005383 -0.9999998 0.0003346
v 0.0220622 -0.0074937 -0.0037229 0.494118 0.494118 0.494118
vn 0.0005383 -0.9999998 0.0003346
v 0.0217355 -0.0074937 -0.0032913 0.494118 0.494118 0.494118
vn 0.0005383 -0.9999998 0.0003346
v 0.0229105 -0.0074943 -0.0068012 0.494118 0.494118 0.494118
vn 0.0005383 -0.9999998 0.0003346
v 0.0184492 -0.0074982 -0.0114925 0.494118 0.494118 0.494118
vn 0.0005383 -0.9999998 0.0003346
v 0.0168340 -0.0074991 -0.0114018 0.494118 0.494118 0.494118
vn 0.0005383 -0.9999998 0.0003346
v 0.0129262 -0.0074994 -0.0062404 0.494118 0.494118 0.494118
vn 0.0005383 -0.9999998 0.0003346
v 0.0179281 -0.0074952 -0.0015208 0.494118 0.494118 0.494118
vn 0.0005383 -0.9999998 0.0003346
v 0.0129545 -0.0074997 -0.0071209 0.494118 0.494118 0.494118
vn 0.0005383 -0.9999998 0.0003346
v 0.0129251 -0.0074996 -0.0067817 0.494118 0.494118 0.494118
vn -0.9999998 -0.0005385 -0.0004666
v -0.0009973 0.0015428 0.0141966 0.039216 0.039216 0.039216
vn -0.9999998 -0.0005385 -0.0004666
v -0.0009996 0.0005571 0.0200897 0.039216 0.039216 0.039216
vn -0.9999998 -0.0005385 -0.0004666
v -0.0010041 0.0066217 0.0227714 0.039216 0.039216 0.039216
vn -0.9999998 -0.0005385 -0.0004666
v -0.0009995 0.0004032 0.0200379 0.039216 0.039216 0.039216
vn -0.9999998 -0.0005385 -0.0004666
v -0.0010041 0.0065889 0.0228146 0.039216 0.039216 0.039216
vn -0.9999998 -0.0005385 -0.0004666
v -0.0010041 0.0066589 0.0227321 0.039216 0.039216 0.039216
vn -0.9999998 -0.0005385 -0.0004666
v -0.0009894 -0.0070025 0.0069857 0.039216 0.039216 0.039216
vn -0.9999998 -0.0005385 -0.0004666
v -0.0009953 -0.0000929 0.0117859 0.039216 0.039216 0.039216
vn -0.9999998 -0.0005385 -0.0004666
v -0.0009954 0.0000911 0.0117858 0.039216 0.039216 0.039216
vn -0.9999998 -0.0005385 -0.0004666
v -0.0010041 0.0067450 0.0226667 0.039216 0.039216 0.039216
vn -0.9999998 -0.0005385 -0.0004666
v -0.0009973 0.0016109 0.0140256 0.039216 0.039216 0.039216
vn -0.9999998 -0.0005385 -0.0004666
v -0.0009994 0.0002445 0.0200030 0.039216 0.039216 0.039216
vn -0.9999998 -0.0005385 -0.0004666
v -0.0009992 -0.0000794 0.0199856 0.039216 0.039216 0.039216
vn -0.9999998 -0.0005385 -0.0004666
v -0.0009993 0.0000831 0.0199855 0.039216 0.039216 0.039216
vn -0.9999998 -0.0005385 -0.0004666
v -0.0009969 0.0069975 0.0069810 0.039216 0.039216 0.039216
vn -0.9999998 -0.0005385 -0.0004666
v -0.0009957 0.0004539 0.0118452 0.039216 0.039216 0.039216
vn -0.9999998 -0.0005385 -0.0004666
v -0.0009958 0.0006284 0.0119039 0.039216 0.039216 0.039216
vn -0.9999998 -0.0005385 -0.0004666
v -0.0009989 -0.0012832 0.0207104 0.039216 0.039216 0.039216
vn -0.9999998 -0.0005385 -0.0004666
v -0.0009970 0.0000923 0.0151808 0.039216 0.039216 0.039216
vn -0.9999998 -0.0005385 -0.0004666
v -0.0009970 0.0000002 0.0151834 0.039216 0.039216 0.039216
vn -0.9999998 -0.0005385 -0.0004666
v -0.0010041 0.0067002 0.0226971 0.039216 0.039216 0.039216
vn -0.9999998 -0.0005385 -0.0004666
v -0.0009991 -0.0002408 0.0200032 0.039216 0.039216 0.039216
vn -0.9999998 -0.0005385 -0.0004666
v -0.0009990 -0.0005533 0.0200901 0.039216 0.039216 0.039216
vn -0.9999998 -0.0005385 -0.0004666
v -0.0009990 -0.0003994 0.0200382 0.039216 0.039216 0.039216
vn -0.9999998 -0.0005385 -0.0004666
v -0.0009956 0.0002741 0.0118057 0.039216 0.039216 0.039216
vn -0.9999998 -0.0005385 -0.0004666
v -0.0009953 -0.0002759 0.0118058 0.039216 0.039216 0.039216
vn -0.9999998 -0.0005385 -0.0004666
v -0.0009967 -0.0004546 0.0151215 0.039216 0.039216 0.039216
vn -0.9999998 -0.0005385 -0.0004666
v -0.0009989 -0.0013592 0.0208540 0.039216 0.039216 0.039216
vn -0.9999998 -0.0005385 -0.0004666
v -0.0009969 -0.0000918 0.0151809 0.039216 0.039216 0.039216
vn -0.9999998 -0.0005385 -0.0004666
v -0.0010042 0.0065036 0.0231222 0.039216 0.039216 0.039216
vn -0.9999998 -0.0005385 -0.0004666
v -0.0010042 0.0065029 0.0230952 0.039216 0.039216 0.039216
vn -0.9999998 -0.0005385 -0.0004666
v -0.0010009 0.0005580 0.0228766 0.039216 0.039216 0.039216
vn -0.9999998 -0.0005385 -0.0004666
v -0.0009989 -0.0008399 0.0202421 0.039216 0.039216 0.039216
vn -0.9999998 -0.0005385 -0.0004666
v -0.0009989 -0.0007007 0.0201583 0.039216 0.039216 0.039216
vn -0.9999998 -0.0005385 -0.0004666
v -0.0009989 -0.0010870 0.0204522 0.039216 0.039216 0.039216
vn -0.9999998 -0.0005385 -0.0004666
v -0.0009989 -0.0009691 0.0203404 0.039216 0.039216 0.039216
vn -0.9999998 -0.0005385 -0.0004666
v -0.0009951 -0.0006301 0.0119043 0.039216 0.039216 0.039216
vn -0.9999998 -0.0005385 -0.0004666
v -0.0009952 -0.0004557 0.0118455 0.039216 0.039216 0.039216
vn -0.9999998 -0.0005385 -0.0004666
v -0.0009967 -0.0069973 0.0225997 0.039216 0.039216 0.039216
vn -0.9999998 -0.0005385 -0.0004666
v -0.0009965 -0.0007961 0.0149856 0.039216 0.039216 0.039216
vn -0.9999998 -0.0005385 -0.0004666
v -0.0009963 -0.0009539 0.0148907 0.039216 0.039216 0.039216
vn -0.9999998 -0.0005385 -0.0004666
v -0.0009989 -0.0014193 0.0210049 0.039216 0.039216 0.039216
vn -0.9999998 -0.0005385 -0.0004666
v -0.0009971 0.0002753 0.0151609 0.039216 0.039216 0.039216
vn -0.9999998 -0.0005385 -0.0004666
v -0.0009973 0.0007965 0.0149851 0.039216 0.039216 0.039216
vn -0.9999998 -0.0005385 -0.0004666
v -0.0009973 0.0006294 0.0150624 0.039216 0.039216 0.039216
vn -0.9999998 -0.0005385 -0.0004666
v -0.0010008 0.0004041 0.0229285 0.039216 0.039216 0.039216
vn -0.9999998 -0.0005385 -0.0004666
v -0.0009962 0.0010998 0.0121873 0.039216 0.039216 0.039216
vn -0.9999998 -0.0005385 -0.0004666
v -0.0009963 0.0012335 0.0123139 0.039216 0.039216 0.039216
vn -0.9999998 -0.0005385 -0.0004666
v -0.0009966 -0.0006290 0.0150628 0.039216 0.039216 0.039216
vn -0.9999998 -0.0005385 -0.0004666
v -0.0009968 -0.0002748 0.0151610 0.039216 0.039216 0.039216
vn -0.9999998 -0.0005385 -0.0004666
v -0.0009972 0.0004550 0.0151212 0.039216 0.039216 0.039216
vn -0.9999998 -0.0005385 -0.0004666
v -0.0009972 -0.0065153 0.0232333 0.039216 0.039216 0.039216
vn -0.9999998 -0.0005385 -0.0004666
v -0.0010007 0.0000841 0.0229811 0.039216 0.039216 0.039216
vn -0.9999998 -0.0005385 -0.0004666
v -0.0010006 0.0000028 0.0229833 0.039216 0.039216 0.039216
vn -0.9999998 -0.0005385 -0.0004666
v -0.0010042 0.0065095 0.0231761 0.039216 0.039216 0.039216
vn -0.9999998 -0.0005385 -0.0004666
v -0.0010039 -0.0069921 0.0379857 0.039216 0.039216 0.039216
vn -0.9999998 -0.0005385 -0.0004666
v -0.0010045 0.0000976 0.0311808 0.039216 0.039216 0.039216
vn -0.9999998 -0.0005385 -0.0004666
v -0.0010045 0.0000056 0.0311833 0.039216 0.039216 0.039216
vn -0.9999998 -0.0005385 -0.0004666
v -0.0009989 -0.0011921 0.0205760 0.039216 0.039216 0.039216
vn -0.9999998 -0.0005385 -0.0004666
v -0.0009960 0.0009532 0.0120760 0.039216 0.039216 0.039216
vn -0.9999998 -0.0005385 -0.0004666
v -0.0009959 0.0007955 0.0119811 0.039216 0.039216 0.039216
vn -0.9999998 -0.0005385 -0.0004666
v -0.0009950 -0.0011013 0.0121880 0.039216 0.039216 0.039216
vn -0.9999998 -0.0005385 -0.0004666
v -0.0009950 -0.0009548 0.0120766 0.039216 0.039216 0.039216
vn -0.9999998 -0.0005385 -0.0004666
v -0.0009994 -0.0014190 0.0219628 0.039216 0.039216 0.039216
vn -0.9999998 -0.0005385 -0.0004666
v -0.0009972 -0.0064979 0.0230725 0.039216 0.039216 0.039216
vn -0.9999998 -0.0005385 -0.0004666
v -0.0009972 -0.0064978 0.0231266 0.039216 0.039216 0.039216
vn -0.9999998 -0.0005385 -0.0004666
v -0.0010003 -0.0005524 0.0228770 0.039216 0.039216 0.039216
vn -0.9999998 -0.0005385 -0.0004666
v -0.0010002 -0.0006998 0.0228089 0.039216 0.039216 0.039216
vn -0.9999998 -0.0005385 -0.0004666
v -0.0010006 -0.0000784 0.0229812 0.039216 0.039216 0.039216
vn -0.9999998 -0.0005385 -0.0004666
v -0.0010007 0.0002455 0.0229635 0.039216 0.039216 0.039216
vn -0.9999998 -0.0005385 -0.0004666
v -0.0010042 0.0065036 0.0230681 0.039216 0.039216 0.039216
vn -0.9999998 -0.0005385 -0.0004666
v -0.0009991 -0.0014977 0.0214839 0.039216 0.039216 0.039216
vn -0.9999998 -0.0005385 -0.0004666
v -0.0009967 -0.0069432 0.0226026 0.039216 0.039216 0.039216
vn -0.9999998 -0.0005385 -0.0004666
v -0.0010042 0.0065211 0.0232289 0.039216 0.039216 0.039216
vn -0.9999998 -0.0005385 -0.0004666
v -0.0009972 -0.0069429 0.0235967 0.039216 0.039216 0.039216
vn -0.9999998 -0.0005385 -0.0004666
v -0.0010025 -0.0009495 0.0280766 0.039216 0.039216 0.039216
vn -0.9999998 -0.0005385 -0.0004666
v -0.0010043 0.0065891 0.0233757 0.039216 0.039216 0.039216
vn -0.9999998 -0.0005385 -0.0004666
v -0.0010025 -0.0007918 0.0279816 0.039216 0.039216 0.039216
vn -0.9999998 -0.0005385 -0.0004666
v -0.0010045 0.0067004 0.0234932 0.039216 0.039216 0.039216
vn -0.9999998 -0.0005385 -0.0004666
v -0.0010044 0.0066592 0.0234581 0.039216 0.039216 0.039216
vn -0.9999998 -0.0005385 -0.0004666
v -0.0010044 -0.0000864 0.0311809 0.039216 0.039216 0.039216
vn -0.9999998 -0.0005385 -0.0004666
v -0.0010041 0.0067928 0.0226413 0.039216 0.039216 0.039216
vn -0.9999998 -0.0005385 -0.0004666
v -0.0009972 0.0016898 0.0136666 0.039216 0.039216 0.039216
vn -0.9999998 -0.0005385 -0.0004666
v -0.0009973 0.0016600 0.0138482 0.039216 0.039216 0.039216
vn -0.9999998 -0.0005385 -0.0004666
v -0.0009951 -0.0007971 0.0119816 0.039216 0.039216 0.039216
vn -0.9999998 -0.0005385 -0.0004666
v -0.0009950 -0.0014573 0.0126074 0.039216 0.039216 0.039216
vn -0.9999998 -0.0005385 -0.0004666
v -0.0009950 -0.0013540 0.0124550 0.039216 0.039216 0.039216
vn -0.9999998 -0.0005385 -0.0004666
v -0.0010008 0.0014936 0.0216450 0.039216 0.039216 0.039216
vn -0.9999998 -0.0005385 -0.0004666
v -0.0010009 0.0014674 0.0218053 0.039216 0.039216 0.039216
vn -0.9999998 -0.0005385 -0.0004666
v -0.0010041 0.0065383 0.0229101 0.039216 0.039216 0.039216
vn -0.9999998 -0.0005385 -0.0004666
v -0.0010006 0.0014935 0.0213207 0.039216 0.039216 0.039216
vn -0.9999998 -0.0005385 -0.0004666
v -0.0010007 0.0015023 0.0214828 0.039216 0.039216 0.039216
vn -0.9999998 -0.0005385 -0.0004666
v -0.0009997 0.0007045 0.0201578 0.039216 0.039216 0.039216
vn -0.9999998 -0.0005385 -0.0004666
v -0.0009974 0.0013534 0.0145117 0.039216 0.039216 0.039216
vn -0.9999998 -0.0005385 -0.0004666
v -0.0009974 0.0012343 0.0146520 0.039216 0.039216 0.039216
vn -0.9999998 -0.0005385 -0.0004666
v -0.0009973 -0.0066532 0.0234626 0.039216 0.039216 0.039216
vn -0.9999998 -0.0005385 -0.0004666
v -0.0009973 -0.0066944 0.0234976 0.039216 0.039216 0.039216
vn -0.9999998 -0.0005385 -0.0004666
v -0.0009971 -0.0065037 0.0230186 0.039216 0.039216 0.039216
vn -0.9999998 -0.0005385 -0.0004666
v -0.0009993 -0.0014625 0.0218063 0.039216 0.039216 0.039216
vn -0.9999998 -0.0005385 -0.0004666
v -0.0010000 -0.0008390 0.0227252 0.039216 0.039216 0.039216
vn -0.9999998 -0.0005385 -0.0004666
v -0.0010041 0.0065094 0.0230143 0.039216 0.039216 0.039216
vn -0.9999998 -0.0005385 -0.0004666
v -0.0009969 -0.0066947 0.0227015 0.039216 0.039216 0.039216
vn -0.9999998 -0.0005385 -0.0004666
v -0.0009969 -0.0066534 0.0227366 0.039216 0.039216 0.039216
vn -0.9999998 -0.0005385 -0.0004666
v -0.0009968 -0.0068376 0.0226258 0.039216 0.039216 0.039216
vn -0.9999998 -0.0005385 -0.0004666
v -0.0009968 -0.0067873 0.0226458 0.039216 0.039216 0.039216
vn -0.9999998 -0.0005385 -0.0004666
v -0.0009967 -0.0068898 0.0226113 0.039216 0.039216 0.039216
vn -0.9999998 -0.0005385 -0.0004666
v -0.0010025 -0.0010960 0.0281880 0.039216 0.039216 0.039216
vn -0.9999998 -0.0005385 -0.0004666
v -0.0010044 0.0066219 0.0234188 0.039216 0.039216 0.039216
vn -0.9999998 -0.0005385 -0.0004666
v -0.0010046 0.0002806 0.0311609 0.039216 0.039216 0.039216
vn -0.9999998 -0.0005385 -0.0004666
v -0.0010042 0.0068952 0.0226067 0.039216 0.039216 0.039216
vn -0.9999998 -0.0005385 -0.0004666
v -0.0009966 0.0014560 0.0126064 0.039216 0.039216 0.039216
vn -0.9999998 -0.0005385 -0.0004666
v -0.0010041 0.0068431 0.0226212 0.039216 0.039216 0.039216
vn -0.9999998 -0.0005385 -0.0004666
v -0.0009967 0.0015423 0.0127690 0.039216 0.039216 0.039216
vn -0.9999998 -0.0005385 -0.0004666
v -0.0009970 0.0016896 0.0132990 0.039216 0.039216 0.039216
vn -0.9999998 -0.0005385 -0.0004666
v -0.0009971 0.0016997 0.0134828 0.039216 0.039216 0.039216
vn -0.9999998 -0.0005385 -0.0004666
v -0.0009968 0.0016105 0.0129400 0.039216 0.039216 0.039216
vn -0.9999998 -0.0005385 -0.0004666
v -0.0009950 -0.0012349 0.0123147 0.039216 0.039216 0.039216
vn -0.9999998 -0.0005385 -0.0004666
v -0.0010041 0.0065610 0.0228610 0.039216 0.039216 0.039216
vn -0.9999998 -0.0005385 -0.0004666
v -0.0010006 0.0014672 0.0211604 0.039216 0.039216 0.039216
vn -0.9999998 -0.0005385 -0.0004666
v -0.0009999 0.0009730 0.0203398 0.039216 0.039216 0.039216
vn -0.9999998 -0.0005385 -0.0004666
v -0.0010000 0.0010910 0.0204514 0.039216 0.039216 0.039216
vn -0.9999998 -0.0005385 -0.0004666
v -0.0009998 0.0008437 0.0202415 0.039216 0.039216 0.039216
vn -0.9999998 -0.0005385 -0.0004666
v -0.0009961 -0.0012341 0.0146529 0.039216 0.039216 0.039216
vn -0.9999998 -0.0005385 -0.0004666
v -0.0009959 -0.0013533 0.0145126 0.039216 0.039216 0.039216
vn -0.9999998 -0.0005385 -0.0004666
v -0.0009974 0.0009542 0.0148901 0.039216 0.039216 0.039216
vn -0.9999998 -0.0005385 -0.0004666
v -0.0009974 0.0011007 0.0147787 0.039216 0.039216 0.039216
vn -0.9999998 -0.0005385 -0.0004666
v -0.0009972 -0.0067392 0.0235280 0.039216 0.039216 0.039216
vn -0.9999998 -0.0005385 -0.0004666
v -0.0009973 -0.0065553 0.0233337 0.039216 0.039216 0.039216
vn -0.9999998 -0.0005385 -0.0004666
v -0.0009973 -0.0065832 0.0233801 0.039216 0.039216 0.039216
vn -0.9999998 -0.0005385 -0.0004666
v -0.0009972 -0.0065037 0.0231804 0.039216 0.039216 0.039216
vn -0.9999998 -0.0005385 -0.0004666
v -0.0009971 -0.0065154 0.0229658 0.039216 0.039216 0.039216
vn -0.9999998 -0.0005385 -0.0004666
v -0.0009998 -0.0010863 0.0225153 0.039216 0.039216 0.039216
vn -0.9999998 -0.0005385 -0.0004666
v -0.0009997 -0.0011915 0.0223915 0.039216 0.039216 0.039216
vn -0.9999998 -0.0005385 -0.0004666
v -0.0009999 -0.0009684 0.0226269 0.039216 0.039216 0.039216
vn -0.9999998 -0.0005385 -0.0004666
v -0.0010005 -0.0002398 0.0229637 0.039216 0.039216 0.039216
vn -0.9999998 -0.0005385 -0.0004666
v -0.0010004 -0.0003985 0.0229288 0.039216 0.039216 0.039216
vn -0.9999998 -0.0005385 -0.0004666
v -0.0009968 -0.0067395 0.0226712 0.039216 0.039216 0.039216
vn -0.9999998 -0.0005385 -0.0004666
v -0.0010043 0.0065385 0.0232802 0.039216 0.039216 0.039216
vn -0.9999998 -0.0005385 -0.0004666
v -0.0010045 0.0067452 0.0235235 0.039216 0.039216 0.039216
vn -0.9999998 -0.0005385 -0.0004666
v -0.0010026 -0.0006247 0.0279043 0.039216 0.039216 0.039216
vn -0.9999998 -0.0005385 -0.0004666
v -0.0010026 -0.0004503 0.0278455 0.039216 0.039216 0.039216
vn -0.9999998 -0.0005385 -0.0004666
v -0.0010061 0.0065050 0.0271321 0.039216 0.039216 0.039216
vn -0.9999998 -0.0005385 -0.0004666
v -0.0010045 0.0067931 0.0235489 0.039216 0.039216 0.039216
vn -0.9999998 -0.0005385 -0.0004666
v -0.0010028 -0.0000876 0.0277859 0.039216 0.039216 0.039216
vn -0.9999998 -0.0005385 -0.0004666
v -0.0010061 0.0065050 0.0271862 0.039216 0.039216 0.039216
vn -0.9999998 -0.0005385 -0.0004666
v -0.0010061 0.0065042 0.0271592 0.039216 0.039216 0.039216
vn -0.9999998 -0.0005385 -0.0004666
v -0.0010061 0.0065109 0.0272401 0.039216 0.039216 0.039216
vn -0.9999998 -0.0005385 -0.0004666
v -0.0010029 0.0000965 0.0277858 0.039216 0.039216 0.039216
vn -0.9999998 -0.0005385 -0.0004666
v -0.0010043 -0.0002695 0.0311610 0.039216 0.039216 0.039216
vn -0.9999998 -0.0005385 -0.0004666
v -0.0009969 0.0016598 0.0131173 0.039216 0.039216 0.039216
vn -0.9999998 -0.0005385 -0.0004666
v -0.0009951 -0.0016607 0.0131185 0.039216 0.039216 0.039216
vn -0.9999998 -0.0005385 -0.0004666
v -0.0009951 -0.0016115 0.0129411 0.039216 0.039216 0.039216
vn -0.9999998 -0.0005385 -0.0004666
v -0.0009953 -0.0017003 0.0134839 0.039216 0.039216 0.039216
vn -0.9999998 -0.0005385 -0.0004666
v -0.0009952 -0.0016904 0.0133001 0.039216 0.039216 0.039216
vn -0.9999998 -0.0005385 -0.0004666
v -0.0010010 0.0008445 0.0227246 0.039216 0.039216 0.039216
vn -0.9999998 -0.0005385 -0.0004666
v -0.0010009 0.0007054 0.0228084 0.039216 0.039216 0.039216
vn -0.9999998 -0.0005385 -0.0004666
v -0.0010041 0.0065211 0.0229614 0.039216 0.039216 0.039216
vn -0.9999998 -0.0005385 -0.0004666
v -0.0010004 0.0013635 0.0208531 0.039216 0.039216 0.039216
vn -0.9999998 -0.0005385 -0.0004666
v -0.0010005 0.0014237 0.0210039 0.039216 0.039216 0.039216
vn -0.9999998 -0.0005385 -0.0004666
v -0.0010001 0.0011962 0.0205752 0.039216 0.039216 0.039216
vn -0.9999998 -0.0005385 -0.0004666
v -0.0010003 0.0012874 0.0207096 0.039216 0.039216 0.039216
vn -0.9999998 -0.0005385 -0.0004666
v -0.0009954 -0.0016903 0.0136677 0.039216 0.039216 0.039216
vn -0.9999998 -0.0005385 -0.0004666
v -0.0009962 -0.0011005 0.0147794 0.039216 0.039216 0.039216
vn -0.9999998 -0.0005385 -0.0004666
v -0.0009972 -0.0067870 0.0235534 0.039216 0.039216 0.039216
vn -0.9999998 -0.0005385 -0.0004666
v -0.0009973 -0.0066159 0.0234233 0.039216 0.039216 0.039216
vn -0.9999998 -0.0005385 -0.0004666
v -0.0009992 -0.0014888 0.0216460 0.039216 0.039216 0.039216
vn -0.9999998 -0.0005385 -0.0004666
v -0.0009996 -0.0012827 0.0222571 0.039216 0.039216 0.039216
vn -0.9999998 -0.0005385 -0.0004666
v -0.0009995 -0.0013588 0.0221136 0.039216 0.039216 0.039216
vn -0.9999998 -0.0005385 -0.0004666
v -0.0009971 -0.0065327 0.0229145 0.039216 0.039216 0.039216
vn -0.9999998 -0.0005385 -0.0004666
v -0.0009970 -0.0066161 0.0227759 0.039216 0.039216 0.039216
vn -0.9999998 -0.0005385 -0.0004666
v -0.0009970 -0.0065834 0.0228190 0.039216 0.039216 0.039216
vn -0.9999998 -0.0005385 -0.0004666
v -0.0010024 -0.0012296 0.0283147 0.039216 0.039216 0.039216
vn -0.9999998 -0.0005385 -0.0004666
v -0.0010043 0.0065612 0.0233294 0.039216 0.039216 0.039216
vn -0.9999998 -0.0005385 -0.0004666
v -0.0010026 -0.0016554 0.0291185 0.039216 0.039216 0.039216
vn -0.9999998 -0.0005385 -0.0004666
v -0.0010025 -0.0016062 0.0289411 0.039216 0.039216 0.039216
vn -0.9999998 -0.0005385 -0.0004666
v -0.0010027 -0.0002706 0.0278058 0.039216 0.039216 0.039216
vn -0.9999998 -0.0005385 -0.0004666
v -0.0010046 0.0068434 0.0235689 0.039216 0.039216 0.039216
vn -0.9999998 -0.0005385 -0.0004666
v -0.0010060 0.0065108 0.0270783 0.039216 0.039216 0.039216
vn -0.9999998 -0.0005385 -0.0004666
v -0.0010042 0.0015477 0.0287690 0.039216 0.039216 0.039216
vn -0.9999998 -0.0005385 -0.0004666
v -0.0010043 0.0016158 0.0289400 0.039216 0.039216 0.039216
vn -0.9999998 -0.0005385 -0.0004666
v -0.0010061 0.0065225 0.0272929 0.039216 0.039216 0.039216
vn -0.9999998 -0.0005385 -0.0004666
v -0.0010036 0.0011051 0.0281873 0.039216 0.039216 0.039216
vn -0.9999998 -0.0005385 -0.0004666
v -0.0010038 0.0012388 0.0283138 0.039216 0.039216 0.039216
vn -0.9999998 -0.0005385 -0.0004666
v -0.0010034 0.0008008 0.0279811 0.039216 0.039216 0.039216
vn -0.9999998 -0.0005385 -0.0004666
v -0.0010035 0.0009586 0.0280760 0.039216 0.039216 0.039216
vn -0.9999998 -0.0005385 -0.0004666
v -0.0010031 0.0004593 0.0278452 0.039216 0.039216 0.039216
vn -0.9999998 -0.0005385 -0.0004666
v -0.0010033 0.0006337 0.0279039 0.039216 0.039216 0.039216
vn -0.9999998 -0.0005385 -0.0004666
v -0.0010030 0.0002795 0.0278057 0.039216 0.039216 0.039216
vn -0.9999998 -0.0005385 -0.0004666
v -0.0010062 0.0065905 0.0274397 0.039216 0.039216 0.039216
vn -0.9999998 -0.0005385 -0.0004666
v -0.0010049 0.0013587 0.0305117 0.039216 0.039216 0.039216
vn -0.9999998 -0.0005385 -0.0004666
v -0.0010049 0.0012396 0.0306520 0.039216 0.039216 0.039216
vn -0.9999998 -0.0005385 -0.0004666
v -0.0010048 0.0016162 0.0300256 0.039216 0.039216 0.039216
vn -0.9999998 -0.0005385 -0.0004666
v -0.0010048 0.0015481 0.0301966 0.039216 0.039216 0.039216
vn -0.9999998 -0.0005385 -0.0004666
v -0.0010038 -0.0009485 0.0308907 0.039216 0.039216 0.039216
vn -0.9999998 -0.0005385 -0.0004666
v -0.0010037 -0.0010951 0.0307794 0.039216 0.039216 0.039216
vn -0.9999998 -0.0005385 -0.0004666
v -0.0010041 -0.0006237 0.0310628 0.039216 0.039216 0.039216
vn -0.9999998 -0.0005385 -0.0004666
v -0.0010039 -0.0007908 0.0309856 0.039216 0.039216 0.039216
vn -0.9999998 -0.0005385 -0.0004666
v -0.0010047 0.0004604 0.0311212 0.039216 0.039216 0.039216
vn -0.9999998 -0.0005385 -0.0004666
v -0.0010027 -0.0016950 0.0294839 0.039216 0.039216 0.039216
vn -0.9999998 -0.0005385 -0.0004666
v -0.0009991 -0.0065023 0.0272444 0.039216 0.039216 0.039216
vn -0.9999998 -0.0005385 -0.0004666
v -0.0009991 -0.0065139 0.0272973 0.039216 0.039216 0.039216
vn -0.9999998 -0.0005385 -0.0004666
v -0.0009964 0.0013527 0.0124541 0.039216 0.039216 0.039216
vn -0.9999998 -0.0005385 -0.0004666
v -0.0009950 -0.0015435 0.0127701 0.039216 0.039216 0.039216
vn -0.9999998 -0.0005385 -0.0004666
v -0.0010010 0.0009738 0.0226263 0.039216 0.039216 0.039216
vn -0.9999998 -0.0005385 -0.0004666
v -0.0010010 0.0011968 0.0223907 0.039216 0.039216 0.039216
vn -0.9999998 -0.0005385 -0.0004666
v -0.0010010 0.0010917 0.0225145 0.039216 0.039216 0.039216
vn -0.9999998 -0.0005385 -0.0004666
v -0.0010009 0.0014240 0.0219618 0.039216 0.039216 0.039216
vn -0.9999998 -0.0005385 -0.0004666
v -0.0009955 -0.0016605 0.0138494 0.039216 0.039216 0.039216
vn -0.9999998 -0.0005385 -0.0004666
v -0.0009957 -0.0015430 0.0141977 0.039216 0.039216 0.039216
vn -0.9999998 -0.0005385 -0.0004666
v -0.0009956 -0.0016112 0.0140267 0.039216 0.039216 0.039216
vn -0.9999998 -0.0005385 -0.0004666
v -0.0009972 -0.0068373 0.0235735 0.039216 0.039216 0.039216
vn -0.9999998 -0.0005385 -0.0004666
v -0.0009972 -0.0068895 0.0235880 0.039216 0.039216 0.039216
vn -0.9999998 -0.0005385 -0.0004666
v -0.0009970 -0.0065554 0.0228653 0.039216 0.039216 0.039216
vn -0.9999998 -0.0005385 -0.0004666
v -0.0010025 -0.0014519 0.0286074 0.039216 0.039216 0.039216
vn -0.9999998 -0.0005385 -0.0004666
v -0.0010024 -0.0013487 0.0284550 0.039216 0.039216 0.039216
vn -0.9999998 -0.0005385 -0.0004666
v -0.0010025 -0.0015381 0.0287701 0.039216 0.039216 0.039216
vn -0.9999998 -0.0005385 -0.0004666
v -0.0010027 -0.0016851 0.0293001 0.039216 0.039216 0.039216
vn -0.9999998 -0.0005385 -0.0004666
v -0.0010046 0.0068956 0.0235834 0.039216 0.039216 0.039216
vn -0.9999998 -0.0005385 -0.0004666
v -0.0010040 0.0014614 0.0286064 0.039216 0.039216 0.039216
vn -0.9999998 -0.0005385 -0.0004666
v -0.0010049 0.0011060 0.0307787 0.039216 0.039216 0.039216
vn -0.9999998 -0.0005385 -0.0004666
v -0.0010048 0.0014620 0.0303593 0.039216 0.039216 0.039216
vn -0.9999998 -0.0005385 -0.0004666
v -0.0010062 0.0065626 0.0273934 0.039216 0.039216 0.039216
vn -0.9999998 -0.0005385 -0.0004666
v -0.0010062 0.0065398 0.0273442 0.039216 0.039216 0.039216
vn -0.9999998 -0.0005385 -0.0004666
v -0.0010045 0.0016950 0.0292990 0.039216 0.039216 0.039216
vn -0.9999998 -0.0005385 -0.0004666
v -0.0010042 -0.0004492 0.0311215 0.039216 0.039216 0.039216
vn -0.9999998 -0.0005385 -0.0004666
v -0.0010063 0.0066605 0.0275221 0.039216 0.039216 0.039216
vn -0.9999998 -0.0005385 -0.0004666
v -0.0010063 0.0066233 0.0274828 0.039216 0.039216 0.039216
vn -0.9999998 -0.0005385 -0.0004666
v -0.0010048 0.0009595 0.0308901 0.039216 0.039216 0.039216
vn -0.9999998 -0.0005385 -0.0004666
v -0.0009991 -0.0064965 0.0271906 0.039216 0.039216 0.039216
vn -0.9999998 -0.0005385 -0.0004666
v -0.0009990 -0.0065313 0.0269785 0.039216 0.039216 0.039216
vn -0.9999998 -0.0005385 -0.0004666
v -0.0009990 -0.0065140 0.0270298 0.039216 0.039216 0.039216
vn -0.9999998 -0.0005385 -0.0004666
v -0.0010009 0.0013639 0.0221127 0.039216 0.039216 0.039216
vn -0.9999998 -0.0005385 -0.0004666
v -0.0010010 0.0012879 0.0222563 0.039216 0.039216 0.039216
vn -0.9999998 -0.0005385 -0.0004666
v -0.0009958 -0.0014567 0.0143603 0.039216 0.039216 0.039216
vn -0.9999998 -0.0005385 -0.0004666
v -0.0009972 -0.0065326 0.0232846 0.039216 0.039216 0.039216
vn -0.9999998 -0.0005385 -0.0004666
v -0.0010046 0.0069490 0.0235921 0.039216 0.039216 0.039216
vn -0.9999998 -0.0005385 -0.0004666
v -0.0010039 0.0013580 0.0284541 0.039216 0.039216 0.039216
vn -0.9999998 -0.0005385 -0.0004666
v -0.0010047 0.0016951 0.0296666 0.039216 0.039216 0.039216
vn -0.9999998 -0.0005385 -0.0004666
v -0.0010047 0.0016654 0.0298482 0.039216 0.039216 0.039216
vn -0.9999998 -0.0005385 -0.0004666
v -0.0010046 0.0017050 0.0294828 0.039216 0.039216 0.039216
vn -0.9999998 -0.0005385 -0.0004666
v -0.0010048 0.0008018 0.0309851 0.039216 0.039216 0.039216
vn -0.9999998 -0.0005385 -0.0004666
v -0.0010047 0.0006348 0.0310624 0.039216 0.039216 0.039216
vn -0.9999998 -0.0005385 -0.0004666
v -0.0010064 0.0067466 0.0275875 0.039216 0.039216 0.039216
vn -0.9999998 -0.0005385 -0.0004666
v -0.0010064 0.0067018 0.0275572 0.039216 0.039216 0.039216
vn -0.9999998 -0.0005385 -0.0004666
v -0.0010114 0.0070079 0.0379810 0.039216 0.039216 0.039216
vn -0.9999998 -0.0005385 -0.0004666
v -0.0010064 0.0067944 0.0276129 0.039216 0.039216 0.039216
vn -0.9999998 -0.0005385 -0.0004666
v -0.0010060 0.0067941 0.0267053 0.039216 0.039216 0.039216
vn -0.9999998 -0.0005385 -0.0004666
v -0.0010060 0.0068444 0.0266852 0.039216 0.039216 0.039216
vn -0.9999998 -0.0005385 -0.0004666
v -0.0009991 -0.0068881 0.0276520 0.039216 0.039216 0.039216
vn -0.9999998 -0.0005385 -0.0004666
v -0.0009991 -0.0069415 0.0276607 0.039216 0.039216 0.039216
vn -0.9999998 -0.0005385 -0.0004666
v -0.0009992 -0.0065818 0.0274441 0.039216 0.039216 0.039216
vn -0.9999998 -0.0005385 -0.0004666
v -0.0009992 -0.0066146 0.0274873 0.039216 0.039216 0.039216
vn -0.9999998 -0.0005385 -0.0004666
v -0.0009991 -0.0065312 0.0273486 0.039216 0.039216 0.039216
vn -0.9999998 -0.0005385 -0.0004666
v -0.0009991 -0.0065539 0.0273977 0.039216 0.039216 0.039216
vn -0.9999998 -0.0005385 -0.0004666
v -0.0009991 -0.0064965 0.0271365 0.039216 0.039216 0.039216
vn -0.9999998 -0.0005385 -0.0004666
v -0.0009990 -0.0065024 0.0270826 0.039216 0.039216 0.039216
vn -0.9999998 -0.0005385 -0.0004666
v -0.0009989 -0.0065820 0.0268830 0.039216 0.039216 0.039216
vn -0.9999998 -0.0005385 -0.0004666
v -0.0010042 0.0069487 0.0225980 0.039216 0.039216 0.039216
vn -0.9999998 -0.0005385 -0.0004666
v -0.0009974 0.0014566 0.0143593 0.039216 0.039216 0.039216
vn -0.9999998 -0.0005385 -0.0004666
v -0.0009990 -0.0014889 0.0213217 0.039216 0.039216 0.039216
vn -0.9999998 -0.0005385 -0.0004666
v -0.0009990 -0.0014627 0.0211614 0.039216 0.039216 0.039216
vn -0.9999998 -0.0005385 -0.0004666
v -0.0010044 0.0016651 0.0291173 0.039216 0.039216 0.039216
vn -0.9999998 -0.0005385 -0.0004666
v -0.0009990 -0.0069956 0.0276637 0.039216 0.039216 0.039216
vn -0.9999998 -0.0005385 -0.0004666
v -0.0010030 -0.0016058 0.0300267 0.039216 0.039216 0.039216
vn -0.9999998 -0.0005385 -0.0004666
v -0.0010065 0.0068969 0.0276474 0.039216 0.039216 0.039216
vn -0.9999998 -0.0005385 -0.0004666
v -0.0010065 0.0068447 0.0276329 0.039216 0.039216 0.039216
vn -0.9999998 -0.0005385 -0.0004666
v -0.0010060 0.0067463 0.0267307 0.039216 0.039216 0.039216
vn -0.9999998 -0.0005385 -0.0004666
v -0.0009991 -0.0068359 0.0276375 0.039216 0.039216 0.039216
vn -0.9999998 -0.0005385 -0.0004666
v -0.0009991 -0.0067378 0.0275920 0.039216 0.039216 0.039216
vn -0.9999998 -0.0005385 -0.0004666
v -0.0009991 -0.0067857 0.0276174 0.039216 0.039216 0.039216
vn -0.9999998 -0.0005385 -0.0004666
v -0.0009989 -0.0065541 0.0269293 0.039216 0.039216 0.039216
vn -0.9999998 -0.0005385 -0.0004666
v -0.0009988 -0.0066520 0.0268006 0.039216 0.039216 0.039216
vn -0.9999998 -0.0005385 -0.0004666
v -0.0009989 -0.0066148 0.0268399 0.039216 0.039216 0.039216
vn -0.9999998 -0.0005385 -0.0004666
v -0.0010032 -0.0015376 0.0301977 0.039216 0.039216 0.039216
vn -0.9999998 -0.0005385 -0.0004666
v -0.0010035 -0.0012288 0.0306529 0.039216 0.039216 0.039216
vn -0.9999998 -0.0005385 -0.0004666
v -0.0010034 -0.0013480 0.0305126 0.039216 0.039216 0.039216
vn -0.9999998 -0.0005385 -0.0004666
v -0.0010066 0.0070044 0.0276590 0.039216 0.039216 0.039216
vn -0.9999998 -0.0005385 -0.0004666
v -0.0010065 0.0069503 0.0276561 0.039216 0.039216 0.039216
vn -0.9999998 -0.0005385 -0.0004666
v -0.0010061 0.0068966 0.0266707 0.039216 0.039216 0.039216
vn -0.9999998 -0.0005385 -0.0004666
v -0.0010060 0.0066603 0.0267961 0.039216 0.039216 0.039216
vn -0.9999998 -0.0005385 -0.0004666
v -0.0010060 0.0067015 0.0267611 0.039216 0.039216 0.039216
vn -0.9999998 -0.0005385 -0.0004666
v -0.0009992 -0.0066518 0.0275266 0.039216 0.039216 0.039216
vn -0.9999998 -0.0005385 -0.0004666
v -0.0009992 -0.0066930 0.0275616 0.039216 0.039216 0.039216
vn -0.9999998 -0.0005385 -0.0004666
v -0.0009987 -0.0068363 0.0266898 0.039216 0.039216 0.039216
vn -0.9999998 -0.0005385 -0.0004666
v -0.0009987 -0.0067860 0.0267098 0.039216 0.039216 0.039216
vn -0.9999998 -0.0005385 -0.0004666
v -0.0009986 -0.0069419 0.0266666 0.039216 0.039216 0.039216
vn -0.9999998 -0.0005385 -0.0004666
v -0.0009986 -0.0068884 0.0266753 0.039216 0.039216 0.039216
vn -0.9999998 -0.0005385 -0.0004666
v -0.0010029 -0.0016551 0.0298494 0.039216 0.039216 0.039216
vn -0.9999998 -0.0005385 -0.0004666
v -0.0010028 -0.0016850 0.0296677 0.039216 0.039216 0.039216
vn -0.9999998 -0.0005385 -0.0004666
v -0.0010033 -0.0014513 0.0303603 0.039216 0.039216 0.039216
vn -0.9999998 -0.0005385 -0.0004666
v -0.0010060 0.0065903 0.0268786 0.039216 0.039216 0.039216
vn -0.9999998 -0.0005385 -0.0004666
v -0.0010060 0.0066230 0.0268354 0.039216 0.039216 0.039216
vn -0.9999998 -0.0005385 -0.0004666
v -0.0010060 0.0065224 0.0270254 0.039216 0.039216 0.039216
vn -0.9999998 -0.0005385 -0.0004666
v -0.0009987 -0.0067381 0.0267352 0.039216 0.039216 0.039216
vn -0.9999998 -0.0005385 -0.0004666
v -0.0009988 -0.0066933 0.0267655 0.039216 0.039216 0.039216
vn -0.9999998 -0.0005385 -0.0004666
v -0.0010061 0.0069500 0.0266620 0.039216 0.039216 0.039216
vn -0.9999998 -0.0005385 -0.0004666
v -0.0010061 0.0070041 0.0266590 0.039216 0.039216 0.039216
vn -0.9999998 -0.0005385 -0.0004666
v -0.0010060 0.0065397 0.0269741 0.039216 0.039216 0.039216
vn -0.9999998 -0.0005385 -0.0004666
v -0.0010060 0.0065624 0.0269250 0.039216 0.039216 0.039216
vn -0.9999998 -0.0005385 -0.0004666
v -0.0009971 -0.0069969 0.0235997 0.039216 0.039216 0.039216
vn -0.9999998 -0.0005385 -0.0004666
v -0.0009986 -0.0069959 0.0266637 0.039216 0.039216 0.039216
vn -0.9999998 -0.0005385 -0.0004666
v -0.0010047 0.0070030 0.0235950 0.039216 0.039216 0.039216
vn -0.9999998 -0.0005385 -0.0004666
v -0.0010042 0.0070027 0.0225950 0.039216 0.039216 0.039216
vn -0.0005856 0.9941739 0.1077864
v -0.0009990 -0.0014889 0.0213217 0.039216 0.039216 0.039216
vn -0.0005383 0.9999998 -0.0003346
v -0.0009991 -0.0014977 0.0214839 0.039216 0.039216 0.039216
vn -0.0005383 0.9999998 -0.0003346
v 0.0060009 -0.0014939 0.0214871 0.039216 0.039216 0.039216
vn -0.0006260 0.9766923 0.2146436
v -0.0009990 -0.0014627 0.0211614 0.039216 0.039216 0.039216
vn -0.0005856 0.9941739 0.1077864
v 0.0060010 -0.0014852 0.0213249 0.039216 0.039216 0.039216
vn -0.0006591 0.9477597 0.3189844
v -0.0009989 -0.0014193 0.0210049 0.039216 0.039216 0.039216
vn -0.0006260 0.9766923 0.2146436
v 0.0060010 -0.0014589 0.0211647 0.039216 0.039216 0.039216
vn -0.0006845 0.9077156 0.4195853
v -0.0009989 -0.0013592 0.0208540 0.039216 0.039216 0.039216
vn -0.0006591 0.9477597 0.3189844
v 0.0060011 -0.0014155 0.0210081 0.039216 0.039216 0.039216
vn -0.0007019 0.8570294 0.5152670
v -0.0009989 -0.0012832 0.0207104 0.039216 0.039216 0.039216
vn -0.0006845 0.9077156 0.4195853
v 0.0060011 -0.0013555 0.0208572 0.039216 0.039216 0.039216
vn -0.0007110 0.7962953 0.6049078
v -0.0009989 -0.0011921 0.0205760 0.039216 0.039216 0.039216
vn -0.0007019 0.8570294 0.5152670
v 0.0060011 -0.0012794 0.0207137 0.039216 0.039216 0.039216
vn -0.0007118 0.7262253 0.6874565
v -0.0009989 -0.0010870 0.0204522 0.039216 0.039216 0.039216
vn -0.0007110 0.7962953 0.6049078
v 0.0060011 -0.0011883 0.0205793 0.039216 0.039216 0.039216
vn -0.0007042 0.6476410 0.7619453
v -0.0009989 -0.0009691 0.0203404 0.039216 0.039216 0.039216
vn -0.0007118 0.7262253 0.6874565
v 0.0060011 -0.0010832 0.0204554 0.039216 0.039216 0.039216
vn -0.0006884 0.5614637 0.8275011
v -0.0009989 -0.0008399 0.0202421 0.039216 0.039216 0.039216
vn -0.0007042 0.6476410 0.7619453
v 0.0060011 -0.0009653 0.0203437 0.039216 0.039216 0.039216
vn -0.0006645 0.4687038 0.8833552
v -0.0009989 -0.0007007 0.0201583 0.039216 0.039216 0.039216
vn -0.0006884 0.5614637 0.8275011
v 0.0060011 -0.0008361 0.0202454 0.039216 0.039216 0.039216
vn -0.0006328 0.3704487 0.9288527
v -0.0009990 -0.0005533 0.0200901 0.039216 0.039216 0.039216
vn -0.0006645 0.4687038 0.8833552
v 0.0060011 -0.0006969 0.0201616 0.039216 0.039216 0.039216
vn -0.0005938 0.2678505 0.9634603
v -0.0009990 -0.0003994 0.0200382 0.039216 0.039216 0.039216
vn -0.0006328 0.3704487 0.9288527
v 0.0060010 -0.0005496 0.0200933 0.039216 0.039216 0.039216
vn -0.0005477 0.1621119 0.9867722
v -0.0009991 -0.0002408 0.0200032 0.039216 0.039216 0.039216
vn -0.0005938 0.2678505 0.9634603
v 0.0060010 -0.0003957 0.0200414 0.039216 0.039216 0.039216
vn -0.0004952 0.0544727 0.9985151
v -0.0009992 -0.0000794 0.0199856 0.039216 0.039216 0.039216
vn -0.0005477 0.1621119 0.9867722
v 0.0060009 -0.0002371 0.0200065 0.039216 0.039216 0.039216
vn -0.0004369 -0.0538051 0.9985514
v -0.0009993 0.0000831 0.0199855 0.039216 0.039216 0.039216
vn -0.0004952 0.0544727 0.9985151
v 0.0060008 -0.0000756 0.0199888 0.039216 0.039216 0.039216
vn -0.0003735 -0.1614520 0.9868805
v -0.0009994 0.0002445 0.0200030 0.039216 0.039216 0.039216
vn -0.0004369 -0.0538051 0.9985514
v 0.0060007 0.0000868 0.0199888 0.039216 0.039216 0.039216
vn -0.0003058 -0.2672061 0.9636394
v -0.0009995 0.0004032 0.0200379 0.039216 0.039216 0.039216
vn -0.0003735 -0.1614520 0.9868805
v 0.0060006 0.0002483 0.0200063 0.039216 0.039216 0.039216
vn -0.0002344 -0.3698275 0.9291004
v -0.0009996 0.0005571 0.0200897 0.039216 0.039216 0.039216
vn -0.0003058 -0.2672061 0.9636394
v 0.0060005 0.0004069 0.0200412 0.039216 0.039216 0.039216
vn -0.0001603 -0.4681129 0.8836687
v -0.0009997 0.0007045 0.0201578 0.039216 0.039216 0.039216
vn -0.0002344 -0.3698275 0.9291004
v 0.0060004 0.0005608 0.0200930 0.039216 0.039216 0.039216
vn -0.0000843 -0.5609102 0.8278767
v -0.0009998 0.0008437 0.0202415 0.039216 0.039216 0.039216
vn -0.0001603 -0.4681129 0.8836687
v 0.0060003 0.0007083 0.0201611 0.039216 0.039216 0.039216
vn -0.0000073 -0.6471313 0.7623786
v -0.0009999 0.0009730 0.0203398 0.039216 0.039216 0.039216
vn -0.0000843 -0.5609102 0.8278767
v 0.0060002 0.0008475 0.0202448 0.039216 0.039216 0.039216
vn 0.0000698 -0.7257654 0.6879423
v -0.0010000 0.0010910 0.0204514 0.039216 0.039216 0.039216
vn -0.0000073 -0.6471313 0.7623786
v 0.0060001 0.0009768 0.0203430 0.039216 0.039216 0.039216
vn 0.0001460 -0.7958906 0.6054406
v -0.0010001 0.0011962 0.0205752 0.039216 0.039216 0.039216
vn 0.0000698 -0.7257654 0.6879423
v 0.0060000 0.0010948 0.0204547 0.039216 0.039216 0.039216
vn 0.0002206 -0.8566846 0.5158405
v -0.0010003 0.0012874 0.0207096 0.039216 0.039216 0.039216
vn 0.0001460 -0.7958906 0.6054406
v 0.0059999 0.0011999 0.0205785 0.039216 0.039216 0.039216
vn 0.0002925 -0.9074349 0.4201927
v -0.0010004 0.0013635 0.0208531 0.039216 0.039216 0.039216
vn 0.0002206 -0.8566846 0.5158405
v 0.0059997 0.0012911 0.0207129 0.039216 0.039216 0.039216
vn 0.0003610 -0.9475462 0.3196186
v -0.0010005 0.0014237 0.0210039 0.039216 0.039216 0.039216
vn 0.0002925 -0.9074349 0.4201927
v 0.0059996 0.0013673 0.0208563 0.039216 0.039216 0.039216
vn 0.0004253 -0.9765485 0.2152972
v -0.0010006 0.0014672 0.0211604 0.039216 0.039216 0.039216
vn 0.0003610 -0.9475462 0.3196186
v 0.0059995 0.0014274 0.0210072 0.039216 0.039216 0.039216
vn 0.0004846 -0.9941016 0.1084516
v -0.0010006 0.0014935 0.0213207 0.039216 0.039216 0.039216
vn 0.0004253 -0.9765485 0.2152972
v 0.0059994 0.0014709 0.0211637 0.039216 0.039216 0.039216
vn 0.0005383 -0.9999998 0.0003346
v -0.0010007 0.0015023 0.0214828 0.039216 0.039216 0.039216
vn 0.0004846 -0.9941016 0.1084516
v 0.0059994 0.0014973 0.0213239 0.039216 0.039216 0.039216
vn 0.0005383 -0.9999998 0.0003346
v 0.0059993 0.0015061 0.0214861 0.039216 0.039216 0.039216
vn 0.0005856 -0.9941739 -0.1077864
v -0.0010008 0.0014936 0.0216450 0.039216 0.039216 0.039216
vn 0.0005383 -0.9999998 0.0003346
v -0.0010007 0.0015023 0.0214828 0.039216 0.039216 0.039216
vn 0.0005383 -0.9999998 0.0003346
v 0.0059993 0.0015061 0.0214861 0.039216 0.039216 0.039216
vn 0.0006260 -0.9766923 -0.2146436
v -0.0010009 0.0014674 0.0218053 0.039216 0.039216 0.039216
vn 0.0005856 -0.9941739 -0.1077864
v 0.0059992 0.0014974 0.0216483 0.039216 0.039216 0.039216
vn 0.0006591 -0.9477597 -0.3189844
v -0.0010009 0.0014240 0.0219618 0.039216 0.039216 0.039216
vn 0.0006260 -0.9766923 -0.2146436
v 0.0059991 0.0014711 0.0218086 0.039216 0.039216 0.039216
vn 0.0006845 -0.9077156 -0.4195853
v -0.0010009 0.0013639 0.0221127 0.039216 0.039216 0.039216
vn 0.0006591 -0.9477597 -0.3189844
v 0.0059991 0.0014278 0.0219651 0.039216 0.039216 0.039216
vn 0.0007019 -0.8570294 -0.5152670
v -0.0010010 0.0012879 0.0222563 0.039216 0.039216 0.039216
vn 0.0006845 -0.9077156 -0.4195853
v 0.0059991 0.0013677 0.0221160 0.039216 0.039216 0.039216
vn 0.0007110 -0.7962953 -0.6049078
v -0.0010010 0.0011968 0.0223907 0.039216 0.039216 0.039216
vn 0.0007019 -0.8570294 -0.5152670
v 0.0059990 0.0012917 0.0222595 0.039216 0.039216 0.039216
vn 0.0007118 -0.7262253 -0.6874565
v -0.0010010 0.0010917 0.0225145 0.039216 0.039216 0.039216
vn 0.0007110 -0.7962953 -0.6049078
v 0.0059990 0.0012006 0.0223940 0.039216 0.039216 0.039216
vn 0.0007042 -0.6476410 -0.7619453
v -0.0010010 0.0009738 0.0226263 0.039216 0.039216 0.039216
vn 0.0007118 -0.7262253 -0.6874565
v 0.0059990 0.0010954 0.0225178 0.039216 0.039216 0.039216
vn 0.0006884 -0.5614637 -0.8275011
v -0.0010010 0.0008445 0.0227246 0.039216 0.039216 0.039216
vn 0.0007042 -0.6476410 -0.7619453
v 0.0059990 0.0009776 0.0226295 0.039216 0.039216 0.039216
vn 0.0006645 -0.4687038 -0.8833552
v -0.0010009 0.0007054 0.0228084 0.039216 0.039216 0.039216
vn 0.0006884 -0.5614637 -0.8275011
v 0.0059990 0.0008483 0.0227279 0.039216 0.039216 0.039216
vn 0.0006328 -0.3704487 -0.9288527
v -0.0010009 0.0005580 0.0228766 0.039216 0.039216 0.039216
vn 0.0006645 -0.4687038 -0.8833552
v 0.0059991 0.0007092 0.0228116 0.039216 0.039216 0.039216
vn 0.0005938 -0.2678505 -0.9634603
v -0.0010008 0.0004041 0.0229285 0.039216 0.039216 0.039216
vn 0.0006328 -0.3704487 -0.9288527
v 0.0059991 0.0005618 0.0228799 0.039216 0.039216 0.039216
vn 0.0005477 -0.1621119 -0.9867722
v -0.0010007 0.0002455 0.0229635 0.039216 0.039216 0.039216
vn 0.0005938 -0.2678505 -0.9634603
v 0.0059992 0.0004079 0.0229318 0.039216 0.039216 0.039216
vn 0.0004952 -0.0544727 -0.9985151
v -0.0010007 0.0000841 0.0229811 0.039216 0.039216 0.039216
vn 0.0005477 -0.1621119 -0.9867722
v 0.0059993 0.0002493 0.0229668 0.039216 0.039216 0.039216
vn 0.0004952 -0.0544727 -0.9985151
v 0.0059993 0.0000878 0.0229844 0.039216 0.039216 0.039216
vn 0.0004369 0.0538051 -0.9985514
v 0.0059994 -0.0000746 0.0229844 0.039216 0.039216 0.039216
vn 0.0004668 -0.0003343 -0.9999998
v -0.0010006 0.0000028 0.0229833 0.039216 0.039216 0.039216
vn 0.0004369 0.0538051 -0.9985514
v -0.0010006 -0.0000784 0.0229812 0.039216 0.039216 0.039216
vn 0.0003735 0.1614520 -0.9868805
v -0.0010005 -0.0002398 0.0229637 0.039216 0.039216 0.039216
vn 0.0003058 0.2672061 -0.9636394
v -0.0010004 -0.0003985 0.0229288 0.039216 0.039216 0.039216
vn 0.0003735 0.1614520 -0.9868805
v 0.0059995 -0.0002361 0.0229669 0.039216 0.039216 0.039216
vn 0.0002344 0.3698275 -0.9291004
v -0.0010003 -0.0005524 0.0228770 0.039216 0.039216 0.039216
vn 0.0003058 0.2672061 -0.9636394
v 0.0059996 -0.0003947 0.0229321 0.039216 0.039216 0.039216
vn 0.0001603 0.4681129 -0.8836687
v -0.0010002 -0.0006998 0.0228089 0.039216 0.039216 0.039216
vn 0.0002344 0.3698275 -0.9291004
v 0.0059997 -0.0005486 0.0228803 0.039216 0.039216 0.039216
vn 0.0000843 0.5609102 -0.8278767
v -0.0010000 -0.0008390 0.0227252 0.039216 0.039216 0.039216
vn 0.0001603 0.4681129 -0.8836687
v 0.0059998 -0.0006961 0.0228121 0.039216 0.039216 0.039216
vn 0.0000073 0.6471313 -0.7623786
v -0.0009999 -0.0009684 0.0226269 0.039216 0.039216 0.039216
vn 0.0000843 0.5609102 -0.8278767
v 0.0060000 -0.0008353 0.0227284 0.039216 0.039216 0.039216
vn -0.0000698 0.7257654 -0.6879423
v -0.0009998 -0.0010863 0.0225153 0.039216 0.039216 0.039216
vn 0.0000073 0.6471313 -0.7623786
v 0.0060001 -0.0009646 0.0226302 0.039216 0.039216 0.039216
vn -0.0001460 0.7958906 -0.6054406
v -0.0009997 -0.0011915 0.0223915 0.039216 0.039216 0.039216
vn -0.0000698 0.7257654 -0.6879423
v 0.0060002 -0.0010825 0.0225185 0.039216 0.039216 0.039216
vn -0.0002206 0.8566846 -0.5158405
v -0.0009996 -0.0012827 0.0222571 0.039216 0.039216 0.039216
vn -0.0001460 0.7958906 -0.6054406
v 0.0060003 -0.0011877 0.0223948 0.039216 0.039216 0.039216
vn -0.0002925 0.9074349 -0.4201927
v -0.0009995 -0.0013588 0.0221136 0.039216 0.039216 0.039216
vn -0.0002206 0.8566846 -0.5158405
v 0.0060004 -0.0012789 0.0222604 0.039216 0.039216 0.039216
vn -0.0003610 0.9475462 -0.3196186
v -0.0009994 -0.0014190 0.0219628 0.039216 0.039216 0.039216
vn -0.0002925 0.9074349 -0.4201927
v 0.0060005 -0.0013550 0.0221169 0.039216 0.039216 0.039216
vn -0.0004253 0.9765485 -0.2152972
v -0.0009993 -0.0014625 0.0218063 0.039216 0.039216 0.039216
vn -0.0003610 0.9475462 -0.3196186
v 0.0060006 -0.0014152 0.0219660 0.039216 0.039216 0.039216
vn -0.0004846 0.9941016 -0.1084516
v -0.0009992 -0.0014888 0.0216460 0.039216 0.039216 0.039216
vn -0.0004253 0.9765485 -0.2152972
v 0.0060007 -0.0014587 0.0218096 0.039216 0.039216 0.039216
vn -0.0005383 0.9999998 -0.0003346
v -0.0009991 -0.0014977 0.0214839 0.039216 0.039216 0.039216
vn -0.0004846 0.9941016 -0.1084516
v 0.0060008 -0.0014850 0.0216493 0.039216 0.039216 0.039216
vn -0.0005383 0.9999998 -0.0003346
v 0.0060009 -0.0014939 0.0214871 0.039216 0.039216 0.039216
vn 0.0004846 -0.9941016 0.1084516
v 0.0040030 0.0016923 0.0133013 0.039216 0.039216 0.039216
vn 0.0005383 -0.9999998 0.0003346
v 0.0040029 0.0017024 0.0134851 0.039216 0.039216 0.039216
vn 0.0005383 -0.9999998 0.0003346
v -0.0009971 0.0016997 0.0134828 0.039216 0.039216 0.039216
vn 0.0004253 -0.9765485 0.2152972
v 0.0040031 0.0016625 0.0131197 0.039216 0.039216 0.039216
vn 0.0004846 -0.9941016 0.1084516
v -0.0009970 0.0016896 0.0132990 0.039216 0.039216 0.039216
vn 0.0003610 -0.9475462 0.3196186
v 0.0040032 0.0016132 0.0129423 0.039216 0.039216 0.039216
vn 0.0004253 -0.9765485 0.2152972
v -0.0009969 0.0016598 0.0131173 0.039216 0.039216 0.039216
vn 0.0002925 -0.9074349 0.4201927
v 0.0040033 0.0015450 0.0127714 0.039216 0.039216 0.039216
vn 0.0003610 -0.9475462 0.3196186
v -0.0009968 0.0016105 0.0129400 0.039216 0.039216 0.039216
vn 0.0002206 -0.8566846 0.5158405
v 0.0040034 0.0014587 0.0126088 0.039216 0.039216 0.039216
vn 0.0002925 -0.9074349 0.4201927
v -0.0009967 0.0015423 0.0127690 0.039216 0.039216 0.039216
vn 0.0001460 -0.7958906 0.6054406
v 0.0040036 0.0013554 0.0124564 0.039216 0.039216 0.039216
vn 0.0002206 -0.8566846 0.5158405
v -0.0009966 0.0014560 0.0126064 0.039216 0.039216 0.039216
vn 0.0000698 -0.7257654 0.6879423
v 0.0040037 0.0012362 0.0123162 0.039216 0.039216 0.039216
vn 0.0001460 -0.7958906 0.6054406
v -0.0009964 0.0013527 0.0124541 0.039216 0.039216 0.039216
vn -0.0000073 -0.6471313 0.7623786
v 0.0040038 0.0011025 0.0121896 0.039216 0.039216 0.039216
vn 0.0000698 -0.7257654 0.6879423
v -0.0009963 0.0012335 0.0123139 0.039216 0.039216 0.039216
vn -0.0000843 -0.5609102 0.8278767
v 0.0040040 0.0009559 0.0120783 0.039216 0.039216 0.039216
vn -0.0000073 -0.6471313 0.7623786
v -0.0009962 0.0010998 0.0121873 0.039216 0.039216 0.039216
vn -0.0001603 -0.4681129 0.8836687
v 0.0040041 0.0007982 0.0119835 0.039216 0.039216 0.039216
vn -0.0000843 -0.5609102 0.8278767
v -0.0009960 0.0009532 0.0120760 0.039216 0.039216 0.039216
vn -0.0002344 -0.3698275 0.9291004
v 0.0040042 0.0006311 0.0119062 0.039216 0.039216 0.039216
vn -0.0001603 -0.4681129 0.8836687
v -0.0009959 0.0007955 0.0119811 0.039216 0.039216 0.039216
vn -0.0003058 -0.2672061 0.9636394
v 0.0040043 0.0004566 0.0118475 0.039216 0.039216 0.039216
vn -0.0002344 -0.3698275 0.9291004
v -0.0009958 0.0006284 0.0119039 0.039216 0.039216 0.039216
vn -0.0003735 -0.1614520 0.9868805
v 0.0040044 0.0002768 0.0118080 0.039216 0.039216 0.039216
vn -0.0003058 -0.2672061 0.9636394
v -0.0009957 0.0004539 0.0118452 0.039216 0.039216 0.039216
vn -0.0004369 -0.0538051 0.9985514
v 0.0040046 0.0000938 0.0117881 0.039216 0.039216 0.039216
vn -0.0003735 -0.1614520 0.9868805
v -0.0009956 0.0002741 0.0118057 0.039216 0.039216 0.039216
vn -0.0004952 0.0544727 0.9985151
v 0.0040047 -0.0000902 0.0117882 0.039216 0.039216 0.039216
vn -0.0004369 -0.0538051 0.9985514
v -0.0009954 0.0000911 0.0117858 0.039216 0.039216 0.039216
vn -0.0005477 0.1621119 0.9867722
v 0.0040047 -0.0002732 0.0118082 0.039216 0.039216 0.039216
vn -0.0004952 0.0544727 0.9985151
v -0.0009953 -0.0000929 0.0117859 0.039216 0.039216 0.039216
vn -0.0005938 0.2678505 0.9634603
v 0.0040048 -0.0004530 0.0118478 0.039216 0.039216 0.039216
vn -0.0005477 0.1621119 0.9867722
v -0.0009953 -0.0002759 0.0118058 0.039216 0.039216 0.039216
vn -0.0006328 0.3704487 0.9288527
v 0.0040049 -0.0006274 0.0119066 0.039216 0.039216 0.039216
vn -0.0005938 0.2678505 0.9634603
v -0.0009952 -0.0004557 0.0118455 0.039216 0.039216 0.039216
vn -0.0006645 0.4687038 0.8833552
v 0.0040049 -0.0007944 0.0119840 0.039216 0.039216 0.039216
vn -0.0006328 0.3704487 0.9288527
v -0.0009951 -0.0006301 0.0119043 0.039216 0.039216 0.039216
vn -0.0006884 0.5614637 0.8275011
v 0.0040050 -0.0009521 0.0120789 0.039216 0.039216 0.039216
vn -0.0006645 0.4687038 0.8833552
v -0.0009951 -0.0007971 0.0119816 0.039216 0.039216 0.039216
vn -0.0007042 0.6476410 0.7619453
v 0.0040050 -0.0010986 0.0121904 0.039216 0.039216 0.039216
vn -0.0006884 0.5614637 0.8275011
v -0.0009950 -0.0009548 0.0120766 0.039216 0.039216 0.039216
vn -0.0007118 0.7262253 0.6874565
v 0.0040050 -0.0012322 0.0123170 0.039216 0.039216 0.039216
vn -0.0007042 0.6476410 0.7619453
v -0.0009950 -0.0011013 0.0121880 0.039216 0.039216 0.039216
vn -0.0007110 0.7962953 0.6049078
v 0.0040050 -0.0013513 0.0124573 0.039216 0.039216 0.039216
vn -0.0007118 0.7262253 0.6874565
v -0.0009950 -0.0012349 0.0123147 0.039216 0.039216 0.039216
vn -0.0007019 0.8570294 0.5152670
v 0.0040050 -0.0014546 0.0126097 0.039216 0.039216 0.039216
vn -0.0007110 0.7962953 0.6049078
v -0.0009950 -0.0013540 0.0124550 0.039216 0.039216 0.039216
vn -0.0006845 0.9077156 0.4195853
v 0.0040050 -0.0015408 0.0127724 0.039216 0.039216 0.039216
vn -0.0007019 0.8570294 0.5152670
v -0.0009950 -0.0014573 0.0126074 0.039216 0.039216 0.039216
vn -0.0006591 0.9477597 0.3189844
v 0.0040049 -0.0016088 0.0129434 0.039216 0.039216 0.039216
vn -0.0006845 0.9077156 0.4195853
v -0.0009950 -0.0015435 0.0127701 0.039216 0.039216 0.039216
vn -0.0006260 0.9766923 0.2146436
v 0.0040049 -0.0016580 0.0131208 0.039216 0.039216 0.039216
vn -0.0006591 0.9477597 0.3189844
v -0.0009951 -0.0016115 0.0129411 0.039216 0.039216 0.039216
vn -0.0005856 0.9941739 0.1077864
v 0.0040048 -0.0016877 0.0133024 0.039216 0.039216 0.039216
vn -0.0006260 0.9766923 0.2146436
v -0.0009951 -0.0016607 0.0131185 0.039216 0.039216 0.039216
vn -0.0005383 0.9999998 -0.0003346
v 0.0040047 -0.0016976 0.0134863 0.039216 0.039216 0.039216
vn -0.0005856 0.9941739 0.1077864
v -0.0009952 -0.0016904 0.0133001 0.039216 0.039216 0.039216
vn -0.0005383 0.9999998 -0.0003346
v -0.0009953 -0.0017003 0.0134839 0.039216 0.039216 0.039216
vn -0.0004846 0.9941016 -0.1084516
v 0.0040046 -0.0016876 0.0136701 0.039216 0.039216 0.039216
vn -0.0005383 0.9999998 -0.0003346
v 0.0040047 -0.0016976 0.0134863 0.039216 0.039216 0.039216
vn -0.0005383 0.9999998 -0.0003346
v -0.0009953 -0.0017003 0.0134839 0.039216 0.039216 0.039216
vn -0.0004253 0.9765485 -0.2152972
v 0.0040045 -0.0016578 0.0138517 0.039216 0.039216 0.039216
vn -0.0004846 0.9941016 -0.1084516
v -0.0009954 -0.0016903 0.0136677 0.039216 0.039216 0.039216
vn -0.0003610 0.9475462 -0.3196186
v 0.0040044 -0.0016085 0.0140290 0.039216 0.039216 0.039216
vn -0.0004253 0.9765485 -0.2152972
v -0.0009955 -0.0016605 0.0138494 0.039216 0.039216 0.039216
vn -0.0002925 0.9074349 -0.4201927
v 0.0040043 -0.0015403 0.0142000 0.039216 0.039216 0.039216
vn -0.0003610 0.9475462 -0.3196186
v -0.0009956 -0.0016112 0.0140267 0.039216 0.039216 0.039216
vn -0.0002206 0.8566846 -0.5158405
v 0.0040042 -0.0014540 0.0143626 0.039216 0.039216 0.039216
vn -0.0002925 0.9074349 -0.4201927
v -0.0009957 -0.0015430 0.0141977 0.039216 0.039216 0.039216
vn -0.0001460 0.7958906 -0.6054406
v 0.0040041 -0.0013507 0.0145149 0.039216 0.039216 0.039216
vn -0.0002206 0.8566846 -0.5158405
v -0.0009958 -0.0014567 0.0143603 0.039216 0.039216 0.039216
vn -0.0000698 0.7257654 -0.6879423
v 0.0040039 -0.0012314 0.0146552 0.039216 0.039216 0.039216
vn -0.0001460 0.7958906 -0.6054406
v -0.0009959 -0.0013533 0.0145126 0.039216 0.039216 0.039216
vn 0.0000073 0.6471313 -0.7623786
v 0.0040038 -0.0010978 0.0147817 0.039216 0.039216 0.039216
vn -0.0000698 0.7257654 -0.6879423
v -0.0009961 -0.0012341 0.0146529 0.039216 0.039216 0.039216
vn 0.0000843 0.5609102 -0.8278767
v 0.0040037 -0.0009512 0.0148931 0.039216 0.039216 0.039216
vn 0.0000073 0.6471313 -0.7623786
v -0.0009962 -0.0011005 0.0147794 0.039216 0.039216 0.039216
vn 0.0001603 0.4681129 -0.8836687
v 0.0040035 -0.0007934 0.0149879 0.039216 0.039216 0.039216
vn 0.0000843 0.5609102 -0.8278767
v -0.0009963 -0.0009539 0.0148907 0.039216 0.039216 0.039216
vn 0.0002344 0.3698275 -0.9291004
v 0.0040034 -0.0006263 0.0150652 0.039216 0.039216 0.039216
vn 0.0001603 0.4681129 -0.8836687
v -0.0009965 -0.0007961 0.0149856 0.039216 0.039216 0.039216
vn 0.0003058 0.2672061 -0.9636394
v 0.0040033 -0.0004519 0.0151239 0.039216 0.039216 0.039216
vn 0.0002344 0.3698275 -0.9291004
v -0.0009966 -0.0006290 0.0150628 0.039216 0.039216 0.039216
vn 0.0003735 0.1614520 -0.9868805
v 0.0040032 -0.0002721 0.0151634 0.039216 0.039216 0.039216
vn 0.0003058 0.2672061 -0.9636394
v -0.0009967 -0.0004546 0.0151215 0.039216 0.039216 0.039216
vn 0.0004369 0.0538051 -0.9985514
v 0.0040031 -0.0000891 0.0151832 0.039216 0.039216 0.039216
vn 0.0003735 0.1614520 -0.9868805
v -0.0009968 -0.0002748 0.0151610 0.039216 0.039216 0.039216
vn 0.0004952 -0.0544727 -0.9985151
v 0.0040030 0.0000950 0.0151832 0.039216 0.039216 0.039216
vn 0.0004668 -0.0003343 -0.9999998
v -0.0009970 0.0000002 0.0151834 0.039216 0.039216 0.039216
vn 0.0004369 0.0538051 -0.9985514
v -0.0009969 -0.0000918 0.0151809 0.039216 0.039216 0.039216
vn 0.0005477 -0.1621119 -0.9867722
v 0.0040029 0.0002780 0.0151632 0.039216 0.039216 0.039216
vn 0.0004952 -0.0544727 -0.9985151
v -0.0009970 0.0000923 0.0151808 0.039216 0.039216 0.039216
vn 0.0005938 -0.2678505 -0.9634603
v 0.0040028 0.0004577 0.0151236 0.039216 0.039216 0.039216
vn 0.0005477 -0.1621119 -0.9867722
v -0.0009971 0.0002753 0.0151609 0.039216 0.039216 0.039216
vn 0.0006328 -0.3704487 -0.9288527
v 0.0040027 0.0006321 0.0150647 0.039216 0.039216 0.039216
vn 0.0005938 -0.2678505 -0.9634603
v -0.0009972 0.0004550 0.0151212 0.039216 0.039216 0.039216
vn 0.0006645 -0.4687038 -0.8833552
v 0.0040027 0.0007992 0.0149874 0.039216 0.039216 0.039216
vn 0.0006328 -0.3704487 -0.9288527
v -0.0009973 0.0006294 0.0150624 0.039216 0.039216 0.039216
vn 0.0006884 -0.5614637 -0.8275011
v 0.0040026 0.0009568 0.0148924 0.039216 0.039216 0.039216
vn 0.0006645 -0.4687038 -0.8833552
v -0.0009973 0.0007965 0.0149851 0.039216 0.039216 0.039216
vn 0.0007042 -0.6476410 -0.7619453
v 0.0040026 0.0011033 0.0147810 0.039216 0.039216 0.039216
vn 0.0006884 -0.5614637 -0.8275011
v -0.0009974 0.0009542 0.0148901 0.039216 0.039216 0.039216
vn 0.0007118 -0.7262253 -0.6874565
v 0.0040026 0.0012369 0.0146544 0.039216 0.039216 0.039216
vn 0.0007042 -0.6476410 -0.7619453
v -0.0009974 0.0011007 0.0147787 0.039216 0.039216 0.039216
vn 0.0007110 -0.7962953 -0.6049078
v 0.0040026 0.0013561 0.0145140 0.039216 0.039216 0.039216
vn 0.0007118 -0.7262253 -0.6874565
v -0.0009974 0.0012343 0.0146520 0.039216 0.039216 0.039216
vn 0.0007019 -0.8570294 -0.5152670
v 0.0040026 0.0014593 0.0143616 0.039216 0.039216 0.039216
vn 0.0007110 -0.7962953 -0.6049078
v -0.0009974 0.0013534 0.0145117 0.039216 0.039216 0.039216
vn 0.0006845 -0.9077156 -0.4195853
v 0.0040026 0.0015455 0.0141990 0.039216 0.039216 0.039216
vn 0.0007019 -0.8570294 -0.5152670
v -0.0009974 0.0014566 0.0143593 0.039216 0.039216 0.039216
vn 0.0006591 -0.9477597 -0.3189844
v 0.0040027 0.0016135 0.0140280 0.039216 0.039216 0.039216
vn 0.0006845 -0.9077156 -0.4195853
v -0.0009973 0.0015428 0.0141966 0.039216 0.039216 0.039216
vn 0.0006260 -0.9766923 -0.2146436
v 0.0040027 0.0016627 0.0138506 0.039216 0.039216 0.039216
vn 0.0006591 -0.9477597 -0.3189844
v -0.0009973 0.0016109 0.0140256 0.039216 0.039216 0.039216
vn 0.0005856 -0.9941739 -0.1077864
v 0.0040028 0.0016925 0.0136689 0.039216 0.039216 0.039216
vn 0.0006260 -0.9766923 -0.2146436
v -0.0009973 0.0016600 0.0138482 0.039216 0.039216 0.039216
vn 0.0005383 -0.9999998 0.0003346
v 0.0040029 0.0017024 0.0134851 0.039216 0.039216 0.039216
vn 0.0005856 -0.9941739 -0.1077864
v -0.0009972 0.0016898 0.0136666 0.039216 0.039216 0.039216
vn 0.0005383 -0.9999998 0.0003346
v -0.0009971 0.0016997 0.0134828 0.039216 0.039216 0.039216
vn 0.0004846 -0.9941016 0.1084516
v 0.0039955 0.0016977 0.0293013 0.039216 0.039216 0.039216
vn 0.0005383 -0.9999998 0.0003346
v 0.0039954 0.0017077 0.0294851 0.039216 0.039216 0.039216
vn 0.0005383 -0.9999998 0.0003346
v -0.0010046 0.0017050 0.0294828 0.039216 0.039216 0.039216
vn 0.0004253 -0.9765485 0.2152972
v 0.0039956 0.0016678 0.0291197 0.039216 0.039216 0.039216
vn 0.0004846 -0.9941016 0.1084516
v -0.0010045 0.0016950 0.0292990 0.039216 0.039216 0.039216
vn 0.0003610 -0.9475462 0.3196186
v 0.0039957 0.0016185 0.0289423 0.039216 0.039216 0.039216
vn 0.0004253 -0.9765485 0.2152972
v -0.0010044 0.0016651 0.0291173 0.039216 0.039216 0.039216
vn 0.0002925 -0.9074349 0.4201927
v 0.0039958 0.0015503 0.0287714 0.039216 0.039216 0.039216
vn 0.0003610 -0.9475462 0.3196186
v -0.0010043 0.0016158 0.0289400 0.039216 0.039216 0.039216
vn 0.0002206 -0.8566846 0.5158405
v 0.0039960 0.0014641 0.0286088 0.039216 0.039216 0.039216
vn 0.0002925 -0.9074349 0.4201927
v -0.0010042 0.0015477 0.0287690 0.039216 0.039216 0.039216
vn 0.0001460 -0.7958906 0.6054406
v 0.0039961 0.0013607 0.0284564 0.039216 0.039216 0.039216
vn 0.0002206 -0.8566846 0.5158405
v -0.0010040 0.0014614 0.0286064 0.039216 0.039216 0.039216
vn 0.0000698 -0.7257654 0.6879423
v 0.0039962 0.0012415 0.0283162 0.039216 0.039216 0.039216
vn 0.0001460 -0.7958906 0.6054406
v -0.0010039 0.0013580 0.0284541 0.039216 0.039216 0.039216
vn -0.0000073 -0.6471313 0.7623786
v 0.0039964 0.0011078 0.0281896 0.039216 0.039216 0.039216
vn 0.0000698 -0.7257654 0.6879423
v -0.0010038 0.0012388 0.0283138 0.039216 0.039216 0.039216
vn -0.0000843 -0.5609102 0.8278767
v 0.0039965 0.0009613 0.0280783 0.039216 0.039216 0.039216
vn -0.0000073 -0.6471313 0.7623786
v -0.0010036 0.0011051 0.0281873 0.039216 0.039216 0.039216
vn -0.0001603 -0.4681129 0.8836687
v 0.0039966 0.0008035 0.0279834 0.039216 0.039216 0.039216
vn -0.0000843 -0.5609102 0.8278767
v -0.0010035 0.0009586 0.0280760 0.039216 0.039216 0.039216
vn -0.0002344 -0.3698275 0.9291004
v 0.0039967 0.0006364 0.0279062 0.039216 0.039216 0.039216
vn -0.0001603 -0.4681129 0.8836687
v -0.0010034 0.0008008 0.0279811 0.039216 0.039216 0.039216
vn -0.0003058 -0.2672061 0.9636394
v 0.0039969 0.0004620 0.0278475 0.039216 0.039216 0.039216
vn -0.0002344 -0.3698275 0.9291004
v -0.0010033 0.0006337 0.0279039 0.039216 0.039216 0.039216
vn -0.0003735 -0.1614520 0.9868805
v 0.0039970 0.0002822 0.0278080 0.039216 0.039216 0.039216
vn -0.0003058 -0.2672061 0.9636394
v -0.0010031 0.0004593 0.0278452 0.039216 0.039216 0.039216
vn -0.0004369 -0.0538051 0.9985514
v 0.0039971 0.0000992 0.0277881 0.039216 0.039216 0.039216
vn -0.0003735 -0.1614520 0.9868805
v -0.0010030 0.0002795 0.0278057 0.039216 0.039216 0.039216
vn -0.0004952 0.0544727 0.9985151
v 0.0039972 -0.0000849 0.0277882 0.039216 0.039216 0.039216
vn -0.0004369 -0.0538051 0.9985514
v -0.0010029 0.0000965 0.0277858 0.039216 0.039216 0.039216
vn -0.0005477 0.1621119 0.9867722
v 0.0039973 -0.0002679 0.0278082 0.039216 0.039216 0.039216
vn -0.0004952 0.0544727 0.9985151
v -0.0010028 -0.0000876 0.0277859 0.039216 0.039216 0.039216
vn -0.0005938 0.2678505 0.9634603
v 0.0039974 -0.0004476 0.0278478 0.039216 0.039216 0.039216
vn -0.0005477 0.1621119 0.9867722
v -0.0010027 -0.0002706 0.0278058 0.039216 0.039216 0.039216
vn -0.0006328 0.3704487 0.9288527
v 0.0039974 -0.0006221 0.0279066 0.039216 0.039216 0.039216
vn -0.0005938 0.2678505 0.9634603
v -0.0010026 -0.0004503 0.0278455 0.039216 0.039216 0.039216
vn -0.0006645 0.4687038 0.8833552
v 0.0039975 -0.0007891 0.0279840 0.039216 0.039216 0.039216
vn -0.0006328 0.3704487 0.9288527
v -0.0010026 -0.0006247 0.0279043 0.039216 0.039216 0.039216
vn -0.0006884 0.5614637 0.8275011
v 0.0039975 -0.0009468 0.0280789 0.039216 0.039216 0.039216
vn -0.0006645 0.4687038 0.8833552
v -0.0010025 -0.0007918 0.0279816 0.039216 0.039216 0.039216
vn -0.0007042 0.6476410 0.7619453
v 0.0039975 -0.0010933 0.0281904 0.039216 0.039216 0.039216
vn -0.0006884 0.5614637 0.8275011
v -0.0010025 -0.0009495 0.0280766 0.039216 0.039216 0.039216
vn -0.0007118 0.7262253 0.6874565
v 0.0039976 -0.0012269 0.0283170 0.039216 0.039216 0.039216
vn -0.0007042 0.6476410 0.7619453
v -0.0010025 -0.0010960 0.0281880 0.039216 0.039216 0.039216
vn -0.0007110 0.7962953 0.6049078
v 0.0039976 -0.0013460 0.0284573 0.039216 0.039216 0.039216
vn -0.0007118 0.7262253 0.6874565
v -0.0010024 -0.0012296 0.0283147 0.039216 0.039216 0.039216
vn -0.0007019 0.8570294 0.5152670
v 0.0039975 -0.0014492 0.0286097 0.039216 0.039216 0.039216
vn -0.0007110 0.7962953 0.6049078
v -0.0010024 -0.0013487 0.0284550 0.039216 0.039216 0.039216
vn -0.0006845 0.9077156 0.4195853
v 0.0039975 -0.0015354 0.0287724 0.039216 0.039216 0.039216
vn -0.0007019 0.8570294 0.5152670
v -0.0010025 -0.0014519 0.0286074 0.039216 0.039216 0.039216
vn -0.0006591 0.9477597 0.3189844
v 0.0039975 -0.0016035 0.0289434 0.039216 0.039216 0.039216
vn -0.0006845 0.9077156 0.4195853
v -0.0010025 -0.0015381 0.0287701 0.039216 0.039216 0.039216
vn -0.0006260 0.9766923 0.2146436
v 0.0039974 -0.0016527 0.0291208 0.039216 0.039216 0.039216
vn -0.0006591 0.9477597 0.3189844
v -0.0010025 -0.0016062 0.0289411 0.039216 0.039216 0.039216
vn -0.0005856 0.9941739 0.1077864
v 0.0039973 -0.0016824 0.0293024 0.039216 0.039216 0.039216
vn -0.0006260 0.9766923 0.2146436
v -0.0010026 -0.0016554 0.0291185 0.039216 0.039216 0.039216
vn -0.0005383 0.9999998 -0.0003346
v 0.0039973 -0.0016923 0.0294863 0.039216 0.039216 0.039216
vn -0.0005856 0.9941739 0.1077864
v -0.0010027 -0.0016851 0.0293001 0.039216 0.039216 0.039216
vn -0.0005383 0.9999998 -0.0003346
v -0.0010027 -0.0016950 0.0294839 0.039216 0.039216 0.039216
vn -0.0004846 0.9941016 -0.1084516
v 0.0039972 -0.0016823 0.0296701 0.039216 0.039216 0.039216
vn -0.0005383 0.9999998 -0.0003346
v 0.0039973 -0.0016923 0.0294863 0.039216 0.039216 0.039216
vn -0.0005383 0.9999998 -0.0003346
v -0.0010027 -0.0016950 0.0294839 0.039216 0.039216 0.039216
vn -0.0004253 0.9765485 -0.2152972
v 0.0039971 -0.0016524 0.0298517 0.039216 0.039216 0.039216
vn -0.0004846 0.9941016 -0.1084516
v -0.0010028 -0.0016850 0.0296677 0.039216 0.039216 0.039216
vn -0.0003610 0.9475462 -0.3196186
v 0.0039970 -0.0016031 0.0300290 0.039216 0.039216 0.039216
vn -0.0004253 0.9765485 -0.2152972
v -0.0010029 -0.0016551 0.0298494 0.039216 0.039216 0.039216
vn -0.0002925 0.9074349 -0.4201927
v 0.0039968 -0.0015349 0.0302000 0.039216 0.039216 0.039216
vn -0.0003610 0.9475462 -0.3196186
v -0.0010030 -0.0016058 0.0300267 0.039216 0.039216 0.039216
vn -0.0002206 0.8566846 -0.5158405
v 0.0039967 -0.0014487 0.0303626 0.039216 0.039216 0.039216
vn -0.0002925 0.9074349 -0.4201927
v -0.0010032 -0.0015376 0.0301977 0.039216 0.039216 0.039216
vn -0.0001460 0.7958906 -0.6054406
v 0.0039966 -0.0013453 0.0305149 0.039216 0.039216 0.039216
vn -0.0002206 0.8566846 -0.5158405
v -0.0010033 -0.0014513 0.0303603 0.039216 0.039216 0.039216
vn -0.0000698 0.7257654 -0.6879423
v 0.0039965 -0.0012261 0.0306552 0.039216 0.039216 0.039216
vn -0.0001460 0.7958906 -0.6054406
v -0.0010034 -0.0013480 0.0305126 0.039216 0.039216 0.039216
vn 0.0000073 0.6471313 -0.7623786
v 0.0039963 -0.0010924 0.0307817 0.039216 0.039216 0.039216
vn -0.0000698 0.7257654 -0.6879423
v -0.0010035 -0.0012288 0.0306529 0.039216 0.039216 0.039216
vn 0.0000843 0.5609102 -0.8278767
v 0.0039962 -0.0009458 0.0308931 0.039216 0.039216 0.039216
vn 0.0000073 0.6471313 -0.7623786
v -0.0010037 -0.0010951 0.0307794 0.039216 0.039216 0.039216
vn 0.0001603 0.4681129 -0.8836687
v 0.0039961 -0.0007881 0.0309879 0.039216 0.039216 0.039216
vn 0.0000843 0.5609102 -0.8278767
v -0.0010038 -0.0009485 0.0308907 0.039216 0.039216 0.039216
vn 0.0002344 0.3698275 -0.9291004
v 0.0039959 -0.0006210 0.0310652 0.039216 0.039216 0.039216
vn 0.0001603 0.4681129 -0.8836687
v -0.0010039 -0.0007908 0.0309856 0.039216 0.039216 0.039216
vn 0.0003058 0.2672061 -0.9636394
v 0.0039958 -0.0004465 0.0311239 0.039216 0.039216 0.039216
vn 0.0002344 0.3698275 -0.9291004
v -0.0010041 -0.0006237 0.0310628 0.039216 0.039216 0.039216
vn 0.0003735 0.1614520 -0.9868805
v 0.0039957 -0.0002668 0.0311634 0.039216 0.039216 0.039216
vn 0.0003058 0.2672061 -0.9636394
v -0.0010042 -0.0004492 0.0311215 0.039216 0.039216 0.039216
vn 0.0004369 0.0538051 -0.9985514
v 0.0039956 -0.0000838 0.0311832 0.039216 0.039216 0.039216
vn 0.0003735 0.1614520 -0.9868805
v -0.0010043 -0.0002695 0.0311610 0.039216 0.039216 0.039216
vn 0.0004952 -0.0544727 -0.9985151
v 0.0039955 0.0001003 0.0311832 0.039216 0.039216 0.039216
vn 0.0004668 -0.0003343 -0.9999998
v -0.0010045 0.0000056 0.0311833 0.039216 0.039216 0.039216
vn 0.0004369 0.0538051 -0.9985514
v -0.0010044 -0.0000864 0.0311809 0.039216 0.039216 0.039216
vn 0.0005477 -0.1621119 -0.9867722
v 0.0039954 0.0002833 0.0311632 0.039216 0.039216 0.039216
vn 0.0004952 -0.0544727 -0.9985151
v -0.0010045 0.0000976 0.0311808 0.039216 0.039216 0.039216
vn 0.0005938 -0.2678505 -0.9634603
v 0.0039953 0.0004631 0.0311236 0.039216 0.039216 0.039216
vn 0.0005477 -0.1621119 -0.9867722
v -0.0010046 0.0002806 0.0311609 0.039216 0.039216 0.039216
vn 0.0006328 -0.3704487 -0.9288527
v 0.0039953 0.0006375 0.0310647 0.039216 0.039216 0.039216
vn 0.0005938 -0.2678505 -0.9634603
v -0.0010047 0.0004604 0.0311212 0.039216 0.039216 0.039216
vn 0.0006645 -0.4687038 -0.8833552
v 0.0039952 0.0008045 0.0309874 0.039216 0.039216 0.039216
vn 0.0006328 -0.3704487 -0.9288527
v -0.0010047 0.0006348 0.0310624 0.039216 0.039216 0.039216
vn 0.0006884 -0.5614637 -0.8275011
v 0.0039952 0.0009622 0.0308924 0.039216 0.039216 0.039216
vn 0.0006645 -0.4687038 -0.8833552
v -0.0010048 0.0008018 0.0309851 0.039216 0.039216 0.039216
vn 0.0007042 -0.6476410 -0.7619453
v 0.0039952 0.0011087 0.0307810 0.039216 0.039216 0.039216
vn 0.0006884 -0.5614637 -0.8275011
v -0.0010048 0.0009595 0.0308901 0.039216 0.039216 0.039216
vn 0.0007118 -0.7262253 -0.6874565
v 0.0039951 0.0012423 0.0306544 0.039216 0.039216 0.039216
vn 0.0007042 -0.6476410 -0.7619453
v -0.0010049 0.0011060 0.0307787 0.039216 0.039216 0.039216
vn 0.0007110 -0.7962953 -0.6049078
v 0.0039951 0.0013614 0.0305140 0.039216 0.039216 0.039216
vn 0.0007118 -0.7262253 -0.6874565
v -0.0010049 0.0012396 0.0306520 0.039216 0.039216 0.039216
vn 0.0007019 -0.8570294 -0.5152670
v 0.0039952 0.0014647 0.0303616 0.039216 0.039216 0.039216
vn 0.0007110 -0.7962953 -0.6049078
v -0.0010049 0.0013587 0.0305117 0.039216 0.039216 0.039216
vn 0.0006845 -0.9077156 -0.4195853
v 0.0039952 0.0015508 0.0301990 0.039216 0.039216 0.039216
vn 0.0007019 -0.8570294 -0.5152670
v -0.0010048 0.0014620 0.0303593 0.039216 0.039216 0.039216
vn 0.0006591 -0.9477597 -0.3189844
v 0.0039952 0.0016189 0.0300280 0.039216 0.039216 0.039216
vn 0.0006845 -0.9077156 -0.4195853
v -0.0010048 0.0015481 0.0301966 0.039216 0.039216 0.039216
vn 0.0006260 -0.9766923 -0.2146436
v 0.0039953 0.0016681 0.0298506 0.039216 0.039216 0.039216
vn 0.0006591 -0.9477597 -0.3189844
v -0.0010048 0.0016162 0.0300256 0.039216 0.039216 0.039216
vn 0.0005856 -0.9941739 -0.1077864
v 0.0039954 0.0016978 0.0296689 0.039216 0.039216 0.039216
vn 0.0006260 -0.9766923 -0.2146436
v -0.0010047 0.0016654 0.0298482 0.039216 0.039216 0.039216
vn 0.0005383 -0.9999998 0.0003346
v 0.0039954 0.0017077 0.0294851 0.039216 0.039216 0.039216
vn 0.0005856 -0.9941739 -0.1077864
v -0.0010047 0.0016951 0.0296666 0.039216 0.039216 0.039216
vn 0.0005383 -0.9999998 0.0003346
v -0.0010046 0.0017050 0.0294828 0.039216 0.039216 0.039216
vn 0.9999998 0.0005385 0.0004666
v 0.0040050 -0.0030772 0.0145244 0.039216 0.039216 0.039216
vn 0.9999998 0.0005385 0.0004666
v 0.0040044 -0.0016085 0.0140290 0.039216 0.039216 0.039216
vn 0.9999998 0.0005385 0.0004666
v 0.0040043 -0.0015403 0.0142000 0.039216 0.039216 0.039216
vn 0.9999998 0.0005385 0.0004666
v 0.0040052 -0.0031714 0.0141854 0.039216 0.039216 0.039216
vn 0.9999998 0.0005385 0.0004666
v 0.0040045 -0.0016578 0.0138517 0.039216 0.039216 0.039216
vn 0.9999998 0.0005385 0.0004666
v 0.0040054 -0.0032285 0.0138382 0.039216 0.039216 0.039216
vn 0.9999998 0.0005385 0.0004666
v 0.0040046 -0.0016876 0.0136701 0.039216 0.039216 0.039216
vn 0.9999998 0.0005385 0.0004666
v 0.0040056 -0.0032476 0.0134868 0.039216 0.039216 0.039216
vn 0.9999998 0.0005385 0.0004666
v 0.0040047 -0.0016976 0.0134863 0.039216 0.039216 0.039216
vn 0.9999998 0.0005385 0.0004666
v 0.0040057 -0.0032287 0.0131354 0.039216 0.039216 0.039216
vn 0.9999998 0.0005385 0.0004666
v 0.0040048 -0.0016877 0.0133024 0.039216 0.039216 0.039216
vn 0.9999998 0.0005385 0.0004666
v 0.0040060 -0.0030779 0.0124490 0.039216 0.039216 0.039216
vn 0.9999998 0.0005385 0.0004666
v 0.0040049 -0.0016088 0.0129434 0.039216 0.039216 0.039216
vn 0.9999998 0.0005385 0.0004666
v 0.0040049 -0.0016580 0.0131208 0.039216 0.039216 0.039216
vn 0.9999998 0.0005385 0.0004666
v 0.0040060 -0.0029477 0.0121220 0.039216 0.039216 0.039216
vn 0.9999998 0.0005385 0.0004666
v 0.0040050 -0.0015408 0.0127724 0.039216 0.039216 0.039216
vn 0.9999998 0.0005385 0.0004666
v 0.0040040 -0.0023564 0.0157215 0.039216 0.039216 0.039216
vn 0.9999998 0.0005385 0.0004666
v 0.0040039 -0.0012314 0.0146552 0.039216 0.039216 0.039216
vn 0.9999998 0.0005385 0.0004666
v 0.0040038 -0.0010978 0.0147817 0.039216 0.039216 0.039216
vn 0.9999998 0.0005385 0.0004666
v 0.0040043 -0.0025843 0.0154534 0.039216 0.039216 0.039216
vn 0.9999998 0.0005385 0.0004666
v 0.0040041 -0.0013507 0.0145149 0.039216 0.039216 0.039216
vn 0.9999998 0.0005385 0.0004666
v 0.0040045 -0.0027819 0.0151622 0.039216 0.039216 0.039216
vn 0.9999998 0.0005385 0.0004666
v 0.0040042 -0.0014540 0.0143626 0.039216 0.039216 0.039216
vn 0.9999998 0.0005385 0.0004666
v 0.0040048 -0.0029468 0.0148513 0.039216 0.039216 0.039216
vn 0.9999998 0.0005385 0.0004666
v 0.0040058 -0.0031719 0.0127881 0.039216 0.039216 0.039216
vn 0.9999998 0.0005385 0.0004666
v 0.0040017 0.0030826 0.0145224 0.039216 0.039216 0.039216
vn 0.9999998 0.0005385 0.0004666
v 0.0040027 0.0016135 0.0140280 0.039216 0.039216 0.039216
vn 0.9999998 0.0005385 0.0004666
v 0.0040027 0.0016627 0.0138506 0.039216 0.039216 0.039216
vn 0.9999998 0.0005385 0.0004666
v 0.0040016 0.0029524 0.0148493 0.039216 0.039216 0.039216
vn 0.9999998 0.0005385 0.0004666
v 0.0040026 0.0015455 0.0141990 0.039216 0.039216 0.039216
vn 0.9999998 0.0005385 0.0004666
v 0.0040022 0.0001794 0.0167309 0.039216 0.039216 0.039216
vn 0.9999998 0.0005385 0.0004666
v 0.0040024 -0.0001725 0.0167310 0.039216 0.039216 0.039216
vn 0.9999998 0.0005385 0.0004666
v 0.0040031 -0.0000891 0.0151832 0.039216 0.039216 0.039216
vn 0.9999998 0.0005385 0.0004666
v 0.0040026 -0.0005224 0.0166930 0.039216 0.039216 0.039216
vn 0.9999998 0.0005385 0.0004666
v 0.0040032 -0.0002721 0.0151634 0.039216 0.039216 0.039216
vn 0.9999998 0.0005385 0.0004666
v 0.0040033 -0.0015190 0.0163576 0.039216 0.039216 0.039216
vn 0.9999998 0.0005385 0.0004666
v 0.0040035 -0.0007934 0.0149879 0.039216 0.039216 0.039216
vn 0.9999998 0.0005385 0.0004666
v 0.0040034 -0.0006263 0.0150652 0.039216 0.039216 0.039216
vn 0.9999998 0.0005385 0.0004666
v 0.0040035 -0.0018206 0.0161763 0.039216 0.039216 0.039216
vn 0.9999998 0.0005385 0.0004666
v 0.0040037 -0.0009512 0.0148931 0.039216 0.039216 0.039216
vn 0.9999998 0.0005385 0.0004666
v 0.0040054 -0.0001747 0.0102405 0.039216 0.039216 0.039216
vn 0.9999998 0.0005385 0.0004666
v 0.0040047 -0.0000902 0.0117882 0.039216 0.039216 0.039216
vn 0.9999998 0.0005385 0.0004666
v 0.0040047 -0.0002732 0.0118082 0.039216 0.039216 0.039216
vn 0.9999998 0.0005385 0.0004666
v 0.0040052 0.0001772 0.0102404 0.039216 0.039216 0.039216
vn 0.9999998 0.0005385 0.0004666
v 0.0040046 0.0000938 0.0117881 0.039216 0.039216 0.039216
vn 0.9999998 0.0005385 0.0004666
v 0.0040018 0.0031766 0.0141833 0.039216 0.039216 0.039216
vn 0.9999998 0.0005385 0.0004666
v 0.0040028 0.0016925 0.0136689 0.039216 0.039216 0.039216
vn 0.9999998 0.0005385 0.0004666
v 0.0040018 0.0012063 0.0165045 0.039216 0.039216 0.039216
vn 0.9999998 0.0005385 0.0004666
v 0.0040027 0.0006321 0.0150647 0.039216 0.039216 0.039216
vn 0.9999998 0.0005385 0.0004666
v 0.0040027 0.0007992 0.0149874 0.039216 0.039216 0.039216
vn 0.9999998 0.0005385 0.0004666
v 0.0040019 0.0008729 0.0166169 0.039216 0.039216 0.039216
vn 0.9999998 0.0005385 0.0004666
v 0.0040028 0.0004577 0.0151236 0.039216 0.039216 0.039216
vn 0.9999998 0.0005385 0.0004666
v 0.0040030 0.0000950 0.0151832 0.039216 0.039216 0.039216
vn 0.9999998 0.0005385 0.0004666
v 0.0040029 0.0002780 0.0151632 0.039216 0.039216 0.039216
vn 0.9999998 0.0005385 0.0004666
v 0.0040031 -0.0011996 0.0165053 0.039216 0.039216 0.039216
vn 0.9999998 0.0005385 0.0004666
v 0.0040033 -0.0004519 0.0151239 0.039216 0.039216 0.039216
vn 0.9999998 0.0005385 0.0004666
v 0.0040061 -0.0027830 0.0118111 0.039216 0.039216 0.039216
vn 0.9999998 0.0005385 0.0004666
v 0.0040050 -0.0014546 0.0126097 0.039216 0.039216 0.039216
vn 0.9999998 0.0005385 0.0004666
v 0.0040061 -0.0025856 0.0115197 0.039216 0.039216 0.039216
vn 0.9999998 0.0005385 0.0004666
v 0.0040050 -0.0013513 0.0124573 0.039216 0.039216 0.039216
vn 0.9999998 0.0005385 0.0004666
v 0.0040060 -0.0015209 0.0106148 0.039216 0.039216 0.039216
vn 0.9999998 0.0005385 0.0004666
v 0.0040049 -0.0007944 0.0119840 0.039216 0.039216 0.039216
vn 0.9999998 0.0005385 0.0004666
v 0.0040050 -0.0009521 0.0120789 0.039216 0.039216 0.039216
vn 0.9999998 0.0005385 0.0004666
v 0.0040059 -0.0012016 0.0104669 0.039216 0.039216 0.039216
vn 0.9999998 0.0005385 0.0004666
v 0.0040049 -0.0006274 0.0119066 0.039216 0.039216 0.039216
vn 0.9999998 0.0005385 0.0004666
v 0.0040057 -0.0008682 0.0103544 0.039216 0.039216 0.039216
vn 0.9999998 0.0005385 0.0004666
v 0.0040048 -0.0004530 0.0118478 0.039216 0.039216 0.039216
vn 0.9999998 0.0005385 0.0004666
v 0.0040056 -0.0005245 0.0102787 0.039216 0.039216 0.039216
vn 0.9999998 0.0005385 0.0004666
v 0.0040050 0.0005271 0.0102783 0.039216 0.039216 0.039216
vn 0.9999998 0.0005385 0.0004666
v 0.0040044 0.0002768 0.0118080 0.039216 0.039216 0.039216
vn 0.9999998 0.0005385 0.0004666
v 0.0040046 0.0012043 0.0104661 0.039216 0.039216 0.039216
vn 0.9999998 0.0005385 0.0004666
v 0.0040042 0.0006311 0.0119062 0.039216 0.039216 0.039216
vn 0.9999998 0.0005385 0.0004666
v 0.0040043 0.0004566 0.0118475 0.039216 0.039216 0.039216
vn 0.9999998 0.0005385 0.0004666
v 0.0040043 0.0015237 0.0106138 0.039216 0.039216 0.039216
vn 0.9999998 0.0005385 0.0004666
v 0.0040041 0.0007982 0.0119835 0.039216 0.039216 0.039216
vn 0.9999998 0.0005385 0.0004666
v 0.0040041 0.0018253 0.0107951 0.039216 0.039216 0.039216
vn 0.9999998 0.0005385 0.0004666
v 0.0040040 0.0009559 0.0120783 0.039216 0.039216 0.039216
vn 0.9999998 0.0005385 0.0004666
v 0.0040038 0.0021055 0.0110080 0.039216 0.039216 0.039216
vn 0.9999998 0.0005385 0.0004666
v 0.0040038 0.0011025 0.0121896 0.039216 0.039216 0.039216
vn 0.9999998 0.0005385 0.0004666
v 0.0040036 0.0023611 0.0112499 0.039216 0.039216 0.039216
vn 0.9999998 0.0005385 0.0004666
v 0.0040037 0.0012362 0.0123162 0.039216 0.039216 0.039216
vn 0.9999998 0.0005385 0.0004666
v 0.0040033 0.0025890 0.0115180 0.039216 0.039216 0.039216
vn 0.9999998 0.0005385 0.0004666
v 0.0040036 0.0013554 0.0124564 0.039216 0.039216 0.039216
vn 0.9999998 0.0005385 0.0004666
v 0.0040026 0.0030819 0.0124469 0.039216 0.039216 0.039216
vn 0.9999998 0.0005385 0.0004666
v 0.0040032 0.0016132 0.0129423 0.039216 0.039216 0.039216
vn 0.9999998 0.0005385 0.0004666
v 0.0040033 0.0015450 0.0127714 0.039216 0.039216 0.039216
vn 0.9999998 0.0005385 0.0004666
v 0.0040024 0.0031761 0.0127860 0.039216 0.039216 0.039216
vn 0.9999998 0.0005385 0.0004666
v 0.0040031 0.0016625 0.0131197 0.039216 0.039216 0.039216
vn 0.9999998 0.0005385 0.0004666
v 0.0040021 0.0032524 0.0134846 0.039216 0.039216 0.039216
vn 0.9999998 0.0005385 0.0004666
v 0.0040019 0.0032334 0.0138360 0.039216 0.039216 0.039216
vn 0.9999998 0.0005385 0.0004666
v 0.0040015 0.0027877 0.0151603 0.039216 0.039216 0.039216
vn 0.9999998 0.0005385 0.0004666
v 0.0040026 0.0014593 0.0143616 0.039216 0.039216 0.039216
vn 0.9999998 0.0005385 0.0004666
v 0.0040015 0.0025903 0.0154516 0.039216 0.039216 0.039216
vn 0.9999998 0.0005385 0.0004666
v 0.0040026 0.0013561 0.0145140 0.039216 0.039216 0.039216
vn 0.9999998 0.0005385 0.0004666
v 0.0040015 0.0023626 0.0157199 0.039216 0.039216 0.039216
vn 0.9999998 0.0005385 0.0004666
v 0.0040026 0.0012369 0.0146544 0.039216 0.039216 0.039216
vn 0.9999998 0.0005385 0.0004666
v 0.0040015 0.0021072 0.0159620 0.039216 0.039216 0.039216
vn 0.9999998 0.0005385 0.0004666
v 0.0040026 0.0011033 0.0147810 0.039216 0.039216 0.039216
vn 0.9999998 0.0005385 0.0004666
v 0.0040016 0.0018271 0.0161751 0.039216 0.039216 0.039216
vn 0.9999998 0.0005385 0.0004666
v 0.0040026 0.0009568 0.0148924 0.039216 0.039216 0.039216
vn 0.9999998 0.0005385 0.0004666
v 0.0040017 0.0015256 0.0163566 0.039216 0.039216 0.039216
vn 0.9999998 0.0005385 0.0004666
v 0.0040020 0.0005292 0.0166927 0.039216 0.039216 0.039216
vn 0.9999998 0.0005385 0.0004666
v 0.0040028 -0.0008661 0.0166175 0.039216 0.039216 0.039216
vn 0.9999998 0.0005385 0.0004666
v 0.0040038 -0.0021008 0.0159634 0.039216 0.039216 0.039216
vn 0.9999998 0.0005385 0.0004666
v 0.0040061 -0.0023579 0.0112515 0.039216 0.039216 0.039216
vn 0.9999998 0.0005385 0.0004666
v 0.0040050 -0.0012322 0.0123170 0.039216 0.039216 0.039216
vn 0.9999998 0.0005385 0.0004666
v 0.0040061 -0.0021025 0.0110094 0.039216 0.039216 0.039216
vn 0.9999998 0.0005385 0.0004666
v 0.0040050 -0.0010986 0.0121904 0.039216 0.039216 0.039216
vn 0.9999998 0.0005385 0.0004666
v 0.0040061 -0.0018224 0.0107963 0.039216 0.039216 0.039216
vn 0.9999998 0.0005385 0.0004666
v 0.0040048 0.0008708 0.0103539 0.039216 0.039216 0.039216
vn 0.9999998 0.0005385 0.0004666
v 0.0040031 0.0027866 0.0118092 0.039216 0.039216 0.039216
vn 0.9999998 0.0005385 0.0004666
v 0.0040034 0.0014587 0.0126088 0.039216 0.039216 0.039216
vn 0.9999998 0.0005385 0.0004666
v 0.0040029 0.0029515 0.0121201 0.039216 0.039216 0.039216
vn 0.9999998 0.0005385 0.0004666
v 0.0040022 0.0032332 0.0131332 0.039216 0.039216 0.039216
vn 0.9999998 0.0005385 0.0004666
v 0.0040030 0.0016923 0.0133013 0.039216 0.039216 0.039216
vn 0.9999998 0.0005385 0.0004666
v 0.0040029 0.0017024 0.0134851 0.039216 0.039216 0.039216
vn 0.0004846 -0.9941016 0.1084516
v 0.0060022 0.0032343 0.0131342 0.039216 0.039216 0.039216
vn 0.0005383 -0.9999998 0.0003346
v 0.0060021 0.0032534 0.0134855 0.039216 0.039216 0.039216
vn 0.0005383 -0.9999998 0.0003346
v 0.0040021 0.0032524 0.0134846 0.039216 0.039216 0.039216
vn 0.0004253 -0.9765485 0.2152972
v 0.0060024 0.0031772 0.0127869 0.039216 0.039216 0.039216
vn 0.0004846 -0.9941016 0.1084516
v 0.0040022 0.0032332 0.0131332 0.039216 0.039216 0.039216
vn 0.0003610 -0.9475462 0.3196186
v 0.0060026 0.0030830 0.0124479 0.039216 0.039216 0.039216
vn 0.0004253 -0.9765485 0.2152972
v 0.0040024 0.0031761 0.0127860 0.039216 0.039216 0.039216
vn 0.0002925 -0.9074349 0.4201927
v 0.0060029 0.0029526 0.0121210 0.039216 0.039216 0.039216
vn 0.0003610 -0.9475462 0.3196186
v 0.0040026 0.0030819 0.0124469 0.039216 0.039216 0.039216
vn 0.0002206 -0.8566846 0.5158405
v 0.0060031 0.0027877 0.0118101 0.039216 0.039216 0.039216
vn 0.0002925 -0.9074349 0.4201927
v 0.0040029 0.0029515 0.0121201 0.039216 0.039216 0.039216
vn 0.0001460 -0.7958906 0.6054406
v 0.0060033 0.0025901 0.0115189 0.039216 0.039216 0.039216
vn 0.0002206 -0.8566846 0.5158405
v 0.0040031 0.0027866 0.0118092 0.039216 0.039216 0.039216
vn 0.0000698 -0.7257654 0.6879423
v 0.0060036 0.0023622 0.0112508 0.039216 0.039216 0.039216
vn 0.0001460 -0.7958906 0.6054406
v 0.0040033 0.0025890 0.0115180 0.039216 0.039216 0.039216
vn -0.0000073 -0.6471313 0.7623786
v 0.0060038 0.0021066 0.0110089 0.039216 0.039216 0.039216
vn 0.0000698 -0.7257654 0.6879423
v 0.0040036 0.0023611 0.0112499 0.039216 0.039216 0.039216
vn -0.0000843 -0.5609102 0.8278767
v 0.0060041 0.0018264 0.0107960 0.039216 0.039216 0.039216
vn -0.0000073 -0.6471313 0.7623786
v 0.0040038 0.0021055 0.0110080 0.039216 0.039216 0.039216
vn -0.0001603 -0.4681129 0.8836687
v 0.0060043 0.0015248 0.0106147 0.039216 0.039216 0.039216
vn -0.0000843 -0.5609102 0.8278767
v 0.0040041 0.0018253 0.0107951 0.039216 0.039216 0.039216
vn -0.0002344 -0.3698275 0.9291004
v 0.0060046 0.0012054 0.0104670 0.039216 0.039216 0.039216
vn -0.0001603 -0.4681129 0.8836687
v 0.0040043 0.0015237 0.0106138 0.039216 0.039216 0.039216
vn -0.0003058 -0.2672061 0.9636394
v 0.0060048 0.0008719 0.0103548 0.039216 0.039216 0.039216
vn -0.0002344 -0.3698275 0.9291004
v 0.0040046 0.0012043 0.0104661 0.039216 0.039216 0.039216
vn -0.0003735 -0.1614520 0.9868805
v 0.0060050 0.0005282 0.0102793 0.039216 0.039216 0.039216
vn -0.0003058 -0.2672061 0.9636394
v 0.0040048 0.0008708 0.0103539 0.039216 0.039216 0.039216
vn -0.0004369 -0.0538051 0.9985514
v 0.0060052 0.0001783 0.0102413 0.039216 0.039216 0.039216
vn -0.0003735 -0.1614520 0.9868805
v 0.0040050 0.0005271 0.0102783 0.039216 0.039216 0.039216
vn -0.0004952 0.0544727 0.9985151
v 0.0060054 -0.0001736 0.0102414 0.039216 0.039216 0.039216
vn -0.0004369 -0.0538051 0.9985514
v 0.0040052 0.0001772 0.0102404 0.039216 0.039216 0.039216
vn -0.0005477 0.1621119 0.9867722
v 0.0060056 -0.0005234 0.0102796 0.039216 0.039216 0.039216
vn -0.0004952 0.0544727 0.9985151
v 0.0040054 -0.0001747 0.0102405 0.039216 0.039216 0.039216
vn -0.0005938 0.2678505 0.9634603
v 0.0060057 -0.0008671 0.0103554 0.039216 0.039216 0.039216
vn -0.0005477 0.1621119 0.9867722
v 0.0040056 -0.0005245 0.0102787 0.039216 0.039216 0.039216
vn -0.0006328 0.3704487 0.9288527
v 0.0060059 -0.0012005 0.0104678 0.039216 0.039216 0.039216
vn -0.0005938 0.2678505 0.9634603
v 0.0040057 -0.0008682 0.0103544 0.039216 0.039216 0.039216
vn -0.0006645 0.4687038 0.8833552
v 0.0060060 -0.0015199 0.0106157 0.039216 0.039216 0.039216
vn -0.0006328 0.3704487 0.9288527
v 0.0040059 -0.0012016 0.0104669 0.039216 0.039216 0.039216
vn -0.0006884 0.5614637 0.8275011
v 0.0060061 -0.0018213 0.0107972 0.039216 0.039216 0.039216
vn -0.0006645 0.4687038 0.8833552
v 0.0040060 -0.0015209 0.0106148 0.039216 0.039216 0.039216
vn -0.0007042 0.6476410 0.7619453
v 0.0060061 -0.0021014 0.0110103 0.039216 0.039216 0.039216
vn -0.0006884 0.5614637 0.8275011
v 0.0040061 -0.0018224 0.0107963 0.039216 0.039216 0.039216
vn -0.0007118 0.7262253 0.6874565
v 0.0060061 -0.0023568 0.0112524 0.039216 0.039216 0.039216
vn -0.0007042 0.6476410 0.7619453
v 0.0040061 -0.0021025 0.0110094 0.039216 0.039216 0.039216
vn -0.0007110 0.7962953 0.6049078
v 0.0060061 -0.0025845 0.0115207 0.039216 0.039216 0.039216
vn -0.0007118 0.7262253 0.6874565
v 0.0040061 -0.0023579 0.0112515 0.039216 0.039216 0.039216
vn -0.0007019 0.8570294 0.5152670
v 0.0060061 -0.0027819 0.0118120 0.039216 0.039216 0.039216
vn -0.0007110 0.7962953 0.6049078
v 0.0040061 -0.0025856 0.0115197 0.039216 0.039216 0.039216
vn -0.0006845 0.9077156 0.4195853
v 0.0060060 -0.0029466 0.0121230 0.039216 0.039216 0.039216
vn -0.0007019 0.8570294 0.5152670
v 0.0040061 -0.0027830 0.0118111 0.039216 0.039216 0.039216
vn -0.0006591 0.9477597 0.3189844
v 0.0060060 -0.0030768 0.0124499 0.039216 0.039216 0.039216
vn -0.0006845 0.9077156 0.4195853
v 0.0040060 -0.0029477 0.0121220 0.039216 0.039216 0.039216
vn -0.0006260 0.9766923 0.2146436
v 0.0060058 -0.0031708 0.0127890 0.039216 0.039216 0.039216
vn -0.0006591 0.9477597 0.3189844
v 0.0040060 -0.0030779 0.0124490 0.039216 0.039216 0.039216
vn -0.0005856 0.9941739 0.1077864
v 0.0060057 -0.0032276 0.0131363 0.039216 0.039216 0.039216
vn -0.0006260 0.9766923 0.2146436
v 0.0040058 -0.0031719 0.0127881 0.039216 0.039216 0.039216
vn -0.0005383 0.9999998 -0.0003346
v 0.0060056 -0.0032466 0.0134877 0.039216 0.039216 0.039216
vn -0.0005856 0.9941739 0.1077864
v 0.0040057 -0.0032287 0.0131354 0.039216 0.039216 0.039216
vn -0.0005383 0.9999998 -0.0003346
v 0.0040056 -0.0032476 0.0134868 0.039216 0.039216 0.039216
vn -0.0004846 0.9941016 -0.1084516
v 0.0060054 -0.0032274 0.0138391 0.039216 0.039216 0.039216
vn -0.0005383 0.9999998 -0.0003346
v 0.0060056 -0.0032466 0.0134877 0.039216 0.039216 0.039216
vn -0.0005383 0.9999998 -0.0003346
v 0.0040056 -0.0032476 0.0134868 0.039216 0.039216 0.039216
vn -0.0004253 0.9765485 -0.2152972
v 0.0060052 -0.0031703 0.0141863 0.039216 0.039216 0.039216
vn -0.0004846 0.9941016 -0.1084516
v 0.0040054 -0.0032285 0.0138382 0.039216 0.039216 0.039216
vn -0.0003610 0.9475462 -0.3196186
v 0.0060050 -0.0030761 0.0145254 0.039216 0.039216 0.039216
vn -0.0004253 0.9765485 -0.2152972
v 0.0040052 -0.0031714 0.0141854 0.039216 0.039216 0.039216
vn -0.0002925 0.9074349 -0.4201927
v 0.0060048 -0.0029457 0.0148522 0.039216 0.039216 0.039216
vn -0.0003610 0.9475462 -0.3196186
v 0.0040050 -0.0030772 0.0145244 0.039216 0.039216 0.039216
vn -0.0002206 0.8566846 -0.5158405
v 0.0060045 -0.0027808 0.0151631 0.039216 0.039216 0.039216
vn -0.0002925 0.9074349 -0.4201927
v 0.0040048 -0.0029468 0.0148513 0.039216 0.039216 0.039216
vn -0.0001460 0.7958906 -0.6054406
v 0.0060043 -0.0025832 0.0154543 0.039216 0.039216 0.039216
vn -0.0002206 0.8566846 -0.5158405
v 0.0040045 -0.0027819 0.0151622 0.039216 0.039216 0.039216
vn -0.0000698 0.7257654 -0.6879423
v 0.0060040 -0.0023553 0.0157224 0.039216 0.039216 0.039216
vn -0.0001460 0.7958906 -0.6054406
v 0.0040043 -0.0025843 0.0154534 0.039216 0.039216 0.039216
vn 0.0000073 0.6471313 -0.7623786
v 0.0060038 -0.0020997 0.0159643 0.039216 0.039216 0.039216
vn -0.0000698 0.7257654 -0.6879423
v 0.0040040 -0.0023564 0.0157215 0.039216 0.039216 0.039216
vn 0.0000843 0.5609102 -0.8278767
v 0.0060035 -0.0018195 0.0161772 0.039216 0.039216 0.039216
vn 0.0000073 0.6471313 -0.7623786
v 0.0040038 -0.0021008 0.0159634 0.039216 0.039216 0.039216
vn 0.0001603 0.4681129 -0.8836687
v 0.0060033 -0.0015179 0.0163585 0.039216 0.039216 0.039216
vn 0.0000843 0.5609102 -0.8278767
v 0.0040035 -0.0018206 0.0161763 0.039216 0.039216 0.039216
vn 0.0002344 0.3698275 -0.9291004
v 0.0060031 -0.0011985 0.0165062 0.039216 0.039216 0.039216
vn 0.0001603 0.4681129 -0.8836687
v 0.0040033 -0.0015190 0.0163576 0.039216 0.039216 0.039216
vn 0.0003058 0.2672061 -0.9636394
v 0.0060028 -0.0008650 0.0166184 0.039216 0.039216 0.039216
vn 0.0002344 0.3698275 -0.9291004
v 0.0040031 -0.0011996 0.0165053 0.039216 0.039216 0.039216
vn 0.0003735 0.1614520 -0.9868805
v 0.0060026 -0.0005213 0.0166940 0.039216 0.039216 0.039216
vn 0.0003058 0.2672061 -0.9636394
v 0.0040028 -0.0008661 0.0166175 0.039216 0.039216 0.039216
vn 0.0004369 0.0538051 -0.9985514
v 0.0060024 -0.0001714 0.0167319 0.039216 0.039216 0.039216
vn 0.0003735 0.1614520 -0.9868805
v 0.0040026 -0.0005224 0.0166930 0.039216 0.039216 0.039216
vn 0.0004952 -0.0544727 -0.9985151
v 0.0060022 0.0001805 0.0167318 0.039216 0.039216 0.039216
vn 0.0004369 0.0538051 -0.9985514
v 0.0040024 -0.0001725 0.0167310 0.039216 0.039216 0.039216
vn 0.0005477 -0.1621119 -0.9867722
v 0.0060020 0.0005303 0.0166936 0.039216 0.039216 0.039216
vn 0.0004952 -0.0544727 -0.9985151
v 0.0040022 0.0001794 0.0167309 0.039216 0.039216 0.039216
vn 0.0005938 -0.2678505 -0.9634603
v 0.0060019 0.0008739 0.0166179 0.039216 0.039216 0.039216
vn 0.0005477 -0.1621119 -0.9867722
v 0.0040020 0.0005292 0.0166927 0.039216 0.039216 0.039216
vn 0.0006328 -0.3704487 -0.9288527
v 0.0060018 0.0012074 0.0165054 0.039216 0.039216 0.039216
vn 0.0005938 -0.2678505 -0.9634603
v 0.0040019 0.0008729 0.0166169 0.039216 0.039216 0.039216
vn 0.0006645 -0.4687038 -0.8833552
v 0.0060017 0.0015267 0.0163575 0.039216 0.039216 0.039216
vn 0.0006328 -0.3704487 -0.9288527
v 0.0040018 0.0012063 0.0165045 0.039216 0.039216 0.039216
vn 0.0006884 -0.5614637 -0.8275011
v 0.0060016 0.0018282 0.0161760 0.039216 0.039216 0.039216
vn 0.0006645 -0.4687038 -0.8833552
v 0.0040017 0.0015256 0.0163566 0.039216 0.039216 0.039216
vn 0.0007042 -0.6476410 -0.7619453
v 0.0060015 0.0021083 0.0159629 0.039216 0.039216 0.039216
vn 0.0006884 -0.5614637 -0.8275011
v 0.0040016 0.0018271 0.0161751 0.039216 0.039216 0.039216
vn 0.0007118 -0.7262253 -0.6874565
v 0.0060015 0.0023637 0.0157209 0.039216 0.039216 0.039216
vn 0.0007042 -0.6476410 -0.7619453
v 0.0040015 0.0021072 0.0159620 0.039216 0.039216 0.039216
vn 0.0007110 -0.7962953 -0.6049078
v 0.0060015 0.0025914 0.0154526 0.039216 0.039216 0.039216
vn 0.0007118 -0.7262253 -0.6874565
v 0.0040015 0.0023626 0.0157199 0.039216 0.039216 0.039216
vn 0.0007019 -0.8570294 -0.5152670
v 0.0060015 0.0027888 0.0151612 0.039216 0.039216 0.039216
vn 0.0007110 -0.7962953 -0.6049078
v 0.0040015 0.0025903 0.0154516 0.039216 0.039216 0.039216
vn 0.0006845 -0.9077156 -0.4195853
v 0.0060016 0.0029535 0.0148503 0.039216 0.039216 0.039216
vn 0.0007019 -0.8570294 -0.5152670
v 0.0040015 0.0027877 0.0151603 0.039216 0.039216 0.039216
vn 0.0006591 -0.9477597 -0.3189844
v 0.0060017 0.0030837 0.0145233 0.039216 0.039216 0.039216
vn 0.0006845 -0.9077156 -0.4195853
v 0.0040016 0.0029524 0.0148493 0.039216 0.039216 0.039216
vn 0.0006260 -0.9766923 -0.2146436
v 0.0060018 0.0031777 0.0141842 0.039216 0.039216 0.039216
vn 0.0006591 -0.9477597 -0.3189844
v 0.0040017 0.0030826 0.0145224 0.039216 0.039216 0.039216
vn 0.0005856 -0.9941739 -0.1077864
v 0.0060019 0.0032345 0.0138369 0.039216 0.039216 0.039216
vn 0.0006260 -0.9766923 -0.2146436
v 0.0040018 0.0031766 0.0141833 0.039216 0.039216 0.039216
vn 0.0005383 -0.9999998 0.0003346
v 0.0060021 0.0032534 0.0134855 0.039216 0.039216 0.039216
vn 0.0005856 -0.9941739 -0.1077864
v 0.0040019 0.0032334 0.0138360 0.039216 0.039216 0.039216
vn 0.0005383 -0.9999998 0.0003346
v 0.0040021 0.0032524 0.0134846 0.039216 0.039216 0.039216
vn 0.9999998 0.0005385 0.0004666
v 0.0059940 0.0065435 0.0269774 0.039216 0.039216 0.039216
vn 0.9999998 0.0005385 0.0004666
v 0.0059940 0.0065262 0.0270287 0.039216 0.039216 0.039216
vn 0.9999998 0.0005385 0.0004666
v 0.0059976 0.0005335 0.0262793 0.039216 0.039216 0.039216
vn 0.9999998 0.0005385 0.0004666
v 0.0059981 -0.0005181 0.0262796 0.039216 0.039216 0.039216
vn 0.9999998 0.0005385 0.0004666
v 0.0060000 -0.0008353 0.0227284 0.039216 0.039216 0.039216
vn 0.9999998 0.0005385 0.0004666
v 0.0059998 -0.0006961 0.0228121 0.039216 0.039216 0.039216
vn 0.9999998 0.0005385 0.0004666
v 0.0060024 -0.0001714 0.0167319 0.039216 0.039216 0.039216
vn 0.9999998 0.0005385 0.0004666
v 0.0060022 0.0001805 0.0167318 0.039216 0.039216 0.039216
vn 0.9999998 0.0005385 0.0004666
v 0.0060007 0.0000868 0.0199888 0.039216 0.039216 0.039216
vn 0.9999998 0.0005385 0.0004666
v 0.0059980 -0.0001683 0.0262414 0.039216 0.039216 0.039216
vn 0.9999998 0.0005385 0.0004666
v 0.0059978 0.0001837 0.0262413 0.039216 0.039216 0.039216
vn 0.9999998 0.0005385 0.0004666
v 0.0060002 -0.0010825 0.0225185 0.039216 0.039216 0.039216
vn 0.9999998 0.0005385 0.0004666
v 0.0060010 -0.0065276 0.0269817 0.039216 0.039216 0.039216
vn 0.9999998 0.0005385 0.0004666
v 0.0060011 -0.0065503 0.0269326 0.039216 0.039216 0.039216
vn 0.9999998 0.0005385 0.0004666
v 0.0060010 -0.0064986 0.0270859 0.039216 0.039216 0.039216
vn 0.9999998 0.0005385 0.0004666
v 0.0060010 -0.0065103 0.0270330 0.039216 0.039216 0.039216
vn 0.9999998 0.0005385 0.0004666
v 0.0060008 -0.0000756 0.0199888 0.039216 0.039216 0.039216
vn 0.9999998 0.0005385 0.0004666
v 0.0059940 0.0065662 0.0269282 0.039216 0.039216 0.039216
vn 0.9999998 0.0005385 0.0004666
v 0.0060006 0.0002483 0.0200063 0.039216 0.039216 0.039216
vn 0.9999998 0.0005385 0.0004666
v 0.0059940 0.0065146 0.0270815 0.039216 0.039216 0.039216
vn 0.9999998 0.0005385 0.0004666
v 0.0060003 -0.0011877 0.0223948 0.039216 0.039216 0.039216
vn 0.9999998 0.0005385 0.0004666
v 0.0059983 -0.0008617 0.0263554 0.039216 0.039216 0.039216
vn 0.9999998 0.0005385 0.0004666
v 0.0059984 -0.0011952 0.0264678 0.039216 0.039216 0.039216
vn 0.9999998 0.0005385 0.0004666
v 0.0060009 -0.0002371 0.0200065 0.039216 0.039216 0.039216
vn 0.9999998 0.0005385 0.0004666
v 0.0060004 0.0005608 0.0200930 0.039216 0.039216 0.039216
vn 0.9999998 0.0005385 0.0004666
v 0.0060005 0.0004069 0.0200412 0.039216 0.039216 0.039216
vn 0.9999998 0.0005385 0.0004666
v 0.0060017 0.0015267 0.0163575 0.039216 0.039216 0.039216
vn 0.9999998 0.0005385 0.0004666
v 0.0059940 0.0065941 0.0268818 0.039216 0.039216 0.039216
vn 0.9999998 0.0005385 0.0004666
v 0.0060001 -0.0009646 0.0226302 0.039216 0.039216 0.039216
vn 0.9999998 0.0005385 0.0004666
v 0.0059985 -0.0015145 0.0266157 0.039216 0.039216 0.039216
vn 0.9999998 0.0005385 0.0004666
v 0.0059986 -0.0018160 0.0267972 0.039216 0.039216 0.039216
vn 0.9999998 0.0005385 0.0004666
v 0.0059909 0.0070099 0.0329843 0.039216 0.039216 0.039216
vn 0.9999998 0.0005385 0.0004666
v 0.0059946 0.0005356 0.0326936 0.039216 0.039216 0.039216
vn 0.9999998 0.0005385 0.0004666
v 0.0059944 0.0008793 0.0326179 0.039216 0.039216 0.039216
vn 0.9999998 0.0005385 0.0004666
v 0.0059985 -0.0069900 0.0329890 0.039216 0.039216 0.039216
vn 0.9999998 0.0005385 0.0004666
v 0.0059949 -0.0001661 0.0327319 0.039216 0.039216 0.039216
vn 0.9999998 0.0005385 0.0004666
v 0.0059947 0.0001858 0.0327318 0.039216 0.039216 0.039216
vn 0.9999998 0.0005385 0.0004666
v 0.0060020 0.0005303 0.0166936 0.039216 0.039216 0.039216
vn 0.9999998 0.0005385 0.0004666
v 0.0060018 0.0070022 0.0097872 0.039216 0.039216 0.039216
vn 0.9999998 0.0005385 0.0004666
v 0.0060016 0.0029535 0.0148503 0.039216 0.039216 0.039216
vn 0.9999998 0.0005385 0.0004666
v 0.0060017 0.0030837 0.0145233 0.039216 0.039216 0.039216
vn 0.9999998 0.0005385 0.0004666
v 0.0060001 0.0009768 0.0203430 0.039216 0.039216 0.039216
vn 0.9999998 0.0005385 0.0004666
v 0.0060015 0.0027888 0.0151612 0.039216 0.039216 0.039216
vn 0.9999998 0.0005385 0.0004666
v 0.0060015 0.0021083 0.0159629 0.039216 0.039216 0.039216
vn 0.9999998 0.0005385 0.0004666
v 0.0060015 0.0023637 0.0157209 0.039216 0.039216 0.039216
vn 0.9999998 0.0005385 0.0004666
v 0.0060016 0.0018282 0.0161760 0.039216 0.039216 0.039216
vn 0.9999998 0.0005385 0.0004666
v 0.0060002 0.0008475 0.0202448 0.039216 0.039216 0.039216
vn 0.9999998 0.0005385 0.0004666
v 0.0060003 0.0007083 0.0201611 0.039216 0.039216 0.039216
vn 0.9999998 0.0005385 0.0004666
v 0.0060005 -0.0013550 0.0221169 0.039216 0.039216 0.039216
vn 0.9999998 0.0005385 0.0004666
v 0.0060004 -0.0012789 0.0222604 0.039216 0.039216 0.039216
vn 0.9999998 0.0005385 0.0004666
v 0.0060008 -0.0014850 0.0216493 0.039216 0.039216 0.039216
vn 0.9999998 0.0005385 0.0004666
v 0.0060007 -0.0014587 0.0218096 0.039216 0.039216 0.039216
vn 0.9999998 0.0005385 0.0004666
v 0.0060011 -0.0014155 0.0210081 0.039216 0.039216 0.039216
vn 0.9999998 0.0005385 0.0004666
v 0.0060010 -0.0014589 0.0211647 0.039216 0.039216 0.039216
vn 0.9999998 0.0005385 0.0004666
v 0.0059941 0.0027941 0.0311612 0.039216 0.039216 0.039216
vn 0.9999998 0.0005385 0.0004666
v 0.0059941 0.0029589 0.0308503 0.039216 0.039216 0.039216
vn 0.9999998 0.0005385 0.0004666
v 0.0059951 -0.0005159 0.0326940 0.039216 0.039216 0.039216
vn 0.9999998 0.0005385 0.0004666
v 0.0059956 -0.0011932 0.0325062 0.039216 0.039216 0.039216
vn 0.9999998 0.0005385 0.0004666
v 0.0059954 -0.0008596 0.0326184 0.039216 0.039216 0.039216
vn 0.9999998 0.0005385 0.0004666
v 0.0060026 -0.0005213 0.0166940 0.039216 0.039216 0.039216
vn 0.9999998 0.0005385 0.0004666
v 0.0060010 -0.0003957 0.0200414 0.039216 0.039216 0.039216
vn 0.9999998 0.0005385 0.0004666
v 0.0060010 -0.0005496 0.0200933 0.039216 0.039216 0.039216
vn 0.9999998 0.0005385 0.0004666
v 0.0060015 0.0025914 0.0154526 0.039216 0.039216 0.039216
vn 0.9999998 0.0005385 0.0004666
v 0.0059939 0.0065087 0.0271354 0.039216 0.039216 0.039216
vn 0.9999998 0.0005385 0.0004666
v 0.0059939 0.0065080 0.0271624 0.039216 0.039216 0.039216
vn 0.9999998 0.0005385 0.0004666
v 0.0059961 0.0023675 0.0272508 0.039216 0.039216 0.039216
vn 0.9999998 0.0005385 0.0004666
v 0.0060009 -0.0064927 0.0271397 0.039216 0.039216 0.039216
vn 0.9999998 0.0005385 0.0004666
v 0.0060006 -0.0014152 0.0219660 0.039216 0.039216 0.039216
vn 0.9999998 0.0005385 0.0004666
v 0.0060009 -0.0014939 0.0214871 0.039216 0.039216 0.039216
vn 0.9999998 0.0005385 0.0004666
v 0.0060010 -0.0014852 0.0213249 0.039216 0.039216 0.039216
vn 0.9999998 0.0005385 0.0004666
v 0.0059940 0.0025967 0.0314526 0.039216 0.039216 0.039216
vn 0.9999998 0.0005385 0.0004666
v 0.0059941 0.0021136 0.0319629 0.039216 0.039216 0.039216
vn 0.9999998 0.0005385 0.0004666
v 0.0059940 0.0023690 0.0317208 0.039216 0.039216 0.039216
vn 0.9999998 0.0005385 0.0004666
v 0.0059943 0.0012127 0.0325054 0.039216 0.039216 0.039216
vn 0.9999998 0.0005385 0.0004666
v 0.0059942 0.0015321 0.0323575 0.039216 0.039216 0.039216
vn 0.9999998 0.0005385 0.0004666
v 0.0059958 -0.0015126 0.0323585 0.039216 0.039216 0.039216
vn 0.9999998 0.0005385 0.0004666
v 0.0059966 -0.0023500 0.0317224 0.039216 0.039216 0.039216
vn 0.9999998 0.0005385 0.0004666
v 0.0059963 -0.0020944 0.0319643 0.039216 0.039216 0.039216
vn 0.9999998 0.0005385 0.0004666
v 0.0060013 -0.0067344 0.0267384 0.039216 0.039216 0.039216
vn 0.9999998 0.0005385 0.0004666
v 0.0060011 -0.0010832 0.0204554 0.039216 0.039216 0.039216
vn 0.9999998 0.0005385 0.0004666
v 0.0060011 -0.0006969 0.0201616 0.039216 0.039216 0.039216
vn 0.9999998 0.0005385 0.0004666
v 0.0060019 0.0008739 0.0166179 0.039216 0.039216 0.039216
vn 0.9999998 0.0005385 0.0004666
v 0.0060018 0.0012074 0.0165054 0.039216 0.039216 0.039216
vn 0.9999998 0.0005385 0.0004666
v 0.0059964 0.0021120 0.0270089 0.039216 0.039216 0.039216
vn 0.9999998 0.0005385 0.0004666
v 0.0060011 -0.0011883 0.0205793 0.039216 0.039216 0.039216
vn 0.9999998 0.0005385 0.0004666
v 0.0060011 -0.0012794 0.0207137 0.039216 0.039216 0.039216
vn 0.9999998 0.0005385 0.0004666
v 0.0059985 -0.0030714 0.0284499 0.039216 0.039216 0.039216
vn 0.9999998 0.0005385 0.0004666
v 0.0059984 -0.0031655 0.0287890 0.039216 0.039216 0.039216
vn 0.9999998 0.0005385 0.0004666
v 0.0060009 -0.0065274 0.0273519 0.039216 0.039216 0.039216
vn 0.9999998 0.0005385 0.0004666
v 0.0059986 -0.0029413 0.0281230 0.039216 0.039216 0.039216
vn 0.9999998 0.0005385 0.0004666
v 0.0060009 -0.0065102 0.0273006 0.039216 0.039216 0.039216
vn 0.9999998 0.0005385 0.0004666
v 0.0059941 0.0018335 0.0321760 0.039216 0.039216 0.039216
vn 0.9999998 0.0005385 0.0004666
v 0.0059961 -0.0018142 0.0321772 0.039216 0.039216 0.039216
vn 0.9999998 0.0005385 0.0004666
v 0.0060011 -0.0009653 0.0203437 0.039216 0.039216 0.039216
vn 0.9999998 0.0005385 0.0004666
v 0.0060018 0.0031777 0.0141842 0.039216 0.039216 0.039216
vn 0.9999998 0.0005385 0.0004666
v 0.0060019 0.0032345 0.0138369 0.039216 0.039216 0.039216
vn 0.9999998 0.0005385 0.0004666
v 0.0059952 0.0030883 0.0284479 0.039216 0.039216 0.039216
vn 0.9999998 0.0005385 0.0004666
v 0.0059939 0.0065263 0.0272962 0.039216 0.039216 0.039216
vn 0.9999998 0.0005385 0.0004666
v 0.0059938 0.0065436 0.0273475 0.039216 0.039216 0.039216
vn 0.9999998 0.0005385 0.0004666
v 0.0059939 0.0065087 0.0271895 0.039216 0.039216 0.039216
vn 0.9999998 0.0005385 0.0004666
v 0.0060011 -0.0013555 0.0208572 0.039216 0.039216 0.039216
vn 0.9999998 0.0005385 0.0004666
v 0.0059987 -0.0023514 0.0272524 0.039216 0.039216 0.039216
vn 0.9999998 0.0005385 0.0004666
v 0.0059987 -0.0025792 0.0275207 0.039216 0.039216 0.039216
vn 0.9999998 0.0005385 0.0004666
v 0.0059986 -0.0020960 0.0270103 0.039216 0.039216 0.039216
vn 0.9999998 0.0005385 0.0004666
v 0.0060009 -0.0065502 0.0274010 0.039216 0.039216 0.039216
vn 0.9999998 0.0005385 0.0004666
v 0.0060009 -0.0064927 0.0271939 0.039216 0.039216 0.039216
vn 0.9999998 0.0005385 0.0004666
v 0.0059986 -0.0027766 0.0278120 0.039216 0.039216 0.039216
vn 0.9999998 0.0005385 0.0004666
v 0.0060009 -0.0064985 0.0272477 0.039216 0.039216 0.039216
vn 0.9999998 0.0005385 0.0004666
v 0.0059934 0.0070082 0.0276623 0.039216 0.039216 0.039216
vn 0.9999998 0.0005385 0.0004666
v 0.0059944 0.0032398 0.0298369 0.039216 0.039216 0.039216
vn 0.9999998 0.0005385 0.0004666
v 0.0060013 -0.0067822 0.0267131 0.039216 0.039216 0.039216
vn 0.9999998 0.0005385 0.0004666
v 0.0060033 -0.0015179 0.0163585 0.039216 0.039216 0.039216
vn 0.9999998 0.0005385 0.0004666
v 0.0060013 -0.0068325 0.0266931 0.039216 0.039216 0.039216
vn 0.9999998 0.0005385 0.0004666
v 0.0060043 -0.0025832 0.0154543 0.039216 0.039216 0.039216
vn 0.9999998 0.0005385 0.0004666
v 0.0060040 -0.0023553 0.0157224 0.039216 0.039216 0.039216
vn 0.9999998 0.0005385 0.0004666
v 0.0060012 -0.0066483 0.0268038 0.039216 0.039216 0.039216
vn 0.9999998 0.0005385 0.0004666
v 0.0060012 -0.0066895 0.0267688 0.039216 0.039216 0.039216
vn 0.9999998 0.0005385 0.0004666
v 0.0059997 0.0012911 0.0207129 0.039216 0.039216 0.039216
vn 0.9999998 0.0005385 0.0004666
v 0.0059999 0.0011999 0.0205785 0.039216 0.039216 0.039216
vn 0.9999998 0.0005385 0.0004666
v 0.0059954 0.0029579 0.0281210 0.039216 0.039216 0.039216
vn 0.9999998 0.0005385 0.0004666
v 0.0059939 0.0065146 0.0272433 0.039216 0.039216 0.039216
vn 0.9999998 0.0005385 0.0004666
v 0.0059950 0.0031826 0.0287869 0.039216 0.039216 0.039216
vn 0.9999998 0.0005385 0.0004666
v 0.0059971 0.0012107 0.0264670 0.039216 0.039216 0.039216
vn 0.9999998 0.0005385 0.0004666
v 0.0059973 0.0008772 0.0263548 0.039216 0.039216 0.039216
vn 0.9999998 0.0005385 0.0004666
v 0.0059966 0.0018317 0.0267960 0.039216 0.039216 0.039216
vn 0.9999998 0.0005385 0.0004666
v 0.0059943 0.0031830 0.0301842 0.039216 0.039216 0.039216
vn 0.9999998 0.0005385 0.0004666
v 0.0059971 -0.0027754 0.0311631 0.039216 0.039216 0.039216
vn 0.9999998 0.0005385 0.0004666
v 0.0059968 -0.0025779 0.0314543 0.039216 0.039216 0.039216
vn 0.9999998 0.0005385 0.0004666
v 0.0060008 -0.0066108 0.0274905 0.039216 0.039216 0.039216
vn 0.9999998 0.0005385 0.0004666
v 0.0059979 -0.0032220 0.0298391 0.039216 0.039216 0.039216
vn 0.9999998 0.0005385 0.0004666
v 0.0059977 -0.0031650 0.0301863 0.039216 0.039216 0.039216
vn 0.9999998 0.0005385 0.0004666
v 0.0060008 -0.0065781 0.0274474 0.039216 0.039216 0.039216
vn 0.9999998 0.0005385 0.0004666
v 0.0059983 -0.0032223 0.0291363 0.039216 0.039216 0.039216
vn 0.9999998 0.0005385 0.0004666
v 0.0059975 -0.0030707 0.0305254 0.039216 0.039216 0.039216
vn 0.9999998 0.0005385 0.0004666
v 0.0060008 -0.0066893 0.0275649 0.039216 0.039216 0.039216
vn 0.9999998 0.0005385 0.0004666
v 0.0060008 -0.0066480 0.0275298 0.039216 0.039216 0.039216
vn 0.9999998 0.0005385 0.0004666
v 0.0060009 -0.0067819 0.0276207 0.039216 0.039216 0.039216
vn 0.9999998 0.0005385 0.0004666
v 0.0060014 -0.0068847 0.0266786 0.039216 0.039216 0.039216
vn 0.9999998 0.0005385 0.0004666
v 0.0060050 -0.0030761 0.0145254 0.039216 0.039216 0.039216
vn 0.9999998 0.0005385 0.0004666
v 0.0060048 -0.0029457 0.0148522 0.039216 0.039216 0.039216
vn 0.9999998 0.0005385 0.0004666
v 0.0060031 -0.0011985 0.0165062 0.039216 0.039216 0.039216
vn 0.9999998 0.0005385 0.0004666
v 0.0060038 -0.0020997 0.0159643 0.039216 0.039216 0.039216
vn 0.9999998 0.0005385 0.0004666
v 0.0060035 -0.0018195 0.0161772 0.039216 0.039216 0.039216
vn 0.9999998 0.0005385 0.0004666
v 0.0060045 -0.0027808 0.0151631 0.039216 0.039216 0.039216
vn 0.9999998 0.0005385 0.0004666
v 0.0060011 -0.0008361 0.0202454 0.039216 0.039216 0.039216
vn 0.9999998 0.0005385 0.0004666
v 0.0060021 0.0032534 0.0134855 0.039216 0.039216 0.039216
vn 0.9999998 0.0005385 0.0004666
v 0.0060000 0.0010948 0.0204547 0.039216 0.039216 0.039216
vn 0.9999998 0.0005385 0.0004666
v 0.0059956 0.0027930 0.0278101 0.039216 0.039216 0.039216
vn 0.9999998 0.0005385 0.0004666
v 0.0059959 0.0025954 0.0275189 0.039216 0.039216 0.039216
vn 0.9999998 0.0005385 0.0004666
v 0.0059938 0.0065943 0.0274430 0.039216 0.039216 0.039216
vn 0.9999998 0.0005385 0.0004666
v 0.0059946 0.0032588 0.0294855 0.039216 0.039216 0.039216
vn 0.9999998 0.0005385 0.0004666
v 0.0059948 0.0032396 0.0291341 0.039216 0.039216 0.039216
vn 0.9999998 0.0005385 0.0004666
v 0.0059938 0.0065663 0.0273966 0.039216 0.039216 0.039216
vn 0.9999998 0.0005385 0.0004666
v 0.0059969 0.0015302 0.0266147 0.039216 0.039216 0.039216
vn 0.9999998 0.0005385 0.0004666
v 0.0059942 0.0030890 0.0305233 0.039216 0.039216 0.039216
vn 0.9999998 0.0005385 0.0004666
v 0.0059981 -0.0032412 0.0294877 0.039216 0.039216 0.039216
vn 0.9999998 0.0005385 0.0004666
v 0.0060009 -0.0067341 0.0275953 0.039216 0.039216 0.039216
vn 0.9999998 0.0005385 0.0004666
v 0.0060009 -0.0068322 0.0276407 0.039216 0.039216 0.039216
vn 0.9999998 0.0005385 0.0004666
v 0.0059994 -0.0000746 0.0229844 0.039216 0.039216 0.039216
vn 0.9999998 0.0005385 0.0004666
v 0.0059958 0.0065074 0.0230714 0.039216 0.039216 0.039216
vn 0.9999998 0.0005385 0.0004666
v 0.0059958 0.0065066 0.0230984 0.039216 0.039216 0.039216
vn 0.9999998 0.0005385 0.0004666
v 0.0060060 -0.0030768 0.0124499 0.039216 0.039216 0.039216
vn 0.9999998 0.0005385 0.0004666
v 0.0060032 -0.0068339 0.0226291 0.039216 0.039216 0.039216
vn 0.9999998 0.0005385 0.0004666
v 0.0060033 -0.0068860 0.0226146 0.039216 0.039216 0.039216
vn 0.9999998 0.0005385 0.0004666
v 0.0060014 -0.0069381 0.0266699 0.039216 0.039216 0.039216
vn 0.9999998 0.0005385 0.0004666
v 0.0060056 -0.0032466 0.0134877 0.039216 0.039216 0.039216
vn 0.9999998 0.0005385 0.0004666
v 0.0060054 -0.0032274 0.0138391 0.039216 0.039216 0.039216
vn 0.9999998 0.0005385 0.0004666
v 0.0060058 -0.0031708 0.0127890 0.039216 0.039216 0.039216
vn 0.9999998 0.0005385 0.0004666
v 0.0060057 -0.0032276 0.0131363 0.039216 0.039216 0.039216
vn 0.9999998 0.0005385 0.0004666
v 0.0060011 -0.0066110 0.0268431 0.039216 0.039216 0.039216
vn 0.9999998 0.0005385 0.0004666
v 0.0059958 0.0070065 0.0225983 0.039216 0.039216 0.039216
vn 0.9999998 0.0005385 0.0004666
v 0.0059995 0.0014274 0.0210072 0.039216 0.039216 0.039216
vn 0.9999998 0.0005385 0.0004666
v 0.0059996 0.0013673 0.0208563 0.039216 0.039216 0.039216
vn 0.9999998 0.0005385 0.0004666
v 0.0059994 0.0014973 0.0213239 0.039216 0.039216 0.039216
vn 0.9999998 0.0005385 0.0004666
v 0.0059994 0.0014709 0.0211637 0.039216 0.039216 0.039216
vn 0.9999998 0.0005385 0.0004666
v 0.0059973 -0.0029404 0.0308522 0.039216 0.039216 0.039216
vn 0.9999998 0.0005385 0.0004666
v 0.0059958 0.0065074 0.0231255 0.039216 0.039216 0.039216
vn 0.9999998 0.0005385 0.0004666
v 0.0060093 -0.0069978 0.0097919 0.039216 0.039216 0.039216
vn 0.9999998 0.0005385 0.0004666
v 0.0060060 -0.0029466 0.0121230 0.039216 0.039216 0.039216
vn 0.9999998 0.0005385 0.0004666
v 0.0060052 0.0001783 0.0102413 0.039216 0.039216 0.039216
vn 0.9999998 0.0005385 0.0004666
v 0.0060043 0.0015248 0.0106147 0.039216 0.039216 0.039216
vn 0.9999998 0.0005385 0.0004666
v 0.0060046 0.0012054 0.0104670 0.039216 0.039216 0.039216
vn 0.9999998 0.0005385 0.0004666
v 0.0060026 0.0030830 0.0124479 0.039216 0.039216 0.039216
vn 0.9999998 0.0005385 0.0004666
v 0.0060029 0.0029526 0.0121210 0.039216 0.039216 0.039216
vn 0.9999998 0.0005385 0.0004666
v 0.0060052 -0.0031703 0.0141863 0.039216 0.039216 0.039216
vn 0.9999998 0.0005385 0.0004666
v 0.0060028 -0.0008650 0.0166184 0.039216 0.039216 0.039216
vn 0.9999998 0.0005385 0.0004666
v 0.0060011 -0.0065782 0.0268862 0.039216 0.039216 0.039216
vn 0.9999998 0.0005385 0.0004666
v 0.0059993 0.0015061 0.0214861 0.039216 0.039216 0.039216
vn 0.9999998 0.0005385 0.0004666
v 0.0059937 0.0066270 0.0274861 0.039216 0.039216 0.039216
vn 0.9999998 0.0005385 0.0004666
v 0.0059940 0.0066640 0.0267994 0.039216 0.039216 0.039216
vn 0.9999998 0.0005385 0.0004666
v 0.0059940 0.0066268 0.0268387 0.039216 0.039216 0.039216
vn 0.9999998 0.0005385 0.0004666
v 0.0059959 0.0065132 0.0230175 0.039216 0.039216 0.039216
vn 0.9999998 0.0005385 0.0004666
v 0.0060061 -0.0025845 0.0115207 0.039216 0.039216 0.039216
vn 0.9999998 0.0005385 0.0004666
v 0.0060061 -0.0027819 0.0118120 0.039216 0.039216 0.039216
vn 0.9999998 0.0005385 0.0004666
v 0.0060061 -0.0021014 0.0110103 0.039216 0.039216 0.039216
vn 0.9999998 0.0005385 0.0004666
v 0.0060061 -0.0023568 0.0112524 0.039216 0.039216 0.039216
vn 0.9999998 0.0005385 0.0004666
v 0.0060060 -0.0015199 0.0106157 0.039216 0.039216 0.039216
vn 0.9999998 0.0005385 0.0004666
v 0.0060061 -0.0018213 0.0107972 0.039216 0.039216 0.039216
vn 0.9999998 0.0005385 0.0004666
v 0.0060057 -0.0008671 0.0103554 0.039216 0.039216 0.039216
vn 0.9999998 0.0005385 0.0004666
v 0.0060059 -0.0012005 0.0104678 0.039216 0.039216 0.039216
vn 0.9999998 0.0005385 0.0004666
v 0.0060054 -0.0001736 0.0102414 0.039216 0.039216 0.039216
vn 0.9999998 0.0005385 0.0004666
v 0.0060048 0.0008719 0.0103548 0.039216 0.039216 0.039216
vn 0.9999998 0.0005385 0.0004666
v 0.0060050 0.0005282 0.0102793 0.039216 0.039216 0.039216
vn 0.9999998 0.0005385 0.0004666
v 0.0060041 0.0018264 0.0107960 0.039216 0.039216 0.039216
vn 0.9999998 0.0005385 0.0004666
v 0.0060033 0.0025901 0.0115189 0.039216 0.039216 0.039216
vn 0.9999998 0.0005385 0.0004666
v 0.0060036 0.0023622 0.0112508 0.039216 0.039216 0.039216
vn 0.9999998 0.0005385 0.0004666
v 0.0060031 0.0027877 0.0118101 0.039216 0.039216 0.039216
vn 0.9999998 0.0005385 0.0004666
v 0.0060009 -0.0069378 0.0276640 0.039216 0.039216 0.039216
vn 0.9999998 0.0005385 0.0004666
v 0.0060009 -0.0068843 0.0276552 0.039216 0.039216 0.039216
vn 0.9999998 0.0005385 0.0004666
v 0.0059940 0.0067501 0.0267339 0.039216 0.039216 0.039216
vn 0.9999998 0.0005385 0.0004666
v 0.0059995 -0.0002361 0.0229669 0.039216 0.039216 0.039216
vn 0.9999998 0.0005385 0.0004666
v 0.0059997 -0.0005486 0.0228803 0.039216 0.039216 0.039216
vn 0.9999998 0.0005385 0.0004666
v 0.0059996 -0.0003947 0.0229321 0.039216 0.039216 0.039216
vn 0.9999998 0.0005385 0.0004666
v 0.0060056 -0.0005234 0.0102796 0.039216 0.039216 0.039216
vn 0.9999998 0.0005385 0.0004666
v 0.0060038 0.0021066 0.0110089 0.039216 0.039216 0.039216
vn 0.9999998 0.0005385 0.0004666
v 0.0060022 0.0032343 0.0131342 0.039216 0.039216 0.039216
vn 0.9999998 0.0005385 0.0004666
v 0.0059935 0.0068485 0.0276362 0.039216 0.039216 0.039216
vn 0.9999998 0.0005385 0.0004666
v 0.0059935 0.0069007 0.0276506 0.039216 0.039216 0.039216
vn 0.9999998 0.0005385 0.0004666
v 0.0059937 0.0066643 0.0275254 0.039216 0.039216 0.039216
vn 0.9999998 0.0005385 0.0004666
v 0.0059936 0.0067056 0.0275604 0.039216 0.039216 0.039216
vn 0.9999998 0.0005385 0.0004666
v 0.0059940 0.0067053 0.0267643 0.039216 0.039216 0.039216
vn 0.9999998 0.0005385 0.0004666
v 0.0059940 0.0068482 0.0266885 0.039216 0.039216 0.039216
vn 0.9999998 0.0005385 0.0004666
v 0.0059958 0.0065133 0.0231793 0.039216 0.039216 0.039216
vn 0.9999998 0.0005385 0.0004666
v 0.0059993 0.0000878 0.0229844 0.039216 0.039216 0.039216
vn 0.9999998 0.0005385 0.0004666
v 0.0059959 0.0066255 0.0227747 0.039216 0.039216 0.039216
vn 0.9999998 0.0005385 0.0004666
v 0.0059959 0.0065927 0.0228178 0.039216 0.039216 0.039216
vn 0.9999998 0.0005385 0.0004666
v 0.0059959 0.0067039 0.0227003 0.039216 0.039216 0.039216
vn 0.9999998 0.0005385 0.0004666
v 0.0059959 0.0066627 0.0227354 0.039216 0.039216 0.039216
vn 0.9999998 0.0005385 0.0004666
v 0.0060024 0.0031772 0.0127869 0.039216 0.039216 0.039216
vn 0.9999998 0.0005385 0.0004666
v 0.0060030 -0.0066124 0.0227791 0.039216 0.039216 0.039216
vn 0.9999998 0.0005385 0.0004666
v 0.0060031 -0.0066496 0.0227398 0.039216 0.039216 0.039216
vn 0.9999998 0.0005385 0.0004666
v 0.0059936 0.0067982 0.0276161 0.039216 0.039216 0.039216
vn 0.9999998 0.0005385 0.0004666
v 0.0059936 0.0067504 0.0275908 0.039216 0.039216 0.039216
vn 0.9999998 0.0005385 0.0004666
v 0.0059939 0.0069004 0.0266740 0.039216 0.039216 0.039216
vn 0.9999998 0.0005385 0.0004666
v 0.0059959 0.0067966 0.0226446 0.039216 0.039216 0.039216
vn 0.9999998 0.0005385 0.0004666
v 0.0059959 0.0067487 0.0226699 0.039216 0.039216 0.039216
vn 0.9999998 0.0005385 0.0004666
v 0.0059958 0.0068990 0.0226100 0.039216 0.039216 0.039216
vn 0.9999998 0.0005385 0.0004666
v 0.0059959 0.0068468 0.0226245 0.039216 0.039216 0.039216
vn 0.9999998 0.0005385 0.0004666
v 0.0060032 -0.0067357 0.0226744 0.039216 0.039216 0.039216
vn 0.9999998 0.0005385 0.0004666
v 0.0060032 -0.0067836 0.0226491 0.039216 0.039216 0.039216
vn 0.9999998 0.0005385 0.0004666
v 0.0060031 -0.0066909 0.0227048 0.039216 0.039216 0.039216
vn 0.9999998 0.0005385 0.0004666
v 0.0060027 -0.0066906 0.0235009 0.039216 0.039216 0.039216
vn 0.9999998 0.0005385 0.0004666
v 0.0060027 -0.0066494 0.0234658 0.039216 0.039216 0.039216
vn 0.9999998 0.0005385 0.0004666
v 0.0060014 -0.0069922 0.0266670 0.039216 0.039216 0.039216
vn 0.9999998 0.0005385 0.0004666
v 0.0060029 -0.0069932 0.0236030 0.039216 0.039216 0.039216
vn 0.9999998 0.0005385 0.0004666
v 0.0059940 0.0067979 0.0267086 0.039216 0.039216 0.039216
vn 0.9999998 0.0005385 0.0004666
v 0.0059939 0.0069538 0.0266652 0.039216 0.039216 0.039216
vn 0.9999998 0.0005385 0.0004666
v 0.0059959 0.0065648 0.0228642 0.039216 0.039216 0.039216
vn 0.9999998 0.0005385 0.0004666
v 0.0059959 0.0065421 0.0229134 0.039216 0.039216 0.039216
vn 0.9999998 0.0005385 0.0004666
v 0.0059958 0.0069524 0.0226012 0.039216 0.039216 0.039216
vn 0.9999998 0.0005385 0.0004666
v 0.0059954 0.0069528 0.0235954 0.039216 0.039216 0.039216
vn 0.9999998 0.0005385 0.0004666
v 0.0059953 0.0070068 0.0235983 0.039216 0.039216 0.039216
vn 0.9999998 0.0005385 0.0004666
v 0.0060028 -0.0067354 0.0235313 0.039216 0.039216 0.039216
vn 0.9999998 0.0005385 0.0004666
v 0.0060028 -0.0068335 0.0235767 0.039216 0.039216 0.039216
vn 0.9999998 0.0005385 0.0004666
v 0.0060028 -0.0067833 0.0235567 0.039216 0.039216 0.039216
vn 0.9999998 0.0005385 0.0004666
v 0.0060028 -0.0069391 0.0236000 0.039216 0.039216 0.039216
vn 0.9999998 0.0005385 0.0004666
v 0.0059959 0.0065248 0.0229647 0.039216 0.039216 0.039216
vn 0.9999998 0.0005385 0.0004666
v 0.0059954 0.0068993 0.0235866 0.039216 0.039216 0.039216
vn 0.9999998 0.0005385 0.0004666
v 0.0059956 0.0066257 0.0234221 0.039216 0.039216 0.039216
vn 0.9999998 0.0005385 0.0004666
v 0.0059956 0.0066629 0.0234614 0.039216 0.039216 0.039216
vn 0.9999998 0.0005385 0.0004666
v 0.0059957 0.0065650 0.0233326 0.039216 0.039216 0.039216
vn 0.9999998 0.0005385 0.0004666
v 0.0059956 0.0065929 0.0233790 0.039216 0.039216 0.039216
vn 0.9999998 0.0005385 0.0004666
v 0.0059993 0.0002493 0.0229668 0.039216 0.039216 0.039216
vn 0.9999998 0.0005385 0.0004666
v 0.0060030 -0.0065517 0.0228686 0.039216 0.039216 0.039216
vn 0.9999998 0.0005385 0.0004666
v 0.0060030 -0.0065796 0.0228222 0.039216 0.039216 0.039216
vn 0.9999998 0.0005385 0.0004666
v 0.0060028 -0.0064941 0.0230757 0.039216 0.039216 0.039216
vn 0.9999998 0.0005385 0.0004666
v 0.0060029 -0.0065000 0.0230219 0.039216 0.039216 0.039216
vn 0.9999998 0.0005385 0.0004666
v 0.0060028 -0.0068857 0.0235912 0.039216 0.039216 0.039216
vn 0.9999998 0.0005385 0.0004666
v 0.0059954 0.0068472 0.0235722 0.039216 0.039216 0.039216
vn 0.9999998 0.0005385 0.0004666
v 0.0059955 0.0067042 0.0234964 0.039216 0.039216 0.039216
vn 0.9999998 0.0005385 0.0004666
v 0.0059955 0.0067490 0.0235268 0.039216 0.039216 0.039216
vn 0.9999998 0.0005385 0.0004666
v 0.0059990 0.0008483 0.0227279 0.039216 0.039216 0.039216
vn 0.9999998 0.0005385 0.0004666
v 0.0059990 0.0009776 0.0226295 0.039216 0.039216 0.039216
vn 0.9999998 0.0005385 0.0004666
v 0.0059992 0.0004079 0.0229318 0.039216 0.039216 0.039216
vn 0.9999998 0.0005385 0.0004666
v 0.0060029 -0.0065116 0.0229690 0.039216 0.039216 0.039216
vn 0.9999998 0.0005385 0.0004666
v 0.0060029 -0.0065289 0.0229177 0.039216 0.039216 0.039216
vn 0.9999998 0.0005385 0.0004666
v 0.0060028 -0.0064941 0.0231299 0.039216 0.039216 0.039216
vn 0.9999998 0.0005385 0.0004666
v 0.0060028 -0.0065115 0.0232366 0.039216 0.039216 0.039216
vn 0.9999998 0.0005385 0.0004666
v 0.0060028 -0.0064999 0.0231837 0.039216 0.039216 0.039216
vn 0.9999998 0.0005385 0.0004666
v 0.0060027 -0.0065515 0.0233370 0.039216 0.039216 0.039216
vn 0.9999998 0.0005385 0.0004666
v 0.0060028 -0.0065288 0.0232879 0.039216 0.039216 0.039216
vn 0.9999998 0.0005385 0.0004666
v 0.0060027 -0.0066122 0.0234265 0.039216 0.039216 0.039216
vn 0.9999998 0.0005385 0.0004666
v 0.0060027 -0.0065794 0.0233834 0.039216 0.039216 0.039216
vn 0.9999998 0.0005385 0.0004666
v 0.0059955 0.0067969 0.0235521 0.039216 0.039216 0.039216
vn 0.9999998 0.0005385 0.0004666
v 0.0059958 0.0065249 0.0232322 0.039216 0.039216 0.039216
vn 0.9999998 0.0005385 0.0004666
v 0.0059957 0.0065422 0.0232835 0.039216 0.039216 0.039216
vn 0.9999998 0.0005385 0.0004666
v 0.0059991 0.0007092 0.0228116 0.039216 0.039216 0.039216
vn 0.9999998 0.0005385 0.0004666
v 0.0059991 0.0005618 0.0228799 0.039216 0.039216 0.039216
vn 0.9999998 0.0005385 0.0004666
v 0.0059935 0.0069541 0.0276594 0.039216 0.039216 0.039216
vn 0.9999998 0.0005385 0.0004666
v 0.0059992 0.0014974 0.0216483 0.039216 0.039216 0.039216
vn 0.9999998 0.0005385 0.0004666
v 0.0059990 0.0010954 0.0225178 0.039216 0.039216 0.039216
vn 0.9999998 0.0005385 0.0004666
v 0.0059990 0.0012006 0.0223940 0.039216 0.039216 0.039216
vn 0.9999998 0.0005385 0.0004666
v 0.0060010 -0.0069918 0.0276670 0.039216 0.039216 0.039216
vn 0.9999998 0.0005385 0.0004666
v 0.0059991 0.0014278 0.0219651 0.039216 0.039216 0.039216
vn 0.9999998 0.0005385 0.0004666
v 0.0059991 0.0014711 0.0218086 0.039216 0.039216 0.039216
vn 0.9999998 0.0005385 0.0004666
v 0.0059990 0.0012917 0.0222595 0.039216 0.039216 0.039216
vn 0.9999998 0.0005385 0.0004666
v 0.0059991 0.0013677 0.0221160 0.039216 0.039216 0.039216
vn 0.9999998 0.0005385 0.0004666
v 0.0059939 0.0070078 0.0266623 0.039216 0.039216 0.039216
vn 0.9999998 0.0005385 0.0004666
v 0.0060033 -0.0069395 0.0226059 0.039216 0.039216 0.039216
vn 0.9999998 0.0005385 0.0004666
v 0.0060033 -0.0069935 0.0226030 0.039216 0.039216 0.039216
vn 0.9999998 0.0005385 0.0004666
v 0.0039942 0.0015310 0.0323566 0.039216 0.039216 0.039216
vn 0.9999998 0.0005385 0.0004666
v 0.0039952 0.0008045 0.0309874 0.039216 0.039216 0.039216
vn 0.9999998 0.0005385 0.0004666
v 0.0039952 0.0009622 0.0308924 0.039216 0.039216 0.039216
vn 0.9999998 0.0005385 0.0004666
v 0.0039943 0.0012117 0.0325045 0.039216 0.039216 0.039216
vn 0.9999998 0.0005385 0.0004666
v 0.0039953 0.0006375 0.0310647 0.039216 0.039216 0.039216
vn 0.9999998 0.0005385 0.0004666
v 0.0039944 0.0008782 0.0326169 0.039216 0.039216 0.039216
vn 0.9999998 0.0005385 0.0004666
v 0.0039953 0.0004631 0.0311236 0.039216 0.039216 0.039216
vn 0.9999998 0.0005385 0.0004666
v 0.0039946 0.0005346 0.0326927 0.039216 0.039216 0.039216
vn 0.9999998 0.0005385 0.0004666
v 0.0039954 0.0002833 0.0311632 0.039216 0.039216 0.039216
vn 0.9999998 0.0005385 0.0004666
v 0.0039947 0.0001847 0.0327309 0.039216 0.039216 0.039216
vn 0.9999998 0.0005385 0.0004666
v 0.0039955 0.0001003 0.0311832 0.039216 0.039216 0.039216
vn 0.9999998 0.0005385 0.0004666
v 0.0039949 -0.0001672 0.0327310 0.039216 0.039216 0.039216
vn 0.9999998 0.0005385 0.0004666
v 0.0039956 -0.0000838 0.0311832 0.039216 0.039216 0.039216
vn 0.9999998 0.0005385 0.0004666
v 0.0039981 -0.0032423 0.0294868 0.039216 0.039216 0.039216
vn 0.9999998 0.0005385 0.0004666
v 0.0039973 -0.0016923 0.0294863 0.039216 0.039216 0.039216
vn 0.9999998 0.0005385 0.0004666
v 0.0039972 -0.0016823 0.0296701 0.039216 0.039216 0.039216
vn 0.9999998 0.0005385 0.0004666
v 0.0039982 -0.0032234 0.0291354 0.039216 0.039216 0.039216
vn 0.9999998 0.0005385 0.0004666
v 0.0039973 -0.0016824 0.0293024 0.039216 0.039216 0.039216
vn 0.9999998 0.0005385 0.0004666
v 0.0039984 -0.0011963 0.0264669 0.039216 0.039216 0.039216
vn 0.9999998 0.0005385 0.0004666
v 0.0039974 -0.0006221 0.0279066 0.039216 0.039216 0.039216
vn 0.9999998 0.0005385 0.0004666
v 0.0039975 -0.0007891 0.0279840 0.039216 0.039216 0.039216
vn 0.9999998 0.0005385 0.0004666
v 0.0039983 -0.0008628 0.0263544 0.039216 0.039216 0.039216
vn 0.9999998 0.0005385 0.0004666
v 0.0039974 -0.0004476 0.0278478 0.039216 0.039216 0.039216
vn 0.9999998 0.0005385 0.0004666
v 0.0039980 -0.0001693 0.0262405 0.039216 0.039216 0.039216
vn 0.9999998 0.0005385 0.0004666
v 0.0039972 -0.0000849 0.0277882 0.039216 0.039216 0.039216
vn 0.9999998 0.0005385 0.0004666
v 0.0039973 -0.0002679 0.0278082 0.039216 0.039216 0.039216
vn 0.9999998 0.0005385 0.0004666
v 0.0039978 0.0001826 0.0262404 0.039216 0.039216 0.039216
vn 0.9999998 0.0005385 0.0004666
v 0.0039971 0.0000992 0.0277881 0.039216 0.039216 0.039216
vn 0.9999998 0.0005385 0.0004666
v 0.0039969 0.0015291 0.0266138 0.039216 0.039216 0.039216
vn 0.9999998 0.0005385 0.0004666
v 0.0039966 0.0008035 0.0279834 0.039216 0.039216 0.039216
vn 0.9999998 0.0005385 0.0004666
v 0.0039967 0.0006364 0.0279062 0.039216 0.039216 0.039216
vn 0.9999998 0.0005385 0.0004666
v 0.0039966 0.0018307 0.0267951 0.039216 0.039216 0.039216
vn 0.9999998 0.0005385 0.0004666
v 0.0039965 0.0009613 0.0280783 0.039216 0.039216 0.039216
vn 0.9999998 0.0005385 0.0004666
v 0.0039979 -0.0032231 0.0298382 0.039216 0.039216 0.039216
vn 0.9999998 0.0005385 0.0004666
v 0.0039971 -0.0016524 0.0298517 0.039216 0.039216 0.039216
vn 0.9999998 0.0005385 0.0004666
v 0.0039981 -0.0005192 0.0262787 0.039216 0.039216 0.039216
vn 0.9999998 0.0005385 0.0004666
v 0.0039976 0.0005324 0.0262783 0.039216 0.039216 0.039216
vn 0.9999998 0.0005385 0.0004666
v 0.0039970 0.0002822 0.0278080 0.039216 0.039216 0.039216
vn 0.9999998 0.0005385 0.0004666
v 0.0039971 0.0012096 0.0264661 0.039216 0.039216 0.039216
vn 0.9999998 0.0005385 0.0004666
v 0.0039969 0.0004620 0.0278475 0.039216 0.039216 0.039216
vn 0.9999998 0.0005385 0.0004666
v 0.0039940 0.0023679 0.0317199 0.039216 0.039216 0.039216
vn 0.9999998 0.0005385 0.0004666
v 0.0039951 0.0012423 0.0306544 0.039216 0.039216 0.039216
vn 0.9999998 0.0005385 0.0004666
v 0.0039951 0.0013614 0.0305140 0.039216 0.039216 0.039216
vn 0.9999998 0.0005385 0.0004666
v 0.0039941 0.0021125 0.0319620 0.039216 0.039216 0.039216
vn 0.9999998 0.0005385 0.0004666
v 0.0039952 0.0011087 0.0307810 0.039216 0.039216 0.039216
vn 0.9999998 0.0005385 0.0004666
v 0.0039941 0.0018325 0.0321751 0.039216 0.039216 0.039216
vn 0.9999998 0.0005385 0.0004666
v 0.0039958 -0.0015137 0.0323576 0.039216 0.039216 0.039216
vn 0.9999998 0.0005385 0.0004666
v 0.0039961 -0.0007881 0.0309879 0.039216 0.039216 0.039216
vn 0.9999998 0.0005385 0.0004666
v 0.0039959 -0.0006210 0.0310652 0.039216 0.039216 0.039216
vn 0.9999998 0.0005385 0.0004666
v 0.0039961 -0.0018152 0.0321763 0.039216 0.039216 0.039216
vn 0.9999998 0.0005385 0.0004666
v 0.0039962 -0.0009458 0.0308931 0.039216 0.039216 0.039216
vn 0.9999998 0.0005385 0.0004666
v 0.0039966 -0.0023510 0.0317215 0.039216 0.039216 0.039216
vn 0.9999998 0.0005385 0.0004666
v 0.0039965 -0.0012261 0.0306552 0.039216 0.039216 0.039216
vn 0.9999998 0.0005385 0.0004666
v 0.0039963 -0.0010924 0.0307817 0.039216 0.039216 0.039216
vn 0.9999998 0.0005385 0.0004666
v 0.0039968 -0.0025789 0.0314534 0.039216 0.039216 0.039216
vn 0.9999998 0.0005385 0.0004666
v 0.0039966 -0.0013453 0.0305149 0.039216 0.039216 0.039216
vn 0.9999998 0.0005385 0.0004666
v 0.0039984 -0.0031665 0.0287881 0.039216 0.039216 0.039216
vn 0.9999998 0.0005385 0.0004666
v 0.0039974 -0.0016527 0.0291208 0.039216 0.039216 0.039216
vn 0.9999998 0.0005385 0.0004666
v 0.0039985 -0.0030725 0.0284490 0.039216 0.039216 0.039216
vn 0.9999998 0.0005385 0.0004666
v 0.0039975 -0.0016035 0.0289434 0.039216 0.039216 0.039216
vn 0.9999998 0.0005385 0.0004666
v 0.0039986 -0.0029424 0.0281220 0.039216 0.039216 0.039216
vn 0.9999998 0.0005385 0.0004666
v 0.0039975 -0.0015354 0.0287724 0.039216 0.039216 0.039216
vn 0.9999998 0.0005385 0.0004666
v 0.0039973 0.0008761 0.0263539 0.039216 0.039216 0.039216
vn 0.9999998 0.0005385 0.0004666
v 0.0039961 0.0023664 0.0272499 0.039216 0.039216 0.039216
vn 0.9999998 0.0005385 0.0004666
v 0.0039962 0.0012415 0.0283162 0.039216 0.039216 0.039216
vn 0.9999998 0.0005385 0.0004666
v 0.0039964 0.0011078 0.0281896 0.039216 0.039216 0.039216
vn 0.9999998 0.0005385 0.0004666
v 0.0039959 0.0025944 0.0275180 0.039216 0.039216 0.039216
vn 0.9999998 0.0005385 0.0004666
v 0.0039961 0.0013607 0.0284564 0.039216 0.039216 0.039216
vn 0.9999998 0.0005385 0.0004666
v 0.0039952 0.0030872 0.0284469 0.039216 0.039216 0.039216
vn 0.9999998 0.0005385 0.0004666
v 0.0039957 0.0016185 0.0289423 0.039216 0.039216 0.039216
vn 0.9999998 0.0005385 0.0004666
v 0.0039958 0.0015503 0.0287714 0.039216 0.039216 0.039216
vn 0.9999998 0.0005385 0.0004666
v 0.0039950 0.0031815 0.0287860 0.039216 0.039216 0.039216
vn 0.9999998 0.0005385 0.0004666
v 0.0039956 0.0016678 0.0291197 0.039216 0.039216 0.039216
vn 0.9999998 0.0005385 0.0004666
v 0.0039951 -0.0005170 0.0326930 0.039216 0.039216 0.039216
vn 0.9999998 0.0005385 0.0004666
v 0.0039957 -0.0002668 0.0311634 0.039216 0.039216 0.039216
vn 0.9999998 0.0005385 0.0004666
v 0.0039954 -0.0008607 0.0326175 0.039216 0.039216 0.039216
vn 0.9999998 0.0005385 0.0004666
v 0.0039958 -0.0004465 0.0311239 0.039216 0.039216 0.039216
vn 0.9999998 0.0005385 0.0004666
v 0.0039956 -0.0011942 0.0325053 0.039216 0.039216 0.039216
vn 0.9999998 0.0005385 0.0004666
v 0.0039963 -0.0020955 0.0319634 0.039216 0.039216 0.039216
vn 0.9999998 0.0005385 0.0004666
v 0.0039971 -0.0027765 0.0311622 0.039216 0.039216 0.039216
vn 0.9999998 0.0005385 0.0004666
v 0.0039967 -0.0014487 0.0303626 0.039216 0.039216 0.039216
vn 0.9999998 0.0005385 0.0004666
v 0.0039973 -0.0029415 0.0308513 0.039216 0.039216 0.039216
vn 0.9999998 0.0005385 0.0004666
v 0.0039968 -0.0015349 0.0302000 0.039216 0.039216 0.039216
vn 0.9999998 0.0005385 0.0004666
v 0.0039975 -0.0030718 0.0305244 0.039216 0.039216 0.039216
vn 0.9999998 0.0005385 0.0004666
v 0.0039970 -0.0016031 0.0300290 0.039216 0.039216 0.039216
vn 0.9999998 0.0005385 0.0004666
v 0.0039977 -0.0031661 0.0301854 0.039216 0.039216 0.039216
vn 0.9999998 0.0005385 0.0004666
v 0.0039986 -0.0027776 0.0278111 0.039216 0.039216 0.039216
vn 0.9999998 0.0005385 0.0004666
v 0.0039975 -0.0014492 0.0286097 0.039216 0.039216 0.039216
vn 0.9999998 0.0005385 0.0004666
v 0.0039987 -0.0025803 0.0275197 0.039216 0.039216 0.039216
vn 0.9999998 0.0005385 0.0004666
v 0.0039976 -0.0013460 0.0284573 0.039216 0.039216 0.039216
vn 0.9999998 0.0005385 0.0004666
v 0.0039987 -0.0023525 0.0272514 0.039216 0.039216 0.039216
vn 0.9999998 0.0005385 0.0004666
v 0.0039976 -0.0012269 0.0283170 0.039216 0.039216 0.039216
vn 0.9999998 0.0005385 0.0004666
v 0.0039986 -0.0020971 0.0270094 0.039216 0.039216 0.039216
vn 0.9999998 0.0005385 0.0004666
v 0.0039975 -0.0010933 0.0281904 0.039216 0.039216 0.039216
vn 0.9999998 0.0005385 0.0004666
v 0.0039986 -0.0018170 0.0267963 0.039216 0.039216 0.039216
vn 0.9999998 0.0005385 0.0004666
v 0.0039975 -0.0009468 0.0280789 0.039216 0.039216 0.039216
vn 0.9999998 0.0005385 0.0004666
v 0.0039985 -0.0015156 0.0266148 0.039216 0.039216 0.039216
vn 0.9999998 0.0005385 0.0004666
v 0.0039964 0.0021109 0.0270080 0.039216 0.039216 0.039216
vn 0.9999998 0.0005385 0.0004666
v 0.0039956 0.0027919 0.0278092 0.039216 0.039216 0.039216
vn 0.9999998 0.0005385 0.0004666
v 0.0039960 0.0014641 0.0286088 0.039216 0.039216 0.039216
vn 0.9999998 0.0005385 0.0004666
v 0.0039954 0.0029569 0.0281201 0.039216 0.039216 0.039216
vn 0.9999998 0.0005385 0.0004666
v 0.0039948 0.0032385 0.0291332 0.039216 0.039216 0.039216
vn 0.9999998 0.0005385 0.0004666
v 0.0039955 0.0016977 0.0293013 0.039216 0.039216 0.039216
vn 0.9999998 0.0005385 0.0004666
v 0.0039942 0.0030879 0.0305224 0.039216 0.039216 0.039216
vn 0.9999998 0.0005385 0.0004666
v 0.0039952 0.0016189 0.0300280 0.039216 0.039216 0.039216
vn 0.9999998 0.0005385 0.0004666
v 0.0039953 0.0016681 0.0298506 0.039216 0.039216 0.039216
vn 0.9999998 0.0005385 0.0004666
v 0.0039941 0.0029578 0.0308493 0.039216 0.039216 0.039216
vn 0.9999998 0.0005385 0.0004666
v 0.0039952 0.0015508 0.0301990 0.039216 0.039216 0.039216
vn 0.9999998 0.0005385 0.0004666
v 0.0039944 0.0032388 0.0298360 0.039216 0.039216 0.039216
vn 0.9999998 0.0005385 0.0004666
v 0.0039943 0.0031820 0.0301833 0.039216 0.039216 0.039216
vn 0.9999998 0.0005385 0.0004666
v 0.0039946 0.0032577 0.0294846 0.039216 0.039216 0.039216
vn 0.9999998 0.0005385 0.0004666
v 0.0039954 0.0017077 0.0294851 0.039216 0.039216 0.039216
vn 0.9999998 0.0005385 0.0004666
v 0.0039954 0.0016978 0.0296689 0.039216 0.039216 0.039216
vn 0.9999998 0.0005385 0.0004666
v 0.0039941 0.0027931 0.0311603 0.039216 0.039216 0.039216
vn 0.9999998 0.0005385 0.0004666
v 0.0039952 0.0014647 0.0303616 0.039216 0.039216 0.039216
vn 0.9999998 0.0005385 0.0004666
v 0.0039940 0.0025957 0.0314516 0.039216 0.039216 0.039216
vn 0.0004846 -0.9941016 0.1084516
v 0.0059948 0.0032396 0.0291341 0.039216 0.039216 0.039216
vn 0.0005383 -0.9999998 0.0003346
v 0.0059946 0.0032588 0.0294855 0.039216 0.039216 0.039216
vn 0.0005383 -0.9999998 0.0003346
v 0.0039946 0.0032577 0.0294846 0.039216 0.039216 0.039216
vn 0.0004253 -0.9765485 0.2152972
v 0.0059950 0.0031826 0.0287869 0.039216 0.039216 0.039216
vn 0.0004846 -0.9941016 0.1084516
v 0.0039948 0.0032385 0.0291332 0.039216 0.039216 0.039216
vn 0.0003610 -0.9475462 0.3196186
v 0.0059952 0.0030883 0.0284479 0.039216 0.039216 0.039216
vn 0.0004253 -0.9765485 0.2152972
v 0.0039950 0.0031815 0.0287860 0.039216 0.039216 0.039216
vn 0.0002925 -0.9074349 0.4201927
v 0.0059954 0.0029579 0.0281210 0.039216 0.039216 0.039216
vn 0.0003610 -0.9475462 0.3196186
v 0.0039952 0.0030872 0.0284469 0.039216 0.039216 0.039216
vn 0.0002206 -0.8566846 0.5158405
v 0.0059956 0.0027930 0.0278101 0.039216 0.039216 0.039216
vn 0.0002925 -0.9074349 0.4201927
v 0.0039954 0.0029569 0.0281201 0.039216 0.039216 0.039216
vn 0.0001460 -0.7958906 0.6054406
v 0.0059959 0.0025954 0.0275189 0.039216 0.039216 0.039216
vn 0.0002206 -0.8566846 0.5158405
v 0.0039956 0.0027919 0.0278092 0.039216 0.039216 0.039216
vn 0.0000698 -0.7257654 0.6879423
v 0.0059961 0.0023675 0.0272508 0.039216 0.039216 0.039216
vn 0.0001460 -0.7958906 0.6054406
v 0.0039959 0.0025944 0.0275180 0.039216 0.039216 0.039216
vn -0.0000073 -0.6471313 0.7623786
v 0.0059964 0.0021120 0.0270089 0.039216 0.039216 0.039216
vn 0.0000698 -0.7257654 0.6879423
v 0.0039961 0.0023664 0.0272499 0.039216 0.039216 0.039216
vn -0.0000843 -0.5609102 0.8278767
v 0.0059966 0.0018317 0.0267960 0.039216 0.039216 0.039216
vn -0.0000073 -0.6471313 0.7623786
v 0.0039964 0.0021109 0.0270080 0.039216 0.039216 0.039216
vn -0.0001603 -0.4681129 0.8836687
v 0.0059969 0.0015302 0.0266147 0.039216 0.039216 0.039216
vn -0.0000843 -0.5609102 0.8278767
v 0.0039966 0.0018307 0.0267951 0.039216 0.039216 0.039216
vn -0.0002344 -0.3698275 0.9291004
v 0.0059971 0.0012107 0.0264670 0.039216 0.039216 0.039216
vn -0.0001603 -0.4681129 0.8836687
v 0.0039969 0.0015291 0.0266138 0.039216 0.039216 0.039216
vn -0.0003058 -0.2672061 0.9636394
v 0.0059973 0.0008772 0.0263548 0.039216 0.039216 0.039216
vn -0.0002344 -0.3698275 0.9291004
v 0.0039971 0.0012096 0.0264661 0.039216 0.039216 0.039216
vn -0.0003735 -0.1614520 0.9868805
v 0.0059976 0.0005335 0.0262793 0.039216 0.039216 0.039216
vn -0.0003058 -0.2672061 0.9636394
v 0.0039973 0.0008761 0.0263539 0.039216 0.039216 0.039216
vn -0.0004369 -0.0538051 0.9985514
v 0.0059978 0.0001837 0.0262413 0.039216 0.039216 0.039216
vn -0.0003735 -0.1614520 0.9868805
v 0.0039976 0.0005324 0.0262783 0.039216 0.039216 0.039216
vn -0.0004952 0.0544727 0.9985151
v 0.0059980 -0.0001683 0.0262414 0.039216 0.039216 0.039216
vn -0.0004369 -0.0538051 0.9985514
v 0.0039978 0.0001826 0.0262404 0.039216 0.039216 0.039216
vn -0.0005477 0.1621119 0.9867722
v 0.0059981 -0.0005181 0.0262796 0.039216 0.039216 0.039216
vn -0.0004952 0.0544727 0.9985151
v 0.0039980 -0.0001693 0.0262405 0.039216 0.039216 0.039216
vn -0.0005938 0.2678505 0.9634603
v 0.0059983 -0.0008617 0.0263554 0.039216 0.039216 0.039216
vn -0.0005477 0.1621119 0.9867722
v 0.0039981 -0.0005192 0.0262787 0.039216 0.039216 0.039216
vn -0.0006328 0.3704487 0.9288527
v 0.0059984 -0.0011952 0.0264678 0.039216 0.039216 0.039216
vn -0.0005938 0.2678505 0.9634603
v 0.0039983 -0.0008628 0.0263544 0.039216 0.039216 0.039216
vn -0.0006645 0.4687038 0.8833552
v 0.0059985 -0.0015145 0.0266157 0.039216 0.039216 0.039216
vn -0.0006328 0.3704487 0.9288527
v 0.0039984 -0.0011963 0.0264669 0.039216 0.039216 0.039216
vn -0.0006884 0.5614637 0.8275011
v 0.0059986 -0.0018160 0.0267972 0.039216 0.039216 0.039216
vn -0.0006645 0.4687038 0.8833552
v 0.0039985 -0.0015156 0.0266148 0.039216 0.039216 0.039216
vn -0.0007042 0.6476410 0.7619453
v 0.0059986 -0.0020960 0.0270103 0.039216 0.039216 0.039216
vn -0.0006884 0.5614637 0.8275011
v 0.0039986 -0.0018170 0.0267963 0.039216 0.039216 0.039216
vn -0.0007118 0.7262253 0.6874565
v 0.0059987 -0.0023514 0.0272524 0.039216 0.039216 0.039216
vn -0.0007042 0.6476410 0.7619453
v 0.0039986 -0.0020971 0.0270094 0.039216 0.039216 0.039216
vn -0.0007110 0.7962953 0.6049078
v 0.0059987 -0.0025792 0.0275207 0.039216 0.039216 0.039216
vn -0.0007118 0.7262253 0.6874565
v 0.0039987 -0.0023525 0.0272514 0.039216 0.039216 0.039216
vn -0.0007019 0.8570294 0.5152670
v 0.0059986 -0.0027766 0.0278120 0.039216 0.039216 0.039216
vn -0.0007110 0.7962953 0.6049078
v 0.0039987 -0.0025803 0.0275197 0.039216 0.039216 0.039216
vn -0.0006845 0.9077156 0.4195853
v 0.0059986 -0.0029413 0.0281230 0.039216 0.039216 0.039216
vn -0.0007019 0.8570294 0.5152670
v 0.0039986 -0.0027776 0.0278111 0.039216 0.039216 0.039216
vn -0.0006591 0.9477597 0.3189844
v 0.0059985 -0.0030714 0.0284499 0.039216 0.039216 0.039216
vn -0.0006845 0.9077156 0.4195853
v 0.0039986 -0.0029424 0.0281220 0.039216 0.039216 0.039216
vn -0.0006260 0.9766923 0.2146436
v 0.0059984 -0.0031655 0.0287890 0.039216 0.039216 0.039216
vn -0.0006591 0.9477597 0.3189844
v 0.0039985 -0.0030725 0.0284490 0.039216 0.039216 0.039216
vn -0.0005856 0.9941739 0.1077864
v 0.0059983 -0.0032223 0.0291363 0.039216 0.039216 0.039216
vn -0.0006260 0.9766923 0.2146436
v 0.0039984 -0.0031665 0.0287881 0.039216 0.039216 0.039216
vn -0.0005383 0.9999998 -0.0003346
v 0.0059981 -0.0032412 0.0294877 0.039216 0.039216 0.039216
vn -0.0005856 0.9941739 0.1077864
v 0.0039982 -0.0032234 0.0291354 0.039216 0.039216 0.039216
vn -0.0005383 0.9999998 -0.0003346
v 0.0039981 -0.0032423 0.0294868 0.039216 0.039216 0.039216
vn -0.0004846 0.9941016 -0.1084516
v 0.0059979 -0.0032220 0.0298391 0.039216 0.039216 0.039216
vn -0.0005383 0.9999998 -0.0003346
v 0.0059981 -0.0032412 0.0294877 0.039216 0.039216 0.039216
vn -0.0005383 0.9999998 -0.0003346
v 0.0039981 -0.0032423 0.0294868 0.039216 0.039216 0.039216
vn -0.0004253 0.9765485 -0.2152972
v 0.0059977 -0.0031650 0.0301863 0.039216 0.039216 0.039216
vn -0.0004846 0.9941016 -0.1084516
v 0.0039979 -0.0032231 0.0298382 0.039216 0.039216 0.039216
vn -0.0003610 0.9475462 -0.3196186
v 0.0059975 -0.0030707 0.0305254 0.039216 0.039216 0.039216
vn -0.0004253 0.9765485 -0.2152972
v 0.0039977 -0.0031661 0.0301854 0.039216 0.039216 0.039216
vn -0.0002925 0.9074349 -0.4201927
v 0.0059973 -0.0029404 0.0308522 0.039216 0.039216 0.039216
vn -0.0003610 0.9475462 -0.3196186
v 0.0039975 -0.0030718 0.0305244 0.039216 0.039216 0.039216
vn -0.0002206 0.8566846 -0.5158405
v 0.0059971 -0.0027754 0.0311631 0.039216 0.039216 0.039216
vn -0.0002925 0.9074349 -0.4201927
v 0.0039973 -0.0029415 0.0308513 0.039216 0.039216 0.039216
vn -0.0001460 0.7958906 -0.6054406
v 0.0059968 -0.0025779 0.0314543 0.039216 0.039216 0.039216
vn -0.0002206 0.8566846 -0.5158405
v 0.0039971 -0.0027765 0.0311622 0.039216 0.039216 0.039216
vn -0.0000698 0.7257654 -0.6879423
v 0.0059966 -0.0023500 0.0317224 0.039216 0.039216 0.039216
vn -0.0001460 0.7958906 -0.6054406
v 0.0039968 -0.0025789 0.0314534 0.039216 0.039216 0.039216
vn 0.0000073 0.6471313 -0.7623786
v 0.0059963 -0.0020944 0.0319643 0.039216 0.039216 0.039216
vn -0.0000698 0.7257654 -0.6879423
v 0.0039966 -0.0023510 0.0317215 0.039216 0.039216 0.039216
vn 0.0000843 0.5609102 -0.8278767
v 0.0059961 -0.0018142 0.0321772 0.039216 0.039216 0.039216
vn 0.0000073 0.6471313 -0.7623786
v 0.0039963 -0.0020955 0.0319634 0.039216 0.039216 0.039216
vn 0.0001603 0.4681129 -0.8836687
v 0.0059958 -0.0015126 0.0323585 0.039216 0.039216 0.039216
vn 0.0000843 0.5609102 -0.8278767
v 0.0039961 -0.0018152 0.0321763 0.039216 0.039216 0.039216
vn 0.0002344 0.3698275 -0.9291004
v 0.0059956 -0.0011932 0.0325062 0.039216 0.039216 0.039216
vn 0.0001603 0.4681129 -0.8836687
v 0.0039958 -0.0015137 0.0323576 0.039216 0.039216 0.039216
vn 0.0003058 0.2672061 -0.9636394
v 0.0059954 -0.0008596 0.0326184 0.039216 0.039216 0.039216
vn 0.0002344 0.3698275 -0.9291004
v 0.0039956 -0.0011942 0.0325053 0.039216 0.039216 0.039216
vn 0.0003735 0.1614520 -0.9868805
v 0.0059951 -0.0005159 0.0326940 0.039216 0.039216 0.039216
vn 0.0003058 0.2672061 -0.9636394
v 0.0039954 -0.0008607 0.0326175 0.039216 0.039216 0.039216
vn 0.0004369 0.0538051 -0.9985514
v 0.0059949 -0.0001661 0.0327319 0.039216 0.039216 0.039216
vn 0.0003735 0.1614520 -0.9868805
v 0.0039951 -0.0005170 0.0326930 0.039216 0.039216 0.039216
vn 0.0004952 -0.0544727 -0.9985151
v 0.0059947 0.0001858 0.0327318 0.039216 0.039216 0.039216
vn 0.0004369 0.0538051 -0.9985514
v 0.0039949 -0.0001672 0.0327310 0.039216 0.039216 0.039216
vn 0.0005477 -0.1621119 -0.9867722
v 0.0059946 0.0005356 0.0326936 0.039216 0.039216 0.039216
vn 0.0004952 -0.0544727 -0.9985151
v 0.0039947 0.0001847 0.0327309 0.039216 0.039216 0.039216
vn 0.0005938 -0.2678505 -0.9634603
v 0.0059944 0.0008793 0.0326179 0.039216 0.039216 0.039216
vn 0.0005477 -0.1621119 -0.9867722
v 0.0039946 0.0005346 0.0326927 0.039216 0.039216 0.039216
vn 0.0006328 -0.3704487 -0.9288527
v 0.0059943 0.0012127 0.0325054 0.039216 0.039216 0.039216
vn 0.0005938 -0.2678505 -0.9634603
v 0.0039944 0.0008782 0.0326169 0.039216 0.039216 0.039216
vn 0.0006645 -0.4687038 -0.8833552
v 0.0059942 0.0015321 0.0323575 0.039216 0.039216 0.039216
vn 0.0006328 -0.3704487 -0.9288527
v 0.0039943 0.0012117 0.0325045 0.039216 0.039216 0.039216
vn 0.0006884 -0.5614637 -0.8275011
v 0.0059941 0.0018335 0.0321760 0.039216 0.039216 0.039216
vn 0.0006645 -0.4687038 -0.8833552
v 0.0039942 0.0015310 0.0323566 0.039216 0.039216 0.039216
vn 0.0007042 -0.6476410 -0.7619453
v 0.0059941 0.0021136 0.0319629 0.039216 0.039216 0.039216
vn 0.0006884 -0.5614637 -0.8275011
v 0.0039941 0.0018325 0.0321751 0.039216 0.039216 0.039216
vn 0.0007118 -0.7262253 -0.6874565
v 0.0059940 0.0023690 0.0317208 0.039216 0.039216 0.039216
vn 0.0007042 -0.6476410 -0.7619453
v 0.0039941 0.0021125 0.0319620 0.039216 0.039216 0.039216
vn 0.0007110 -0.7962953 -0.6049078
v 0.0059940 0.0025967 0.0314526 0.039216 0.039216 0.039216
vn 0.0007118 -0.7262253 -0.6874565
v 0.0039940 0.0023679 0.0317199 0.039216 0.039216 0.039216
vn 0.0007019 -0.8570294 -0.5152670
v 0.0059941 0.0027941 0.0311612 0.039216 0.039216 0.039216
vn 0.0007110 -0.7962953 -0.6049078
v 0.0039940 0.0025957 0.0314516 0.039216 0.039216 0.039216
vn 0.0006845 -0.9077156 -0.4195853
v 0.0059941 0.0029589 0.0308503 0.039216 0.039216 0.039216
vn 0.0007019 -0.8570294 -0.5152670
v 0.0039941 0.0027931 0.0311603 0.039216 0.039216 0.039216
vn 0.0006591 -0.9477597 -0.3189844
v 0.0059942 0.0030890 0.0305233 0.039216 0.039216 0.039216
vn 0.0006845 -0.9077156 -0.4195853
v 0.0039941 0.0029578 0.0308493 0.039216 0.039216 0.039216
vn 0.0006260 -0.9766923 -0.2146436
v 0.0059943 0.0031830 0.0301842 0.039216 0.039216 0.039216
vn 0.0006591 -0.9477597 -0.3189844
v 0.0039942 0.0030879 0.0305224 0.039216 0.039216 0.039216
vn 0.0005856 -0.9941739 -0.1077864
v 0.0059944 0.0032398 0.0298369 0.039216 0.039216 0.039216
vn 0.0006260 -0.9766923 -0.2146436
v 0.0039943 0.0031820 0.0301833 0.039216 0.039216 0.039216
vn 0.0005383 -0.9999998 0.0003346
v 0.0059946 0.0032588 0.0294855 0.039216 0.039216 0.039216
vn 0.0005856 -0.9941739 -0.1077864
v 0.0039944 0.0032388 0.0298360 0.039216 0.039216 0.039216
vn 0.0005383 -0.9999998 0.0003346
v 0.0039946 0.0032577 0.0294846 0.039216 0.039216 0.039216
vn 0.0005383 -0.9999998 0.0003346
v 0.0161047 0.0070032 -0.0035275 0.039216 0.039216 0.039216
vn 0.0005383 -0.9999998 0.0003346
v 0.0155024 0.0070027 -0.0039858 0.039216 0.039216 0.039216
vn 0.0005383 -0.9999998 0.0003346
v 0.0152419 0.0070025 -0.0042610 0.039216 0.039216 0.039216
vn 0.0005383 -0.9999998 0.0003346
v 0.0146585 0.0070018 -0.0052317 0.039216 0.039216 0.039216
vn 0.0005383 -0.9999998 0.0003346
v 0.0171565 0.0070039 -0.0031078 0.039216 0.039216 0.039216
vn 0.0005383 -0.9999998 0.0003346
v 0.0167914 0.0070037 -0.0032094 0.039216 0.039216 0.039216
vn 0.0005383 -0.9999998 0.0003346
v 0.0175337 0.0070018 -0.0100053 0.039216 0.039216 0.039216
vn 0.0005383 -0.9999998 0.0003346
v 0.0208065 0.0070054 -0.0045601 0.039216 0.039216 0.039216
vn 0.0005383 -0.9999998 0.0003346
v 0.0205770 0.0070053 -0.0042586 0.039216 0.039216 0.039216
vn 0.0005383 -0.9999998 0.0003346
v 0.0208084 0.0070041 -0.0084885 0.039216 0.039216 0.039216
vn 0.0005383 -0.9999998 0.0003346
v 0.0212834 0.0070047 -0.0074604 0.039216 0.039216 0.039216
vn 0.0005383 -0.9999998 0.0003346
v 0.0213647 0.0070048 -0.0070903 0.039216 0.039216 0.039216
vn 0.0005383 -0.9999998 0.0003346
v 0.0210036 0.0070043 -0.0081636 0.039216 0.039216 0.039216
vn 0.0005383 -0.9999998 0.0003346
v 0.0211626 0.0070045 -0.0078196 0.039216 0.039216 0.039216
vn 0.0005383 -0.9999998 0.0003346
v 0.0212825 0.0070053 -0.0055877 0.039216 0.039216 0.039216
vn 0.0005383 -0.9999998 0.0003346
v 0.0190296 0.0070026 -0.0098419 0.039216 0.039216 0.039216
vn 0.0005383 -0.9999998 0.0003346
v 0.0193816 0.0070029 -0.0097015 0.039216 0.039216 0.039216
vn 0.0005383 -0.9999998 0.0003346
v 0.0179122 0.0070020 -0.0100257 0.039216 0.039216 0.039216
vn 0.0005383 -0.9999998 0.0003346
v 0.0182873 0.0070045 -0.0030460 0.039216 0.039216 0.039216
vn 0.0005383 -0.9999998 0.0003346
v 0.0167945 0.0070014 -0.0098430 0.039216 0.039216 0.039216
vn 0.0005383 -0.9999998 0.0003346
v 0.0171597 0.0070016 -0.0099442 0.039216 0.039216 0.039216
vn 0.0005383 -0.9999998 0.0003346
v 0.0155048 0.0070010 -0.0090678 0.039216 0.039216 0.039216
vn 0.0005383 -0.9999998 0.0003346
v 0.0157937 0.0070011 -0.0093130 0.039216 0.039216 0.039216
vn 0.0005383 -0.9999998 0.0003346
v 0.0150127 0.0070022 -0.0045628 0.039216 0.039216 0.039216
vn 0.0005383 -0.9999998 0.0003346
v 0.0148175 0.0070020 -0.0048877 0.039216 0.039216 0.039216
vn 0.0005383 -0.9999998 0.0003346
v 0.0157911 0.0070029 -0.0037403 0.039216 0.039216 0.039216
vn 0.0005383 -0.9999998 0.0003346
v 0.0175305 0.0070041 -0.0030463 0.039216 0.039216 0.039216
vn 0.0005383 -0.9999998 0.0003346
v 0.0193787 0.0070050 -0.0033485 0.039216 0.039216 0.039216
vn 0.0005383 -0.9999998 0.0003346
v 0.0190265 0.0070049 -0.0032083 0.039216 0.039216 0.039216
vn 0.0005383 -0.9999998 0.0003346
v 0.0200273 0.0070052 -0.0037383 0.039216 0.039216 0.039216
vn 0.0005383 -0.9999998 0.0003346
v 0.0197136 0.0070051 -0.0035258 0.039216 0.039216 0.039216
vn 0.0005383 -0.9999998 0.0003346
v 0.0203163 0.0070053 -0.0039835 0.039216 0.039216 0.039216
vn 0.0005383 -0.9999998 0.0003346
v 0.0203187 0.0070036 -0.0090655 0.039216 0.039216 0.039216
vn 0.0005383 -0.9999998 0.0003346
v 0.0214053 0.0070051 -0.0063345 0.039216 0.039216 0.039216
vn 0.0005383 -0.9999998 0.0003346
v 0.0213642 0.0070052 -0.0059578 0.039216 0.039216 0.039216
vn 0.0005383 -0.9999998 0.0003346
v 0.0214055 0.0070050 -0.0067135 0.039216 0.039216 0.039216
vn 0.0005383 -0.9999998 0.0003346
v 0.0205792 0.0070038 -0.0087903 0.039216 0.039216 0.039216
vn 0.0005383 -0.9999998 0.0003346
v 0.0186645 0.0070024 -0.0099435 0.039216 0.039216 0.039216
vn 0.0005383 -0.9999998 0.0003346
v 0.0182906 0.0070022 -0.0100050 0.039216 0.039216 0.039216
vn 0.0005383 -0.9999998 0.0003346
v 0.0164424 0.0070013 -0.0097029 0.039216 0.039216 0.039216
vn 0.0005383 -0.9999998 0.0003346
v 0.0161075 0.0070012 -0.0095255 0.039216 0.039216 0.039216
vn 0.0005383 -0.9999998 0.0003346
v 0.0144158 0.0070012 -0.0067168 0.039216 0.039216 0.039216
vn 0.0005383 -0.9999998 0.0003346
v 0.0144569 0.0070011 -0.0070935 0.039216 0.039216 0.039216
vn 0.0005383 -0.9999998 0.0003346
v 0.0145377 0.0070016 -0.0055909 0.039216 0.039216 0.039216
vn 0.0005383 -0.9999998 0.0003346
v 0.0144564 0.0070015 -0.0059610 0.039216 0.039216 0.039216
vn 0.0005383 -0.9999998 0.0003346
v 0.0164394 0.0070034 -0.0033498 0.039216 0.039216 0.039216
vn 0.0005383 -0.9999998 0.0003346
v 0.0210021 0.0070054 -0.0048848 0.039216 0.039216 0.039216
vn 0.0005383 -0.9999998 0.0003346
v 0.0211613 0.0070053 -0.0052286 0.039216 0.039216 0.039216
vn 0.0005383 -0.9999998 0.0003346
v 0.0197164 0.0070031 -0.0095238 0.039216 0.039216 0.039216
vn 0.0005383 -0.9999998 0.0003346
v 0.0200299 0.0070034 -0.0093110 0.039216 0.039216 0.039216
vn 0.0005383 -0.9999998 0.0003346
v 0.0150145 0.0070009 -0.0084912 0.039216 0.039216 0.039216
vn 0.0005383 -0.9999998 0.0003346
v 0.0152440 0.0070010 -0.0087927 0.039216 0.039216 0.039216
vn 0.0005383 -0.9999998 0.0003346
v 0.0145385 0.0070010 -0.0074636 0.039216 0.039216 0.039216
vn 0.0005383 -0.9999998 0.0003346
v 0.0146597 0.0070010 -0.0078227 0.039216 0.039216 0.039216
vn 0.0005383 -0.9999998 0.0003346
v 0.0144156 0.0070013 -0.0063378 0.039216 0.039216 0.039216
vn 0.0005383 -0.9999998 0.0003346
v 0.0179089 0.0070043 -0.0030257 0.039216 0.039216 0.039216
vn 0.0005383 -0.9999998 0.0003346
v 0.0186613 0.0070047 -0.0031071 0.039216 0.039216 0.039216
vn 0.0005383 -0.9999998 0.0003346
v 0.0148190 0.0070009 -0.0081665 0.039216 0.039216 0.039216
vn -0.0000506 0.7068702 -0.7073433
v 0.0179089 0.0070043 -0.0030257 0.039216 0.039216 0.039216
vn -0.0765042 0.7068304 -0.7032338
v 0.0182873 0.0070045 -0.0030460 0.039216 0.039216 0.039216
vn -0.0765042 0.7068304 -0.7032338
v 0.0182338 0.0065043 -0.0035429 0.039216 0.039216 0.039216
vn -0.1520653 0.7067939 -0.6908824
v 0.0186613 0.0070047 -0.0031071 0.039216 0.039216 0.039216
vn -0.1520653 0.7067939 -0.6908824
v 0.0185543 0.0065045 -0.0035953 0.039216 0.039216 0.039216
vn -0.2258481 0.7067610 -0.6704338
v 0.0190265 0.0070049 -0.0032083 0.039216 0.039216 0.039216
vn -0.2258481 0.7067610 -0.6704338
v 0.0188674 0.0065046 -0.0036821 0.039216 0.039216 0.039216
vn -0.2969874 0.7067322 -0.6421278
v 0.0193787 0.0070050 -0.0033485 0.039216 0.039216 0.039216
vn -0.2969874 0.7067322 -0.6421278
v 0.0191692 0.0065047 -0.0038022 0.039216 0.039216 0.039216
vn -0.3646494 0.7067078 -0.6062961
v 0.0197136 0.0070051 -0.0035258 0.039216 0.039216 0.039216
vn -0.3646494 0.7067078 -0.6062961
v 0.0194563 0.0065048 -0.0039542 0.039216 0.039216 0.039216
vn -0.4280406 0.7066880 -0.5633590
v 0.0200273 0.0070052 -0.0037383 0.039216 0.039216 0.039216
vn -0.4280406 0.7066880 -0.5633590
v 0.0197252 0.0065049 -0.0041364 0.039216 0.039216 0.039216
vn -0.4864179 0.7066731 -0.5138198
v 0.0203163 0.0070053 -0.0039835 0.039216 0.039216 0.039216
vn -0.4864179 0.7066731 -0.5138198
v 0.0199729 0.0065050 -0.0043465 0.039216 0.039216 0.039216
vn -0.5390968 0.7066634 -0.4582592
v 0.0205770 0.0070053 -0.0042586 0.039216 0.039216 0.039216
vn -0.5390968 0.7066634 -0.4582592
v 0.0201964 0.0065050 -0.0045823 0.039216 0.039216 0.039216
vn -0.5854598 0.7066588 -0.3973288
v 0.0208065 0.0070054 -0.0045601 0.039216 0.039216 0.039216
vn -0.5854598 0.7066588 -0.3973288
v 0.0203931 0.0065050 -0.0048408 0.039216 0.039216 0.039216
vn -0.6249633 0.7066595 -0.3317428
v 0.0210021 0.0070054 -0.0048848 0.039216 0.039216 0.039216
vn -0.6249633 0.7066595 -0.3317428
v 0.0205607 0.0065050 -0.0051190 0.039216 0.039216 0.039216
vn -0.6571440 0.7066655 -0.2622702
v 0.0211613 0.0070053 -0.0052286 0.039216 0.039216 0.039216
vn -0.6571440 0.7066655 -0.2622702
v 0.0206972 0.0065050 -0.0054138 0.039216 0.039216 0.039216
vn -0.6816249 0.7066765 -0.1897256
v 0.0212825 0.0070053 -0.0055877 0.039216 0.039216 0.039216
vn -0.6816249 0.7066765 -0.1897256
v 0.0208011 0.0065050 -0.0057216 0.039216 0.039216 0.039216
vn -0.6981188 0.7066927 -0.1149593
v 0.0213642 0.0070052 -0.0059578 0.039216 0.039216 0.039216
vn -0.6981188 0.7066927 -0.1149593
v 0.0208711 0.0065049 -0.0060388 0.039216 0.039216 0.039216
vn -0.7064323 0.7067136 -0.0388480
v 0.0214053 0.0070051 -0.0063345 0.039216 0.039216 0.039216
vn -0.7064323 0.7067136 -0.0388480
v 0.0209063 0.0065048 -0.0063617 0.039216 0.039216 0.039216
vn -0.7064681 0.7067392 0.0377159
v 0.0214055 0.0070050 -0.0067135 0.039216 0.039216 0.039216
vn -0.7064681 0.7067392 0.0377159
v 0.0209065 0.0065047 -0.0066865 0.039216 0.039216 0.039216
vn -0.6982256 0.7067692 0.1138349
v 0.0213647 0.0070048 -0.0070903 0.039216 0.039216 0.039216
vn -0.6982256 0.7067692 0.1138349
v 0.0208715 0.0065046 -0.0070095 0.039216 0.039216 0.039216
vn -0.6818015 0.7068031 0.1886166
v 0.0212834 0.0070047 -0.0074604 0.039216 0.039216 0.039216
vn -0.6818015 0.7068031 0.1886166
v 0.0208018 0.0065044 -0.0073267 0.039216 0.039216 0.039216
vn -0.6573884 0.7068405 0.2611841
v 0.0211626 0.0070045 -0.0078196 0.039216 0.039216 0.039216
vn -0.6573884 0.7068405 0.2611841
v 0.0206982 0.0065043 -0.0076346 0.039216 0.039216 0.039216
vn -0.6252725 0.7068810 0.3306866
v 0.0210036 0.0070043 -0.0081636 0.039216 0.039216 0.039216
vn -0.6252725 0.7068810 0.3306866
v 0.0205620 0.0065041 -0.0079295 0.039216 0.039216 0.039216
vn -0.5858303 0.7069242 0.3963095
v 0.0208084 0.0070041 -0.0084885 0.039216 0.039216 0.039216
vn -0.5858303 0.7069242 0.3963095
v 0.0203947 0.0065039 -0.0082079 0.039216 0.039216 0.039216
vn -0.5395241 0.7069695 0.4572831
v 0.0205792 0.0070038 -0.0087903 0.039216 0.039216 0.039216
vn -0.5395241 0.7069695 0.4572831
v 0.0201982 0.0065037 -0.0084666 0.039216 0.039216 0.039216
vn -0.4868971 0.7070165 0.5128928
v 0.0203187 0.0070036 -0.0090655 0.039216 0.039216 0.039216
vn -0.4868971 0.7070165 0.5128928
v 0.0199749 0.0065035 -0.0087025 0.039216 0.039216 0.039216
vn -0.4285661 0.7070645 0.5624865
v 0.0200299 0.0070034 -0.0093110 0.039216 0.039216 0.039216
vn -0.4285661 0.7070645 0.5624865
v 0.0197274 0.0065033 -0.0089129 0.039216 0.039216 0.039216
vn -0.3652150 0.7071130 0.6054828
v 0.0197164 0.0070031 -0.0095238 0.039216 0.039216 0.039216
vn -0.3652150 0.7071130 0.6054828
v 0.0194587 0.0065031 -0.0090953 0.039216 0.039216 0.039216
vn -0.2975866 0.7071614 0.6413775
v 0.0193816 0.0070029 -0.0097015 0.039216 0.039216 0.039216
vn -0.2975866 0.7071614 0.6413775
v 0.0191717 0.0065029 -0.0092476 0.039216 0.039216 0.039216
vn -0.2264736 0.7072092 0.6697500
v 0.0190296 0.0070026 -0.0098419 0.039216 0.039216 0.039216
vn -0.2264736 0.7072092 0.6697500
v 0.0188700 0.0065027 -0.0093680 0.039216 0.039216 0.039216
vn -0.1527100 0.7072558 0.6902674
v 0.0186645 0.0070024 -0.0099435 0.039216 0.039216 0.039216
vn -0.1527100 0.7072558 0.6902674
v 0.0185571 0.0065025 -0.0094550 0.039216 0.039216 0.039216
vn -0.0771604 0.7073005 0.7026893
v 0.0182906 0.0070022 -0.0100050 0.039216 0.039216 0.039216
vn -0.0771604 0.7073005 0.7026893
v 0.0182365 0.0065023 -0.0095077 0.039216 0.039216 0.039216
vn -0.0007107 0.7073430 0.7068701
v 0.0179122 0.0070020 -0.0100257 0.039216 0.039216 0.039216
vn -0.0007107 0.7073430 0.7068701
v 0.0179122 0.0065021 -0.0095255 0.039216 0.039216 0.039216
vn -0.0000506 0.7068702 -0.7073433
v 0.0179094 0.0065042 -0.0035255 0.039216 0.039216 0.039216
vn -0.0007107 0.7073430 0.7068701
v 0.0179122 0.0070020 -0.0100257 0.039216 0.039216 0.039216
vn 0.0757430 0.7073829 0.7027607
v 0.0175337 0.0070018 -0.0100053 0.039216 0.039216 0.039216
vn 0.0757430 0.7073829 0.7027607
v 0.0175878 0.0065020 -0.0095081 0.039216 0.039216 0.039216
vn 0.1513041 0.7074194 0.6904092
v 0.0171597 0.0070016 -0.0099442 0.039216 0.039216 0.039216
vn 0.1513041 0.7074194 0.6904092
v 0.0172673 0.0065018 -0.0094556 0.039216 0.039216 0.039216
vn 0.2250868 0.7074523 0.6699606
v 0.0167945 0.0070014 -0.0098430 0.039216 0.039216 0.039216
vn 0.2250868 0.7074523 0.6699606
v 0.0169542 0.0065017 -0.0093689 0.039216 0.039216 0.039216
vn 0.2962263 0.7074811 0.6416546
v 0.0164424 0.0070013 -0.0097029 0.039216 0.039216 0.039216
vn 0.2962263 0.7074811 0.6416546
v 0.0166524 0.0065016 -0.0092488 0.039216 0.039216 0.039216
vn 0.3638881 0.7075055 0.6058229
v 0.0161075 0.0070012 -0.0095255 0.039216 0.039216 0.039216
vn 0.3638881 0.7075055 0.6058229
v 0.0163653 0.0065015 -0.0090968 0.039216 0.039216 0.039216
vn 0.4272794 0.7075253 0.5628857
v 0.0157937 0.0070011 -0.0093130 0.039216 0.039216 0.039216
vn 0.4272794 0.7075253 0.5628857
v 0.0160964 0.0065014 -0.0089146 0.039216 0.039216 0.039216
vn 0.4856566 0.7075401 0.5133465
v 0.0155048 0.0070010 -0.0090678 0.039216 0.039216 0.039216
vn 0.4856566 0.7075401 0.5133465
v 0.0158487 0.0065013 -0.0087044 0.039216 0.039216 0.039216
vn 0.5383356 0.7075499 0.4577860
v 0.0152440 0.0070010 -0.0087927 0.039216 0.039216 0.039216
vn 0.5383356 0.7075499 0.4577860
v 0.0156252 0.0065013 -0.0084687 0.039216 0.039216 0.039216
vn 0.5846986 0.7075544 0.3968556
v 0.0150145 0.0070009 -0.0084912 0.039216 0.039216 0.039216
vn 0.5846986 0.7075544 0.3968556
v 0.0154285 0.0065012 -0.0082102 0.039216 0.039216 0.039216
vn 0.6242020 0.7075537 0.3312696
v 0.0148190 0.0070009 -0.0081665 0.039216 0.039216 0.039216
vn 0.6242020 0.7075537 0.3312696
v 0.0152609 0.0065013 -0.0079319 0.039216 0.039216 0.039216
vn 0.6563829 0.7075479 0.2617970
v 0.0146597 0.0070010 -0.0078227 0.039216 0.039216 0.039216
vn 0.6563829 0.7075479 0.2617970
v 0.0151244 0.0065013 -0.0076372 0.039216 0.039216 0.039216
vn 0.6808637 0.7075367 0.1892523
v 0.0145385 0.0070010 -0.0074636 0.039216 0.039216 0.039216
vn 0.6808637 0.7075367 0.1892523
v 0.0150205 0.0065013 -0.0073294 0.039216 0.039216 0.039216
vn 0.6973576 0.7075206 0.1144861
v 0.0144569 0.0070011 -0.0070935 0.039216 0.039216 0.039216
vn 0.6973576 0.7075206 0.1144861
v 0.0149505 0.0065014 -0.0070122 0.039216 0.039216 0.039216
vn 0.7056711 0.7074996 0.0383748
v 0.0144158 0.0070012 -0.0067168 0.039216 0.039216 0.039216
vn 0.7056711 0.7074996 0.0383748
v 0.0149153 0.0065015 -0.0066893 0.039216 0.039216 0.039216
vn 0.7057068 0.7074740 -0.0381892
v 0.0144156 0.0070013 -0.0063378 0.039216 0.039216 0.039216
vn 0.7057068 0.7074740 -0.0381892
v 0.0149151 0.0065016 -0.0063645 0.039216 0.039216 0.039216
vn 0.6974644 0.7074441 -0.1143082
v 0.0144564 0.0070015 -0.0059610 0.039216 0.039216 0.039216
vn 0.6974644 0.7074441 -0.1143082
v 0.0149501 0.0065017 -0.0060415 0.039216 0.039216 0.039216
vn 0.6810403 0.7074102 -0.1890898
v 0.0145377 0.0070016 -0.0055909 0.039216 0.039216 0.039216
vn 0.6810403 0.7074102 -0.1890898
v 0.0150198 0.0065019 -0.0057243 0.039216 0.039216 0.039216
vn 0.6566271 0.7073728 -0.2616573
v 0.0146585 0.0070018 -0.0052317 0.039216 0.039216 0.039216
vn 0.6566271 0.7073728 -0.2616573
v 0.0151233 0.0065020 -0.0054164 0.039216 0.039216 0.039216
vn 0.6245112 0.7073323 -0.3311599
v 0.0148175 0.0070020 -0.0048877 0.039216 0.039216 0.039216
vn 0.6245112 0.7073323 -0.3311599
v 0.0152596 0.0065022 -0.0051215 0.039216 0.039216 0.039216
vn 0.5850690 0.7072890 -0.3967827
v 0.0150127 0.0070022 -0.0045628 0.039216 0.039216 0.039216
vn 0.5850690 0.7072890 -0.3967827
v 0.0154269 0.0065024 -0.0048431 0.039216 0.039216 0.039216
vn 0.5387629 0.7072437 -0.4577563
v 0.0152419 0.0070025 -0.0042610 0.039216 0.039216 0.039216
vn 0.5387629 0.7072437 -0.4577563
v 0.0156234 0.0065026 -0.0045844 0.039216 0.039216 0.039216
vn 0.4861359 0.7071968 -0.5133660
v 0.0155024 0.0070027 -0.0039858 0.039216 0.039216 0.039216
vn 0.4861359 0.7071968 -0.5133660
v 0.0158467 0.0065028 -0.0043485 0.039216 0.039216 0.039216
vn 0.4278049 0.7071488 -0.5629596
v 0.0157911 0.0070029 -0.0037403 0.039216 0.039216 0.039216
vn 0.4278049 0.7071488 -0.5629596
v 0.0160942 0.0065030 -0.0041381 0.039216 0.039216 0.039216
vn 0.3644538 0.7071003 -0.6059559
v 0.0161047 0.0070032 -0.0035275 0.039216 0.039216 0.039216
vn 0.3644538 0.7071003 -0.6059559
v 0.0163629 0.0065032 -0.0039556 0.039216 0.039216 0.039216
vn 0.2968253 0.7070519 -0.6418508
v 0.0164394 0.0070034 -0.0033498 0.039216 0.039216 0.039216
vn 0.2968253 0.7070519 -0.6418508
v 0.0166499 0.0065034 -0.0038033 0.039216 0.039216 0.039216
vn 0.2257124 0.7070042 -0.6702231
v 0.0167914 0.0070037 -0.0032094 0.039216 0.039216 0.039216
vn 0.2257124 0.7070042 -0.6702231
v 0.0169516 0.0065036 -0.0036830 0.039216 0.039216 0.039216
vn 0.1519488 0.7069576 -0.6907406
v 0.0171565 0.0070039 -0.0031078 0.039216 0.039216 0.039216
vn 0.1519488 0.7069576 -0.6907406
v 0.0172645 0.0065038 -0.0035959 0.039216 0.039216 0.039216
vn 0.0763992 0.7069128 -0.7031626
v 0.0175305 0.0070041 -0.0030463 0.039216 0.039216 0.039216
vn 0.0763992 0.7069128 -0.7031626
v 0.0175850 0.0065040 -0.0035432 0.039216 0.039216 0.039216
vn -0.0000506 0.7068702 -0.7073433
v 0.0179089 0.0070043 -0.0030257 0.039216 0.039216 0.039216
vn -0.0000506 0.7068702 -0.7073433
v 0.0179094 0.0065042 -0.0035255 0.039216 0.039216 0.039216
vn -0.0007107 0.7073430 0.7068701
v 0.0179122 0.0065021 -0.0095255 0.039216 0.039216 0.039216
vn -0.1076550 -0.0003906 -0.9941882
v 0.0182408 -0.0064957 -0.0035386 0.039216 0.039216 0.039216
vn 0.0004668 -0.0003343 -0.9999998
v 0.0179164 -0.0064958 -0.0035211 0.039216 0.039216 0.039216
vn 0.0004668 -0.0003343 -0.9999998
v 0.0179094 0.0065042 -0.0035255 0.039216 0.039216 0.039216
vn -0.2145146 -0.0004423 -0.9767207
v 0.0185613 -0.0064955 -0.0035910 0.039216 0.039216 0.039216
vn -0.1076550 -0.0003906 -0.9941882
v 0.0182338 0.0065043 -0.0035429 0.039216 0.039216 0.039216
vn -0.3188591 -0.0004888 -0.9478020
v 0.0188744 -0.0064954 -0.0036777 0.039216 0.039216 0.039216
vn -0.2145146 -0.0004423 -0.9767207
v 0.0185543 0.0065045 -0.0035953 0.039216 0.039216 0.039216
vn -0.4194654 -0.0005295 -0.9077712
v 0.0191762 -0.0064953 -0.0037978 0.039216 0.039216 0.039216
vn -0.3188591 -0.0004888 -0.9478020
v 0.0188674 0.0065046 -0.0036821 0.039216 0.039216 0.039216
vn -0.5151538 -0.0005641 -0.8570976
v 0.0194633 -0.0064952 -0.0039498 0.039216 0.039216 0.039216
vn -0.4194654 -0.0005295 -0.9077712
v 0.0191692 0.0065047 -0.0038022 0.039216 0.039216 0.039216
vn -0.6048025 -0.0005920 -0.7963753
v 0.0197322 -0.0064951 -0.0041320 0.039216 0.039216 0.039216
vn -0.5151538 -0.0005641 -0.8570976
v 0.0194563 0.0065048 -0.0039542 0.039216 0.039216 0.039216
vn -0.6873604 -0.0006130 -0.7263162
v 0.0199799 -0.0064950 -0.0043422 0.039216 0.039216 0.039216
vn -0.6048025 -0.0005920 -0.7963753
v 0.0197252 0.0065049 -0.0041364 0.039216 0.039216 0.039216
vn -0.7618597 -0.0006268 -0.6477418
v 0.0202034 -0.0064950 -0.0045779 0.039216 0.039216 0.039216
vn -0.6873604 -0.0006130 -0.7263162
v 0.0199729 0.0065050 -0.0043465 0.039216 0.039216 0.039216
vn -0.8274269 -0.0006333 -0.5615731
v 0.0204001 -0.0064949 -0.0048364 0.039216 0.039216 0.039216
vn -0.7618597 -0.0006268 -0.6477418
v 0.0201964 0.0065050 -0.0045823 0.039216 0.039216 0.039216
vn -0.8832932 -0.0006323 -0.4688206
v 0.0205677 -0.0064949 -0.0051147 0.039216 0.039216 0.039216
vn -0.8274269 -0.0006333 -0.5615731
v 0.0203931 0.0065050 -0.0048408 0.039216 0.039216 0.039216
vn -0.9288037 -0.0006240 -0.3705715
v 0.0207042 -0.0064950 -0.0054094 0.039216 0.039216 0.039216
vn -0.8832932 -0.0006323 -0.4688206
v 0.0205607 0.0065050 -0.0051190 0.039216 0.039216 0.039216
vn -0.9634249 -0.0006083 -0.2679778
v 0.0208081 -0.0064950 -0.0057172 0.039216 0.039216 0.039216
vn -0.9288037 -0.0006240 -0.3705715
v 0.0206972 0.0065050 -0.0054138 0.039216 0.039216 0.039216
vn -0.9867508 -0.0005854 -0.1622424
v 0.0208780 -0.0064951 -0.0060344 0.039216 0.039216 0.039216
vn -0.9634249 -0.0006083 -0.2679778
v 0.0208011 0.0065050 -0.0057216 0.039216 0.039216 0.039216
vn -0.9985079 -0.0005558 -0.0546048
v 0.0209133 -0.0064952 -0.0063573 0.039216 0.039216 0.039216
vn -0.9867508 -0.0005854 -0.1622424
v 0.0208711 0.0065049 -0.0060388 0.039216 0.039216 0.039216
vn -0.9985585 -0.0005196 0.0536730
v 0.0209135 -0.0064953 -0.0066822 0.039216 0.039216 0.039216
vn -0.9985079 -0.0005558 -0.0546048
v 0.0209063 0.0065048 -0.0063617 0.039216 0.039216 0.039216
vn -0.9869018 -0.0004773 0.1613216
v 0.0208785 -0.0064954 -0.0070051 0.039216 0.039216 0.039216
vn -0.9985585 -0.0005196 0.0536730
v 0.0209065 0.0065047 -0.0066865 0.039216 0.039216 0.039216
vn -0.9636747 -0.0004294 0.2670788
v 0.0208088 -0.0064956 -0.0073224 0.039216 0.039216 0.039216
vn -0.9869018 -0.0004773 0.1613216
v 0.0208715 0.0065046 -0.0070095 0.039216 0.039216 0.039216
vn -0.9291493 -0.0003765 0.3697047
v 0.0207052 -0.0064957 -0.0076303 0.039216 0.039216 0.039216
vn -0.9636747 -0.0004294 0.2670788
v 0.0208018 0.0065044 -0.0073267 0.039216 0.039216 0.039216
vn -0.8837305 -0.0003191 0.4679962
v 0.0205690 -0.0064959 -0.0079251 0.039216 0.039216 0.039216
vn -0.9291493 -0.0003765 0.3697047
v 0.0206982 0.0065043 -0.0076346 0.039216 0.039216 0.039216
vn -0.8279508 -0.0002580 0.5608008
v 0.0204016 -0.0064961 -0.0082035 0.039216 0.039216 0.039216
vn -0.8837305 -0.0003191 0.4679962
v 0.0205620 0.0065041 -0.0079295 0.039216 0.039216 0.039216
vn -0.7624640 -0.0001939 0.6470306
v 0.0202052 -0.0064963 -0.0084622 0.039216 0.039216 0.039216
vn -0.8279508 -0.0002580 0.5608008
v 0.0203947 0.0065039 -0.0082079 0.039216 0.039216 0.039216
vn -0.6880382 -0.0001276 0.7256745
v 0.0199819 -0.0064965 -0.0086982 0.039216 0.039216 0.039216
vn -0.7624640 -0.0001939 0.6470306
v 0.0201982 0.0065037 -0.0084666 0.039216 0.039216 0.039216
vn -0.6055458 -0.0000597 0.7958106
v 0.0197344 -0.0064967 -0.0089086 0.039216 0.039216 0.039216
vn -0.6880382 -0.0001276 0.7256745
v 0.0199749 0.0065035 -0.0087025 0.039216 0.039216 0.039216
vn -0.5159537 0.0000089 0.8566165
v 0.0194657 -0.0064969 -0.0090910 0.039216 0.039216 0.039216
vn -0.6055458 -0.0000597 0.7958106
v 0.0197274 0.0065033 -0.0089129 0.039216 0.039216 0.039216
vn -0.4203126 0.0000773 0.9073793
v 0.0191787 -0.0064971 -0.0092433 0.039216 0.039216 0.039216
vn -0.5159537 0.0000089 0.8566165
v 0.0194587 0.0065031 -0.0090953 0.039216 0.039216 0.039216
vn -0.3197438 0.0001449 0.9475040
v 0.0188770 -0.0064973 -0.0093636 0.039216 0.039216 0.039216
vn -0.4203126 0.0000773 0.9073793
v 0.0191717 0.0065029 -0.0092476 0.039216 0.039216 0.039216
vn -0.2154263 0.0002108 0.9765201
v 0.0185641 -0.0064975 -0.0094507 0.039216 0.039216 0.039216
vn -0.3197438 0.0001449 0.9475040
v 0.0188700 0.0065027 -0.0093680 0.039216 0.039216 0.039216
vn -0.1085830 0.0002742 0.9940873
v 0.0182435 -0.0064977 -0.0095034 0.039216 0.039216 0.039216
vn -0.2154263 0.0002108 0.9765201
v 0.0185571 0.0065025 -0.0094550 0.039216 0.039216 0.039216
vn -0.0004668 0.0003343 0.9999998
v 0.0179192 -0.0064978 -0.0095211 0.039216 0.039216 0.039216
vn -0.1085830 0.0002742 0.9940873
v 0.0182365 0.0065023 -0.0095077 0.039216 0.039216 0.039216
vn -0.0004668 0.0003343 0.9999998
v 0.0179122 0.0065021 -0.0095255 0.039216 0.039216 0.039216
vn 0.1076550 0.0003906 0.9941882
v 0.0175948 -0.0064980 -0.0095037 0.039216 0.039216 0.039216
vn -0.0004668 0.0003343 0.9999998
v 0.0179192 -0.0064978 -0.0095211 0.039216 0.039216 0.039216
vn -0.0004668 0.0003343 0.9999998
v 0.0179122 0.0065021 -0.0095255 0.039216 0.039216 0.039216
vn 0.2145146 0.0004423 0.9767207
v 0.0172743 -0.0064982 -0.0094513 0.039216 0.039216 0.039216
vn 0.1076550 0.0003906 0.9941882
v 0.0175878 0.0065020 -0.0095081 0.039216 0.039216 0.039216
vn 0.3188591 0.0004888 0.9478020
v 0.0169612 -0.0064983 -0.0093645 0.039216 0.039216 0.039216
vn 0.2145146 0.0004423 0.9767207
v 0.0172673 0.0065018 -0.0094556 0.039216 0.039216 0.039216
vn 0.4194654 0.0005295 0.9077712
v 0.0166594 -0.0064984 -0.0092444 0.039216 0.039216 0.039216
vn 0.3188591 0.0004888 0.9478020
v 0.0169542 0.0065017 -0.0093689 0.039216 0.039216 0.039216
vn 0.5151538 0.0005641 0.8570976
v 0.0163723 -0.0064985 -0.0090924 0.039216 0.039216 0.039216
vn 0.4194654 0.0005295 0.9077712
v 0.0166524 0.0065016 -0.0092488 0.039216 0.039216 0.039216
vn 0.6048025 0.0005920 0.7963753
v 0.0161034 -0.0064986 -0.0089103 0.039216 0.039216 0.039216
vn 0.5151538 0.0005641 0.8570976
v 0.0163653 0.0065015 -0.0090968 0.039216 0.039216 0.039216
vn 0.6873604 0.0006130 0.7263162
v 0.0158557 -0.0064987 -0.0087001 0.039216 0.039216 0.039216
vn 0.6048025 0.0005920 0.7963753
v 0.0160964 0.0065014 -0.0089146 0.039216 0.039216 0.039216
vn 0.7618597 0.0006268 0.6477418
v 0.0156322 -0.0064987 -0.0084644 0.039216 0.039216 0.039216
vn 0.6873604 0.0006130 0.7263162
v 0.0158487 0.0065013 -0.0087044 0.039216 0.039216 0.039216
vn 0.8274269 0.0006333 0.5615731
v 0.0154355 -0.0064987 -0.0082059 0.039216 0.039216 0.039216
vn 0.7618597 0.0006268 0.6477418
v 0.0156252 0.0065013 -0.0084687 0.039216 0.039216 0.039216
vn 0.8832932 0.0006323 0.4688206
v 0.0152679 -0.0064987 -0.0079276 0.039216 0.039216 0.039216
vn 0.8274269 0.0006333 0.5615731
v 0.0154285 0.0065012 -0.0082102 0.039216 0.039216 0.039216
vn 0.9288037 0.0006240 0.3705715
v 0.0151314 -0.0064987 -0.0076329 0.039216 0.039216 0.039216
vn 0.8832932 0.0006323 0.4688206
v 0.0152609 0.0065013 -0.0079319 0.039216 0.039216 0.039216
vn 0.9634249 0.0006083 0.2679778
v 0.0150275 -0.0064987 -0.0073251 0.039216 0.039216 0.039216
vn 0.9288037 0.0006240 0.3705715
v 0.0151244 0.0065013 -0.0076372 0.039216 0.039216 0.039216
vn 0.9867508 0.0005854 0.1622424
v 0.0149575 -0.0064986 -0.0070079 0.039216 0.039216 0.039216
vn 0.9634249 0.0006083 0.2679778
v 0.0150205 0.0065013 -0.0073294 0.039216 0.039216 0.039216
vn 0.9985079 0.0005558 0.0546048
v 0.0149223 -0.0064985 -0.0066849 0.039216 0.039216 0.039216
vn 0.9867508 0.0005854 0.1622424
v 0.0149505 0.0065014 -0.0070122 0.039216 0.039216 0.039216
vn 0.9985585 0.0005196 -0.0536730
v 0.0149221 -0.0064984 -0.0063601 0.039216 0.039216 0.039216
vn 0.9985079 0.0005558 0.0546048
v 0.0149153 0.0065015 -0.0066893 0.039216 0.039216 0.039216
vn 0.9869018 0.0004773 -0.1613216
v 0.0149571 -0.0064983 -0.0060372 0.039216 0.039216 0.039216
vn 0.9985585 0.0005196 -0.0536730
v 0.0149151 0.0065016 -0.0063645 0.039216 0.039216 0.039216
vn 0.9636747 0.0004294 -0.2670788
v 0.0150268 -0.0064981 -0.0057199 0.039216 0.039216 0.039216
vn 0.9869018 0.0004773 -0.1613216
v 0.0149501 0.0065017 -0.0060415 0.039216 0.039216 0.039216
vn 0.9291493 0.0003765 -0.3697047
v 0.0151303 -0.0064980 -0.0054120 0.039216 0.039216 0.039216
vn 0.9636747 0.0004294 -0.2670788
v 0.0150198 0.0065019 -0.0057243 0.039216 0.039216 0.039216
vn 0.8837305 0.0003191 -0.4679962
v 0.0152666 -0.0064978 -0.0051171 0.039216 0.039216 0.039216
vn 0.9291493 0.0003765 -0.3697047
v 0.0151233 0.0065020 -0.0054164 0.039216 0.039216 0.039216
vn 0.8279508 0.0002580 -0.5608008
v 0.0154339 -0.0064976 -0.0048387 0.039216 0.039216 0.039216
vn 0.8837305 0.0003191 -0.4679962
v 0.0152596 0.0065022 -0.0051215 0.039216 0.039216 0.039216
vn 0.7624640 0.0001939 -0.6470306
v 0.0156304 -0.0064974 -0.0045800 0.039216 0.039216 0.039216
vn 0.8279508 0.0002580 -0.5608008
v 0.0154269 0.0065024 -0.0048431 0.039216 0.039216 0.039216
vn 0.6880382 0.0001276 -0.7256745
v 0.0158537 -0.0064972 -0.0043441 0.039216 0.039216 0.039216
vn 0.7624640 0.0001939 -0.6470306
v 0.0156234 0.0065026 -0.0045844 0.039216 0.039216 0.039216
vn 0.6055458 0.0000597 -0.7958106
v 0.0161012 -0.0064970 -0.0041337 0.039216 0.039216 0.039216
vn 0.6880382 0.0001276 -0.7256745
v 0.0158467 0.0065028 -0.0043485 0.039216 0.039216 0.039216
vn 0.5159537 -0.0000089 -0.8566165
v 0.0163699 -0.0064968 -0.0039513 0.039216 0.039216 0.039216
vn 0.6055458 0.0000597 -0.7958106
v 0.0160942 0.0065030 -0.0041381 0.039216 0.039216 0.039216
vn 0.4203126 -0.0000773 -0.9073793
v 0.0166569 -0.0064966 -0.0037990 0.039216 0.039216 0.039216
vn 0.5159537 -0.0000089 -0.8566165
v 0.0163629 0.0065032 -0.0039556 0.039216 0.039216 0.039216
vn 0.3197438 -0.0001449 -0.9475040
v 0.0169586 -0.0064964 -0.0036786 0.039216 0.039216 0.039216
vn 0.4203126 -0.0000773 -0.9073793
v 0.0166499 0.0065034 -0.0038033 0.039216 0.039216 0.039216
vn 0.2154263 -0.0002108 -0.9765201
v 0.0172715 -0.0064962 -0.0035916 0.039216 0.039216 0.039216
vn 0.3197438 -0.0001449 -0.9475040
v 0.0169516 0.0065036 -0.0036830 0.039216 0.039216 0.039216
vn 0.1085830 -0.0002742 -0.9940873
v 0.0175920 -0.0064960 -0.0035389 0.039216 0.039216 0.039216
vn 0.2154263 -0.0002108 -0.9765201
v 0.0172645 0.0065038 -0.0035959 0.039216 0.039216 0.039216
vn 0.0004668 -0.0003343 -0.9999998
v 0.0179164 -0.0064958 -0.0035211 0.039216 0.039216 0.039216
vn 0.1085830 -0.0002742 -0.9940873
v 0.0175850 0.0065040 -0.0035432 0.039216 0.039216 0.039216
vn 0.0004668 -0.0003343 -0.9999998
v 0.0179094 0.0065042 -0.0035255 0.039216 0.039216 0.039216
vn 0.0000506 -0.7068702 0.7073433
v 0.0179197 -0.0069980 -0.0100210 0.039216 0.039216 0.039216
vn -0.0763992 -0.7069128 0.7031626
v 0.0182981 -0.0069978 -0.0100003 0.039216 0.039216 0.039216
vn -0.0763992 -0.7069128 0.7031626
v 0.0182435 -0.0064977 -0.0095034 0.039216 0.039216 0.039216
vn -0.1519488 -0.7069576 0.6907406
v 0.0186721 -0.0069976 -0.0099388 0.039216 0.039216 0.039216
vn -0.1519488 -0.7069576 0.6907406
v 0.0185641 -0.0064975 -0.0094507 0.039216 0.039216 0.039216
vn -0.2257124 -0.7070042 0.6702231
v 0.0190372 -0.0069974 -0.0098372 0.039216 0.039216 0.039216
vn -0.2257124 -0.7070042 0.6702231
v 0.0188770 -0.0064973 -0.0093636 0.039216 0.039216 0.039216
vn -0.2968253 -0.7070519 0.6418508
v 0.0193892 -0.0069971 -0.0096968 0.039216 0.039216 0.039216
vn -0.2968253 -0.7070519 0.6418508
v 0.0191787 -0.0064971 -0.0092433 0.039216 0.039216 0.039216
vn -0.3644538 -0.7071003 0.6059559
v 0.0197239 -0.0069969 -0.0095191 0.039216 0.039216 0.039216
vn -0.3644538 -0.7071003 0.6059559
v 0.0194657 -0.0064969 -0.0090910 0.039216 0.039216 0.039216
vn -0.4278049 -0.7071488 0.5629596
v 0.0200375 -0.0069966 -0.0093063 0.039216 0.039216 0.039216
vn -0.4278049 -0.7071488 0.5629596
v 0.0197344 -0.0064967 -0.0089086 0.039216 0.039216 0.039216
vn -0.4861359 -0.7071968 0.5133660
v 0.0203262 -0.0069964 -0.0090608 0.039216 0.039216 0.039216
vn -0.4861359 -0.7071968 0.5133660
v 0.0199819 -0.0064965 -0.0086982 0.039216 0.039216 0.039216
vn -0.5387629 -0.7072437 0.4577563
v 0.0205867 -0.0069962 -0.0087856 0.039216 0.039216 0.039216
vn -0.5387629 -0.7072437 0.4577563
v 0.0202052 -0.0064963 -0.0084622 0.039216 0.039216 0.039216
vn -0.5850690 -0.7072890 0.3967827
v 0.0208159 -0.0069959 -0.0084838 0.039216 0.039216 0.039216
vn -0.5850690 -0.7072890 0.3967827
v 0.0204016 -0.0064961 -0.0082035 0.039216 0.039216 0.039216
vn -0.6245112 -0.7073323 0.3311599
v 0.0210111 -0.0069957 -0.0081590 0.039216 0.039216 0.039216
vn -0.6245112 -0.7073323 0.3311599
v 0.0205690 -0.0064959 -0.0079251 0.039216 0.039216 0.039216
vn -0.6566271 -0.7073728 0.2616573
v 0.0211701 -0.0069955 -0.0078149 0.039216 0.039216 0.039216
vn -0.6566271 -0.7073728 0.2616573
v 0.0207052 -0.0064957 -0.0076303 0.039216 0.039216 0.039216
vn -0.6810403 -0.7074102 0.1890898
v 0.0212909 -0.0069953 -0.0074557 0.039216 0.039216 0.039216
vn -0.6810403 -0.7074102 0.1890898
v 0.0208088 -0.0064956 -0.0073224 0.039216 0.039216 0.039216
vn -0.6974644 -0.7074441 0.1143082
v 0.0213722 -0.0069952 -0.0070856 0.039216 0.039216 0.039216
vn -0.6974644 -0.7074441 0.1143082
v 0.0208785 -0.0064954 -0.0070051 0.039216 0.039216 0.039216
vn -0.7057068 -0.7074740 0.0381892
v 0.0214130 -0.0069950 -0.0067088 0.039216 0.039216 0.039216
vn -0.7057068 -0.7074740 0.0381892
v 0.0209135 -0.0064953 -0.0066822 0.039216 0.039216 0.039216
vn -0.7056711 -0.7074996 -0.0383748
v 0.0214128 -0.0069949 -0.0063298 0.039216 0.039216 0.039216
vn -0.7056711 -0.7074996 -0.0383748
v 0.0209133 -0.0064952 -0.0063573 0.039216 0.039216 0.039216
vn -0.6973576 -0.7075206 -0.1144861
v 0.0213717 -0.0069948 -0.0059531 0.039216 0.039216 0.039216
vn -0.6973576 -0.7075206 -0.1144861
v 0.0208780 -0.0064951 -0.0060344 0.039216 0.039216 0.039216
vn -0.6808637 -0.7075367 -0.1892523
v 0.0212901 -0.0069947 -0.0055830 0.039216 0.039216 0.039216
vn -0.6808637 -0.7075367 -0.1892523
v 0.0208081 -0.0064950 -0.0057172 0.039216 0.039216 0.039216
vn -0.6563829 -0.7075479 -0.2617970
v 0.0211689 -0.0069947 -0.0052240 0.039216 0.039216 0.039216
vn -0.6563829 -0.7075479 -0.2617970
v 0.0207042 -0.0064950 -0.0054094 0.039216 0.039216 0.039216
vn -0.6242020 -0.7075537 -0.3312696
v 0.0210096 -0.0069946 -0.0048801 0.039216 0.039216 0.039216
vn -0.6242020 -0.7075537 -0.3312696
v 0.0205677 -0.0064949 -0.0051147 0.039216 0.039216 0.039216
vn -0.5846986 -0.7075544 -0.3968556
v 0.0208141 -0.0069946 -0.0045555 0.039216 0.039216 0.039216
vn -0.5846986 -0.7075544 -0.3968556
v 0.0204001 -0.0064949 -0.0048364 0.039216 0.039216 0.039216
vn -0.5383356 -0.7075499 -0.4577860
v 0.0205846 -0.0069947 -0.0042539 0.039216 0.039216 0.039216
vn -0.5383356 -0.7075499 -0.4577860
v 0.0202034 -0.0064950 -0.0045779 0.039216 0.039216 0.039216
vn -0.4856566 -0.7075401 -0.5133465
v 0.0203238 -0.0069947 -0.0039789 0.039216 0.039216 0.039216
vn -0.4856566 -0.7075401 -0.5133465
v 0.0199799 -0.0064950 -0.0043422 0.039216 0.039216 0.039216
vn -0.4272794 -0.7075253 -0.5628857
v 0.0200349 -0.0069948 -0.0037336 0.039216 0.039216 0.039216
vn -0.4272794 -0.7075253 -0.5628857
v 0.0197322 -0.0064951 -0.0041320 0.039216 0.039216 0.039216
vn -0.3638881 -0.7075055 -0.6058229
v 0.0197211 -0.0069949 -0.0035211 0.039216 0.039216 0.039216
vn -0.3638881 -0.7075055 -0.6058229
v 0.0194633 -0.0064952 -0.0039498 0.039216 0.039216 0.039216
vn -0.2962263 -0.7074811 -0.6416546
v 0.0193862 -0.0069950 -0.0033438 0.039216 0.039216 0.039216
vn -0.2962263 -0.7074811 -0.6416546
v 0.0191762 -0.0064953 -0.0037978 0.039216 0.039216 0.039216
vn -0.2250868 -0.7074523 -0.6699606
v 0.0190341 -0.0069951 -0.0032037 0.039216 0.039216 0.039216
vn -0.2250868 -0.7074523 -0.6699606
v 0.0188744 -0.0064954 -0.0036777 0.039216 0.039216 0.039216
vn -0.1513041 -0.7074194 -0.6904092
v 0.0186689 -0.0069953 -0.0031024 0.039216 0.039216 0.039216
vn -0.1513041 -0.7074194 -0.6904092
v 0.0185613 -0.0064955 -0.0035910 0.039216 0.039216 0.039216
vn -0.0757430 -0.7073829 -0.7027607
v 0.0182949 -0.0069955 -0.0030413 0.039216 0.039216 0.039216
vn -0.0757430 -0.7073829 -0.7027607
v 0.0182408 -0.0064957 -0.0035386 0.039216 0.039216 0.039216
vn 0.0007107 -0.7073430 -0.7068701
v 0.0179164 -0.0069957 -0.0030210 0.039216 0.039216 0.039216
vn 0.0007107 -0.7073430 -0.7068701
v 0.0179164 -0.0064958 -0.0035211 0.039216 0.039216 0.039216
vn 0.0000506 -0.7068702 0.7073433
v 0.0179192 -0.0064978 -0.0095211 0.039216 0.039216 0.039216
vn 0.0007107 -0.7073430 -0.7068701
v 0.0179164 -0.0069957 -0.0030210 0.039216 0.039216 0.039216
vn 0.0771604 -0.7073005 -0.7026893
v 0.0175380 -0.0069959 -0.0030417 0.039216 0.039216 0.039216
vn 0.0771604 -0.7073005 -0.7026893
v 0.0175920 -0.0064960 -0.0035389 0.039216 0.039216 0.039216
vn 0.1527100 -0.7072558 -0.6902674
v 0.0171641 -0.0069961 -0.0031031 0.039216 0.039216 0.039216
vn 0.1527100 -0.7072558 -0.6902674
v 0.0172715 -0.0064962 -0.0035916 0.039216 0.039216 0.039216
vn 0.2264736 -0.7072092 -0.6697500
v 0.0167990 -0.0069963 -0.0032047 0.039216 0.039216 0.039216
vn 0.2264736 -0.7072092 -0.6697500
v 0.0169586 -0.0064964 -0.0036786 0.039216 0.039216 0.039216
vn 0.2975866 -0.7071614 -0.6413775
v 0.0164470 -0.0069966 -0.0033451 0.039216 0.039216 0.039216
vn 0.2975866 -0.7071614 -0.6413775
v 0.0166569 -0.0064966 -0.0037990 0.039216 0.039216 0.039216
vn 0.3652150 -0.7071130 -0.6054828
v 0.0161122 -0.0069968 -0.0035228 0.039216 0.039216 0.039216
vn 0.3652150 -0.7071130 -0.6054828
v 0.0163699 -0.0064968 -0.0039513 0.039216 0.039216 0.039216
vn 0.4285661 -0.7070645 -0.5624865
v 0.0157987 -0.0069971 -0.0037356 0.039216 0.039216 0.039216
vn 0.4285661 -0.7070645 -0.5624865
v 0.0161012 -0.0064970 -0.0041337 0.039216 0.039216 0.039216
vn 0.4868971 -0.7070165 -0.5128928
v 0.0155099 -0.0069973 -0.0039811 0.039216 0.039216 0.039216
vn 0.4868971 -0.7070165 -0.5128928
v 0.0158537 -0.0064972 -0.0043441 0.039216 0.039216 0.039216
vn 0.5395241 -0.7069695 -0.4572831
v 0.0152494 -0.0069975 -0.0042564 0.039216 0.039216 0.039216
vn 0.5395241 -0.7069695 -0.4572831
v 0.0156304 -0.0064974 -0.0045800 0.039216 0.039216 0.039216
vn 0.5858303 -0.7069242 -0.3963095
v 0.0150202 -0.0069977 -0.0045582 0.039216 0.039216 0.039216
vn 0.5858303 -0.7069242 -0.3963095
v 0.0154339 -0.0064976 -0.0048387 0.039216 0.039216 0.039216
vn 0.6252725 -0.7068810 -0.3306866
v 0.0148250 -0.0069980 -0.0048830 0.039216 0.039216 0.039216
vn 0.6252725 -0.7068810 -0.3306866
v 0.0152666 -0.0064978 -0.0051171 0.039216 0.039216 0.039216
vn 0.6573884 -0.7068405 -0.2611841
v 0.0146660 -0.0069982 -0.0052270 0.039216 0.039216 0.039216
vn 0.6573884 -0.7068405 -0.2611841
v 0.0151303 -0.0064980 -0.0054120 0.039216 0.039216 0.039216
vn 0.6818015 -0.7068031 -0.1886166
v 0.0145452 -0.0069983 -0.0055862 0.039216 0.039216 0.039216
vn 0.6818015 -0.7068031 -0.1886166
v 0.0150268 -0.0064981 -0.0057199 0.039216 0.039216 0.039216
vn 0.6982256 -0.7067692 -0.1138349
v 0.0144639 -0.0069985 -0.0059563 0.039216 0.039216 0.039216
vn 0.6982256 -0.7067692 -0.1138349
v 0.0149571 -0.0064983 -0.0060372 0.039216 0.039216 0.039216
vn 0.7064681 -0.7067392 -0.0377159
v 0.0144231 -0.0069987 -0.0063331 0.039216 0.039216 0.039216
vn 0.7064681 -0.7067392 -0.0377159
v 0.0149221 -0.0064984 -0.0063601 0.039216 0.039216 0.039216
vn 0.7064323 -0.7067136 0.0388480
v 0.0144233 -0.0069988 -0.0067121 0.039216 0.039216 0.039216
vn 0.7064323 -0.7067136 0.0388480
v 0.0149223 -0.0064985 -0.0066849 0.039216 0.039216 0.039216
vn 0.6981188 -0.7066927 0.1149593
v 0.0144644 -0.0069989 -0.0070888 0.039216 0.039216 0.039216
vn 0.6981188 -0.7066927 0.1149593
v 0.0149575 -0.0064986 -0.0070079 0.039216 0.039216 0.039216
vn 0.6816249 -0.7066765 0.1897256
v 0.0145461 -0.0069990 -0.0074589 0.039216 0.039216 0.039216
vn 0.6816249 -0.7066765 0.1897256
v 0.0150275 -0.0064987 -0.0073251 0.039216 0.039216 0.039216
vn 0.6571440 -0.7066655 0.2622702
v 0.0146673 -0.0069990 -0.0078180 0.039216 0.039216 0.039216
vn 0.6571440 -0.7066655 0.2622702
v 0.0151314 -0.0064987 -0.0076329 0.039216 0.039216 0.039216
vn 0.6249633 -0.7066595 0.3317428
v 0.0148265 -0.0069991 -0.0081618 0.039216 0.039216 0.039216
vn 0.6249633 -0.7066595 0.3317428
v 0.0152679 -0.0064987 -0.0079276 0.039216 0.039216 0.039216
vn 0.5854598 -0.7066588 0.3973288
v 0.0150221 -0.0069991 -0.0084865 0.039216 0.039216 0.039216
vn 0.5854598 -0.7066588 0.3973288
v 0.0154355 -0.0064987 -0.0082059 0.039216 0.039216 0.039216
vn 0.5390968 -0.7066634 0.4582592
v 0.0152516 -0.0069990 -0.0087881 0.039216 0.039216 0.039216
vn 0.5390968 -0.7066634 0.4582592
v 0.0156322 -0.0064987 -0.0084644 0.039216 0.039216 0.039216
vn 0.4864179 -0.7066731 0.5138198
v 0.0155123 -0.0069990 -0.0090631 0.039216 0.039216 0.039216
vn 0.4864179 -0.7066731 0.5138198
v 0.0158557 -0.0064987 -0.0087001 0.039216 0.039216 0.039216
vn 0.4280406 -0.7066880 0.5633590
v 0.0158013 -0.0069989 -0.0093083 0.039216 0.039216 0.039216
vn 0.4280406 -0.7066880 0.5633590
v 0.0161034 -0.0064986 -0.0089103 0.039216 0.039216 0.039216
vn 0.3646494 -0.7067078 0.6062961
v 0.0161150 -0.0069988 -0.0095208 0.039216 0.039216 0.039216
vn 0.3646494 -0.7067078 0.6062961
v 0.0163723 -0.0064985 -0.0090924 0.039216 0.039216 0.039216
vn 0.2969874 -0.7067322 0.6421278
v 0.0164499 -0.0069987 -0.0096982 0.039216 0.039216 0.039216
vn 0.2969874 -0.7067322 0.6421278
v 0.0166594 -0.0064984 -0.0092444 0.039216 0.039216 0.039216
vn 0.2258481 -0.7067610 0.6704338
v 0.0168021 -0.0069986 -0.0098383 0.039216 0.039216 0.039216
vn 0.2258481 -0.7067610 0.6704338
v 0.0169612 -0.0064983 -0.0093645 0.039216 0.039216 0.039216
vn 0.1520653 -0.7067939 0.6908824
v 0.0171673 -0.0069984 -0.0099395 0.039216 0.039216 0.039216
vn 0.1520653 -0.7067939 0.6908824
v 0.0172743 -0.0064982 -0.0094513 0.039216 0.039216 0.039216
vn 0.0765042 -0.7068304 0.7032338
v 0.0175413 -0.0069982 -0.0100006 0.039216 0.039216 0.039216
vn 0.0765042 -0.7068304 0.7032338
v 0.0175948 -0.0064980 -0.0095037 0.039216 0.039216 0.039216
vn 0.0000506 -0.7068702 0.7073433
v 0.0179197 -0.0069980 -0.0100210 0.039216 0.039216 0.039216
vn 0.0000506 -0.7068702 0.7073433
v 0.0179192 -0.0064978 -0.0095211 0.039216 0.039216 0.039216
vn 0.0007107 -0.7073430 -0.7068701
v 0.0179164 -0.0064958 -0.0035211 0.039216 0.039216 0.039216
vn -0.0005383 0.9999998 -0.0003346
v 0.0175380 -0.0069959 -0.0030417 0.039216 0.039216 0.039216
vn -0.0005383 0.9999998 -0.0003346
v 0.0193862 -0.0069950 -0.0033438 0.039216 0.039216 0.039216
vn -0.0005383 0.9999998 -0.0003346
v 0.0197211 -0.0069949 -0.0035211 0.039216 0.039216 0.039216
vn -0.0005383 0.9999998 -0.0003346
v 0.0182949 -0.0069955 -0.0030413 0.039216 0.039216 0.039216
vn -0.0005383 0.9999998 -0.0003346
v 0.0186689 -0.0069953 -0.0031024 0.039216 0.039216 0.039216
vn -0.0005383 0.9999998 -0.0003346
v 0.0190341 -0.0069951 -0.0032037 0.039216 0.039216 0.039216
vn -0.0005383 0.9999998 -0.0003346
v 0.0179164 -0.0069957 -0.0030210 0.039216 0.039216 0.039216
vn -0.0005383 0.9999998 -0.0003346
v 0.0210111 -0.0069957 -0.0081590 0.039216 0.039216 0.039216
vn -0.0005383 0.9999998 -0.0003346
v 0.0193892 -0.0069971 -0.0096968 0.039216 0.039216 0.039216
vn -0.0005383 0.9999998 -0.0003346
v 0.0190372 -0.0069974 -0.0098372 0.039216 0.039216 0.039216
vn -0.0005383 0.9999998 -0.0003346
v 0.0200349 -0.0069948 -0.0037336 0.039216 0.039216 0.039216
vn -0.0005383 0.9999998 -0.0003346
v 0.0197239 -0.0069969 -0.0095191 0.039216 0.039216 0.039216
vn -0.0005383 0.9999998 -0.0003346
v 0.0205867 -0.0069962 -0.0087856 0.039216 0.039216 0.039216
vn -0.0005383 0.9999998 -0.0003346
v 0.0203262 -0.0069964 -0.0090608 0.039216 0.039216 0.039216
vn -0.0005383 0.9999998 -0.0003346
v 0.0171641 -0.0069961 -0.0031031 0.039216 0.039216 0.039216
vn -0.0005383 0.9999998 -0.0003346
v 0.0205846 -0.0069947 -0.0042539 0.039216 0.039216 0.039216
vn -0.0005383 0.9999998 -0.0003346
v 0.0208141 -0.0069946 -0.0045555 0.039216 0.039216 0.039216
vn -0.0005383 0.9999998 -0.0003346
v 0.0182981 -0.0069978 -0.0100003 0.039216 0.039216 0.039216
vn -0.0005383 0.9999998 -0.0003346
v 0.0179197 -0.0069980 -0.0100210 0.039216 0.039216 0.039216
vn -0.0005383 0.9999998 -0.0003346
v 0.0200375 -0.0069966 -0.0093063 0.039216 0.039216 0.039216
vn -0.0005383 0.9999998 -0.0003346
v 0.0208159 -0.0069959 -0.0084838 0.039216 0.039216 0.039216
vn -0.0005383 0.9999998 -0.0003346
v 0.0203238 -0.0069947 -0.0039789 0.039216 0.039216 0.039216
vn -0.0005383 0.9999998 -0.0003346
v 0.0210096 -0.0069946 -0.0048801 0.039216 0.039216 0.039216
vn -0.0005383 0.9999998 -0.0003346
v 0.0164470 -0.0069966 -0.0033451 0.039216 0.039216 0.039216
vn -0.0005383 0.9999998 -0.0003346
v 0.0167990 -0.0069963 -0.0032047 0.039216 0.039216 0.039216
vn -0.0005383 0.9999998 -0.0003346
v 0.0214130 -0.0069950 -0.0067088 0.039216 0.039216 0.039216
vn -0.0005383 0.9999998 -0.0003346
v 0.0148250 -0.0069980 -0.0048830 0.039216 0.039216 0.039216
vn -0.0005383 0.9999998 -0.0003346
v 0.0150202 -0.0069977 -0.0045582 0.039216 0.039216 0.039216
vn -0.0005383 0.9999998 -0.0003346
v 0.0171673 -0.0069984 -0.0099395 0.039216 0.039216 0.039216
vn -0.0005383 0.9999998 -0.0003346
v 0.0168021 -0.0069986 -0.0098383 0.039216 0.039216 0.039216
vn -0.0005383 0.9999998 -0.0003346
v 0.0186721 -0.0069976 -0.0099388 0.039216 0.039216 0.039216
vn -0.0005383 0.9999998 -0.0003346
v 0.0161122 -0.0069968 -0.0035228 0.039216 0.039216 0.039216
vn -0.0005383 0.9999998 -0.0003346
v 0.0152494 -0.0069975 -0.0042564 0.039216 0.039216 0.039216
vn -0.0005383 0.9999998 -0.0003346
v 0.0144644 -0.0069989 -0.0070888 0.039216 0.039216 0.039216
vn -0.0005383 0.9999998 -0.0003346
v 0.0144233 -0.0069988 -0.0067121 0.039216 0.039216 0.039216
vn -0.0005383 0.9999998 -0.0003346
v 0.0164499 -0.0069987 -0.0096982 0.039216 0.039216 0.039216
vn -0.0005383 0.9999998 -0.0003346
v 0.0161150 -0.0069988 -0.0095208 0.039216 0.039216 0.039216
vn -0.0005383 0.9999998 -0.0003346
v 0.0175413 -0.0069982 -0.0100006 0.039216 0.039216 0.039216
vn -0.0005383 0.9999998 -0.0003346
v 0.0212909 -0.0069953 -0.0074557 0.039216 0.039216 0.039216
vn -0.0005383 0.9999998 -0.0003346
v 0.0211701 -0.0069955 -0.0078149 0.039216 0.039216 0.039216
vn -0.0005383 0.9999998 -0.0003346
v 0.0213722 -0.0069952 -0.0070856 0.039216 0.039216 0.039216
vn -0.0005383 0.9999998 -0.0003346
v 0.0213717 -0.0069948 -0.0059531 0.039216 0.039216 0.039216
vn -0.0005383 0.9999998 -0.0003346
v 0.0214128 -0.0069949 -0.0063298 0.039216 0.039216 0.039216
vn -0.0005383 0.9999998 -0.0003346
v 0.0211689 -0.0069947 -0.0052240 0.039216 0.039216 0.039216
vn -0.0005383 0.9999998 -0.0003346
v 0.0155099 -0.0069973 -0.0039811 0.039216 0.039216 0.039216
vn -0.0005383 0.9999998 -0.0003346
v 0.0157987 -0.0069971 -0.0037356 0.039216 0.039216 0.039216
vn -0.0005383 0.9999998 -0.0003346
v 0.0146660 -0.0069982 -0.0052270 0.039216 0.039216 0.039216
vn -0.0005383 0.9999998 -0.0003346
v 0.0144231 -0.0069987 -0.0063331 0.039216 0.039216 0.039216
vn -0.0005383 0.9999998 -0.0003346
v 0.0144639 -0.0069985 -0.0059563 0.039216 0.039216 0.039216
vn -0.0005383 0.9999998 -0.0003346
v 0.0145461 -0.0069990 -0.0074589 0.039216 0.039216 0.039216
vn -0.0005383 0.9999998 -0.0003346
v 0.0155123 -0.0069990 -0.0090631 0.039216 0.039216 0.039216
vn -0.0005383 0.9999998 -0.0003346
v 0.0152516 -0.0069990 -0.0087881 0.039216 0.039216 0.039216
vn -0.0005383 0.9999998 -0.0003346
v 0.0158013 -0.0069989 -0.0093083 0.039216 0.039216 0.039216
vn -0.0005383 0.9999998 -0.0003346
v 0.0212901 -0.0069947 -0.0055830 0.039216 0.039216 0.039216
vn -0.0005383 0.9999998 -0.0003346
v 0.0145452 -0.0069983 -0.0055862 0.039216 0.039216 0.039216
vn -0.0005383 0.9999998 -0.0003346
v 0.0146673 -0.0069990 -0.0078180 0.039216 0.039216 0.039216
vn -0.0005383 0.9999998 -0.0003346
v 0.0150221 -0.0069991 -0.0084865 0.039216 0.039216 0.039216
vn -0.0005383 0.9999998 -0.0003346
v 0.0148265 -0.0069991 -0.0081618 0.039216 0.039216 0.039216
vn 0.0005383 -0.9999998 0.0003346
v 0.0032572 0.0069979 0.0012785 0.039216 0.039216 0.039216
vn 0.0005383 -0.9999998 0.0003346
v 0.0026729 0.0069979 0.0022486 0.039216 0.039216 0.039216
vn 0.0005383 -0.9999998 0.0003346
v 0.0024121 0.0069978 0.0025236 0.039216 0.039216 0.039216
vn 0.0005383 -0.9999998 0.0003346
v 0.0021232 0.0069978 0.0027688 0.039216 0.039216 0.039216
vn 0.0005383 -0.9999998 0.0003346
v 0.0030979 0.0069979 0.0016224 0.039216 0.039216 0.039216
vn 0.0005383 -0.9999998 0.0003346
v -0.0032445 0.0069935 -0.0013155 0.039216 0.039216 0.039216
vn 0.0005383 -0.9999998 0.0003346
v 0.0014774 0.0069954 -0.0031943 0.039216 0.039216 0.039216
vn 0.0005383 -0.9999998 0.0003346
v 0.0018122 0.0069957 -0.0030167 0.039216 0.039216 0.039216
vn 0.0005383 -0.9999998 0.0003346
v 0.0007603 0.0069950 -0.0034363 0.039216 0.039216 0.039216
vn 0.0005383 -0.9999998 0.0003346
v 0.0011255 0.0069952 -0.0033348 0.039216 0.039216 0.039216
vn 0.0005383 -0.9999998 0.0003346
v -0.0017967 0.0069937 -0.0030184 0.039216 0.039216 0.039216
vn 0.0005383 -0.9999998 0.0003346
v -0.0030852 0.0069935 -0.0016594 0.039216 0.039216 0.039216
vn 0.0005383 -0.9999998 0.0003346
v 0.0018094 0.0069977 0.0029813 0.039216 0.039216 0.039216
vn 0.0005383 -0.9999998 0.0003346
v 0.0014745 0.0069975 0.0031587 0.039216 0.039216 0.039216
vn 0.0005383 -0.9999998 0.0003346
v 0.0029023 0.0069979 0.0019470 0.039216 0.039216 0.039216
vn 0.0005383 -0.9999998 0.0003346
v -0.0003704 0.0069943 -0.0034982 0.039216 0.039216 0.039216
vn 0.0005383 -0.9999998 0.0003346
v 0.0000080 0.0069945 -0.0035185 0.039216 0.039216 0.039216
vn 0.0005383 -0.9999998 0.0003346
v -0.0011097 0.0069940 -0.0033358 0.039216 0.039216 0.039216
vn 0.0005383 -0.9999998 0.0003346
v -0.0007445 0.0069941 -0.0034370 0.039216 0.039216 0.039216
vn 0.0005383 -0.9999998 0.0003346
v -0.0014618 0.0069938 -0.0031957 0.039216 0.039216 0.039216
vn 0.0005383 -0.9999998 0.0003346
v -0.0026602 0.0069935 -0.0022856 0.039216 0.039216 0.039216
vn 0.0005383 -0.9999998 0.0003346
v -0.0023994 0.0069935 -0.0025606 0.039216 0.039216 0.039216
vn 0.0005383 -0.9999998 0.0003346
v -0.0028896 0.0069935 -0.0019840 0.039216 0.039216 0.039216
vn 0.0005383 -0.9999998 0.0003346
v -0.0003737 0.0069966 0.0034608 0.039216 0.039216 0.039216
vn 0.0005383 -0.9999998 0.0003346
v -0.0007476 0.0069964 0.0033993 0.039216 0.039216 0.039216
vn 0.0005383 -0.9999998 0.0003346
v 0.0003831 0.0069971 0.0034611 0.039216 0.039216 0.039216
vn 0.0005383 -0.9999998 0.0003346
v 0.0000047 0.0069969 0.0034815 0.039216 0.039216 0.039216
vn 0.0005383 -0.9999998 0.0003346
v 0.0011224 0.0069974 0.0032988 0.039216 0.039216 0.039216
vn 0.0005383 -0.9999998 0.0003346
v 0.0007571 0.0069972 0.0034000 0.039216 0.039216 0.039216
vn 0.0005383 -0.9999998 0.0003346
v 0.0021258 0.0069959 -0.0028039 0.039216 0.039216 0.039216
vn 0.0005383 -0.9999998 0.0003346
v 0.0003864 0.0069947 -0.0034978 0.039216 0.039216 0.039216
vn 0.0005383 -0.9999998 0.0003346
v -0.0017995 0.0069957 0.0029796 0.039216 0.039216 0.039216
vn 0.0005383 -0.9999998 0.0003346
v -0.0021131 0.0069955 0.0027668 0.039216 0.039216 0.039216
vn 0.0005383 -0.9999998 0.0003346
v -0.0011128 0.0069962 0.0032977 0.039216 0.039216 0.039216
vn 0.0005383 -0.9999998 0.0003346
v -0.0014648 0.0069960 0.0031573 0.039216 0.039216 0.039216
vn 0.0005383 -0.9999998 0.0003346
v -0.0021105 0.0069936 -0.0028058 0.039216 0.039216 0.039216
vn 0.0005383 -0.9999998 0.0003346
v 0.0024145 0.0069961 -0.0025584 0.039216 0.039216 0.039216
vn 0.0005383 -0.9999998 0.0003346
v -0.0034884 0.0069937 -0.0002096 0.039216 0.039216 0.039216
vn 0.0005383 -0.9999998 0.0003346
v -0.0034473 0.0069936 -0.0005864 0.039216 0.039216 0.039216
vn 0.0005383 -0.9999998 0.0003346
v -0.0028915 0.0069948 0.0019443 0.039216 0.039216 0.039216
vn 0.0005383 -0.9999998 0.0003346
v 0.0035011 0.0069976 0.0001726 0.039216 0.039216 0.039216
vn 0.0005383 -0.9999998 0.0003346
v 0.0034600 0.0069977 0.0005493 0.039216 0.039216 0.039216
vn 0.0005383 -0.9999998 0.0003346
v 0.0034605 0.0069974 -0.0005831 0.039216 0.039216 0.039216
vn 0.0005383 -0.9999998 0.0003346
v 0.0035013 0.0069975 -0.0002064 0.039216 0.039216 0.039216
vn 0.0005383 -0.9999998 0.0003346
v -0.0033656 0.0069936 -0.0009564 0.039216 0.039216 0.039216
vn 0.0005383 -0.9999998 0.0003346
v -0.0024018 0.0069952 0.0025213 0.039216 0.039216 0.039216
vn 0.0005383 -0.9999998 0.0003346
v -0.0026623 0.0069950 0.0022461 0.039216 0.039216 0.039216
vn 0.0005383 -0.9999998 0.0003346
v 0.0033783 0.0069978 0.0009194 0.039216 0.039216 0.039216
vn 0.0005383 -0.9999998 0.0003346
v 0.0033792 0.0069972 -0.0009533 0.039216 0.039216 0.039216
vn 0.0005383 -0.9999998 0.0003346
v 0.0026750 0.0069964 -0.0022831 0.039216 0.039216 0.039216
vn 0.0005383 -0.9999998 0.0003346
v 0.0029042 0.0069966 -0.0019813 0.039216 0.039216 0.039216
vn 0.0005383 -0.9999998 0.0003346
v -0.0033665 0.0069942 0.0009163 0.039216 0.039216 0.039216
vn 0.0005383 -0.9999998 0.0003346
v -0.0034478 0.0069940 0.0005461 0.039216 0.039216 0.039216
vn 0.0005383 -0.9999998 0.0003346
v 0.0030994 0.0069968 -0.0016565 0.039216 0.039216 0.039216
vn 0.0005383 -0.9999998 0.0003346
v -0.0034886 0.0069939 0.0001693 0.039216 0.039216 0.039216
vn 0.0005383 -0.9999998 0.0003346
v -0.0030867 0.0069946 0.0016195 0.039216 0.039216 0.039216
vn 0.0005383 -0.9999998 0.0003346
v -0.0032457 0.0069944 0.0012754 0.039216 0.039216 0.039216
vn 0.0005383 -0.9999998 0.0003346
v 0.0032584 0.0069970 -0.0013125 0.039216 0.039216 0.039216
vn -0.0000506 0.7068702 -0.7073433
v 0.0000047 0.0069969 0.0034815 0.039216 0.039216 0.039216
vn -0.0765042 0.7068304 -0.7032338
v 0.0003831 0.0069971 0.0034611 0.039216 0.039216 0.039216
vn -0.0765042 0.7068304 -0.7032338
v 0.0003296 0.0064969 0.0029642 0.039216 0.039216 0.039216
vn -0.1520653 0.7067939 -0.6908824
v 0.0007571 0.0069972 0.0034000 0.039216 0.039216 0.039216
vn -0.1520653 0.7067939 -0.6908824
v 0.0006502 0.0064970 0.0029118 0.039216 0.039216 0.039216
vn -0.2258481 0.7067610 -0.6704338
v 0.0011224 0.0069974 0.0032988 0.039216 0.039216 0.039216
vn -0.2258481 0.7067610 -0.6704338
v 0.0009632 0.0064972 0.0028251 0.039216 0.039216 0.039216
vn -0.2969874 0.7067322 -0.6421278
v 0.0014745 0.0069975 0.0031587 0.039216 0.039216 0.039216
vn -0.2969874 0.7067322 -0.6421278
v 0.0012650 0.0064973 0.0027050 0.039216 0.039216 0.039216
vn -0.3646494 0.7067078 -0.6062961
v 0.0018094 0.0069977 0.0029813 0.039216 0.039216 0.039216
vn -0.3646494 0.7067078 -0.6062961
v 0.0015521 0.0064974 0.0025529 0.039216 0.039216 0.039216
vn -0.4280406 0.7066880 -0.5633590
v 0.0021232 0.0069978 0.0027688 0.039216 0.039216 0.039216
vn -0.4280406 0.7066880 -0.5633590
v 0.0018210 0.0064975 0.0023708 0.039216 0.039216 0.039216
vn -0.4864179 0.7066731 -0.5138198
v 0.0024121 0.0069978 0.0025236 0.039216 0.039216 0.039216
vn -0.4864179 0.7066731 -0.5138198
v 0.0020687 0.0064975 0.0021606 0.039216 0.039216 0.039216
vn -0.5390968 0.7066634 -0.4582592
v 0.0026729 0.0069979 0.0022486 0.039216 0.039216 0.039216
vn -0.5390968 0.7066634 -0.4582592
v 0.0022922 0.0064976 0.0019249 0.039216 0.039216 0.039216
vn -0.5854598 0.7066588 -0.3973288
v 0.0029023 0.0069979 0.0019470 0.039216 0.039216 0.039216
vn -0.5854598 0.7066588 -0.3973288
v 0.0024889 0.0064976 0.0016664 0.039216 0.039216 0.039216
vn -0.6249633 0.7066595 -0.3317428
v 0.0030979 0.0069979 0.0016224 0.039216 0.039216 0.039216
vn -0.6249633 0.7066595 -0.3317428
v 0.0026565 0.0064976 0.0013881 0.039216 0.039216 0.039216
vn -0.6571440 0.7066655 -0.2622702
v 0.0032572 0.0069979 0.0012785 0.039216 0.039216 0.039216
vn -0.6571440 0.7066655 -0.2622702
v 0.0027930 0.0064976 0.0010934 0.039216 0.039216 0.039216
vn -0.6816249 0.7066765 -0.1897256
v 0.0033783 0.0069978 0.0009194 0.039216 0.039216 0.039216
vn -0.6816249 0.7066765 -0.1897256
v 0.0028969 0.0064975 0.0007856 0.039216 0.039216 0.039216
vn -0.6981188 0.7066927 -0.1149593
v 0.0034600 0.0069977 0.0005493 0.039216 0.039216 0.039216
vn -0.6981188 0.7066927 -0.1149593
v 0.0029669 0.0064974 0.0004684 0.039216 0.039216 0.039216
vn -0.7064323 0.7067136 -0.0388480
v 0.0035011 0.0069976 0.0001726 0.039216 0.039216 0.039216
vn -0.7064323 0.7067136 -0.0388480
v 0.0030021 0.0064974 0.0001455 0.039216 0.039216 0.039216
vn -0.7064681 0.7067392 0.0377159
v 0.0035013 0.0069975 -0.0002064 0.039216 0.039216 0.039216
vn -0.7064681 0.7067392 0.0377159
v 0.0030023 0.0064972 -0.0001794 0.039216 0.039216 0.039216
vn -0.6982256 0.7067692 0.1138349
v 0.0034605 0.0069974 -0.0005831 0.039216 0.039216 0.039216
vn -0.6982256 0.7067692 0.1138349
v 0.0029673 0.0064971 -0.0005023 0.039216 0.039216 0.039216
vn -0.6818015 0.7068031 0.1886166
v 0.0033792 0.0069972 -0.0009533 0.039216 0.039216 0.039216
vn -0.6818015 0.7068031 0.1886166
v 0.0028976 0.0064970 -0.0008196 0.039216 0.039216 0.039216
vn -0.6573884 0.7068405 0.2611841
v 0.0032584 0.0069970 -0.0013125 0.039216 0.039216 0.039216
vn -0.6573884 0.7068405 0.2611841
v 0.0027941 0.0064968 -0.0011275 0.039216 0.039216 0.039216
vn -0.6252725 0.7068810 0.3306866
v 0.0030994 0.0069968 -0.0016565 0.039216 0.039216 0.039216
vn -0.6252725 0.7068810 0.3306866
v 0.0026578 0.0064966 -0.0014223 0.039216 0.039216 0.039216
vn -0.5858303 0.7069242 0.3963095
v 0.0029042 0.0069966 -0.0019813 0.039216 0.039216 0.039216
vn -0.5858303 0.7069242 0.3963095
v 0.0024905 0.0064965 -0.0017008 0.039216 0.039216 0.039216
vn -0.5395241 0.7069695 0.4572831
v 0.0026750 0.0069964 -0.0022831 0.039216 0.039216 0.039216
vn -0.5395241 0.7069695 0.4572831
v 0.0022940 0.0064963 -0.0019594 0.039216 0.039216 0.039216
vn -0.4868971 0.7070165 0.5128928
v 0.0024145 0.0069961 -0.0025584 0.039216 0.039216 0.039216
vn -0.4868971 0.7070165 0.5128928
v 0.0020707 0.0064961 -0.0021954 0.039216 0.039216 0.039216
vn -0.4285661 0.7070645 0.5624865
v 0.0021258 0.0069959 -0.0028039 0.039216 0.039216 0.039216
vn -0.4285661 0.7070645 0.5624865
v 0.0018233 0.0064959 -0.0024058 0.039216 0.039216 0.039216
vn -0.3652150 0.7071130 0.6054828
v 0.0018122 0.0069957 -0.0030167 0.039216 0.039216 0.039216
vn -0.3652150 0.7071130 0.6054828
v 0.0015545 0.0064957 -0.0025882 0.039216 0.039216 0.039216
vn -0.2975866 0.7071614 0.6413775
v 0.0014774 0.0069954 -0.0031943 0.039216 0.039216 0.039216
vn -0.2975866 0.7071614 0.6413775
v 0.0012676 0.0064955 -0.0027405 0.039216 0.039216 0.039216
vn -0.2264736 0.7072092 0.6697500
v 0.0011255 0.0069952 -0.0033348 0.039216 0.039216 0.039216
vn -0.2264736 0.7072092 0.6697500
v 0.0009658 0.0064953 -0.0028609 0.039216 0.039216 0.039216
vn -0.1527100 0.7072558 0.6902674
v 0.0007603 0.0069950 -0.0034363 0.039216 0.039216 0.039216
vn -0.1527100 0.7072558 0.6902674
v 0.0006529 0.0064951 -0.0029479 0.039216 0.039216 0.039216
vn -0.0771604 0.7073005 0.7026893
v 0.0003864 0.0069947 -0.0034978 0.039216 0.039216 0.039216
vn -0.0771604 0.7073005 0.7026893
v 0.0003324 0.0064949 -0.0030006 0.039216 0.039216 0.039216
vn -0.0007107 0.7073430 0.7068701
v 0.0000080 0.0069945 -0.0035185 0.039216 0.039216 0.039216
vn -0.0007107 0.7073430 0.7068701
v 0.0000080 0.0064947 -0.0030184 0.039216 0.039216 0.039216
vn -0.0000506 0.7068702 -0.7073433
v 0.0000052 0.0064967 0.0029816 0.039216 0.039216 0.039216
vn -0.0007107 0.7073430 0.7068701
v 0.0000080 0.0069945 -0.0035185 0.039216 0.039216 0.039216
vn 0.0757430 0.7073829 0.7027607
v -0.0003704 0.0069943 -0.0034982 0.039216 0.039216 0.039216
vn 0.0757430 0.7073829 0.7027607
v -0.0003164 0.0064945 -0.0030009 0.039216 0.039216 0.039216
vn 0.1513041 0.7074194 0.6904092
v -0.0007445 0.0069941 -0.0034370 0.039216 0.039216 0.039216
vn 0.1513041 0.7074194 0.6904092
v -0.0006369 0.0064944 -0.0029485 0.039216 0.039216 0.039216
vn 0.2250868 0.7074523 0.6699606
v -0.0011097 0.0069940 -0.0033358 0.039216 0.039216 0.039216
vn 0.2250868 0.7074523 0.6699606
v -0.0009500 0.0064942 -0.0028618 0.039216 0.039216 0.039216
vn 0.2962263 0.7074811 0.6416546
v -0.0014618 0.0069938 -0.0031957 0.039216 0.039216 0.039216
vn 0.2962263 0.7074811 0.6416546
v -0.0012518 0.0064941 -0.0027417 0.039216 0.039216 0.039216
vn 0.3638881 0.7075055 0.6058229
v -0.0017967 0.0069937 -0.0030184 0.039216 0.039216 0.039216
vn 0.3638881 0.7075055 0.6058229
v -0.0015388 0.0064940 -0.0025896 0.039216 0.039216 0.039216
vn 0.4272794 0.7075253 0.5628857
v -0.0021105 0.0069936 -0.0028058 0.039216 0.039216 0.039216
vn 0.4272794 0.7075253 0.5628857
v -0.0018078 0.0064939 -0.0024075 0.039216 0.039216 0.039216
vn 0.4856566 0.7075401 0.5133465
v -0.0023994 0.0069935 -0.0025606 0.039216 0.039216 0.039216
vn 0.4856566 0.7075401 0.5133465
v -0.0020555 0.0064938 -0.0021973 0.039216 0.039216 0.039216
vn 0.5383356 0.7075499 0.4577860
v -0.0026602 0.0069935 -0.0022856 0.039216 0.039216 0.039216
vn 0.5383356 0.7075499 0.4577860
v -0.0022790 0.0064938 -0.0019616 0.039216 0.039216 0.039216
vn 0.5846986 0.7075544 0.3968556
v -0.0028896 0.0069935 -0.0019840 0.039216 0.039216 0.039216
vn 0.5846986 0.7075544 0.3968556
v -0.0024757 0.0064938 -0.0017031 0.039216 0.039216 0.039216
vn 0.6242020 0.7075537 0.3312696
v -0.0030852 0.0069935 -0.0016594 0.039216 0.039216 0.039216
vn 0.6242020 0.7075537 0.3312696
v -0.0026433 0.0064938 -0.0014248 0.039216 0.039216 0.039216
vn 0.6563829 0.7075479 0.2617970
v -0.0032445 0.0069935 -0.0013155 0.039216 0.039216 0.039216
vn 0.6563829 0.7075479 0.2617970
v -0.0027798 0.0064938 -0.0011301 0.039216 0.039216 0.039216
vn 0.6808637 0.7075367 0.1892523
v -0.0033656 0.0069936 -0.0009564 0.039216 0.039216 0.039216
vn 0.6808637 0.7075367 0.1892523
v -0.0028837 0.0064939 -0.0008223 0.039216 0.039216 0.039216
vn 0.6973576 0.7075206 0.1144861
v -0.0034473 0.0069936 -0.0005864 0.039216 0.039216 0.039216
vn 0.6973576 0.7075206 0.1144861
v -0.0029536 0.0064939 -0.0005051 0.039216 0.039216 0.039216
vn 0.7056711 0.7074996 0.0383748
v -0.0034884 0.0069937 -0.0002096 0.039216 0.039216 0.039216
vn 0.7056711 0.7074996 0.0383748
v -0.0029889 0.0064940 -0.0001822 0.039216 0.039216 0.039216
vn 0.7057068 0.7074740 -0.0381892
v -0.0034886 0.0069939 0.0001693 0.039216 0.039216 0.039216
vn 0.7057068 0.7074740 -0.0381892
v -0.0029891 0.0064941 0.0001427 0.039216 0.039216 0.039216
vn 0.6974644 0.7074441 -0.1143082
v -0.0034478 0.0069940 0.0005461 0.039216 0.039216 0.039216
vn 0.6974644 0.7074441 -0.1143082
v -0.0029541 0.0064943 0.0004656 0.039216 0.039216 0.039216
vn 0.6810403 0.7074102 -0.1890898
v -0.0033665 0.0069942 0.0009163 0.039216 0.039216 0.039216
vn 0.6810403 0.7074102 -0.1890898
v -0.0028844 0.0064944 0.0007829 0.039216 0.039216 0.039216
vn 0.6566271 0.7073728 -0.2616573
v -0.0032457 0.0069944 0.0012754 0.039216 0.039216 0.039216
vn 0.6566271 0.7073728 -0.2616573
v -0.0027808 0.0064946 0.0010908 0.039216 0.039216 0.039216
vn 0.6245112 0.7073323 -0.3311599
v -0.0030867 0.0069946 0.0016195 0.039216 0.039216 0.039216
vn 0.6245112 0.7073323 -0.3311599
v -0.0026446 0.0064947 0.0013856 0.039216 0.039216 0.039216
vn 0.5850690 0.7072890 -0.3967827
v -0.0028915 0.0069948 0.0019443 0.039216 0.039216 0.039216
vn 0.5850690 0.7072890 -0.3967827
v -0.0024772 0.0064949 0.0016640 0.039216 0.039216 0.039216
vn 0.5387629 0.7072437 -0.4577563
v -0.0026623 0.0069950 0.0022461 0.039216 0.039216 0.039216
vn 0.5387629 0.7072437 -0.4577563
v -0.0022808 0.0064951 0.0019227 0.039216 0.039216 0.039216
vn 0.4861359 0.7071968 -0.5133660
v -0.0024018 0.0069952 0.0025213 0.039216 0.039216 0.039216
vn 0.4861359 0.7071968 -0.5133660
v -0.0020575 0.0064953 0.0021587 0.039216 0.039216 0.039216
vn 0.4278049 0.7071488 -0.5629596
v -0.0021131 0.0069955 0.0027668 0.039216 0.039216 0.039216
vn 0.4278049 0.7071488 -0.5629596
v -0.0018100 0.0064955 0.0023691 0.039216 0.039216 0.039216
vn 0.3644538 0.7071003 -0.6059559
v -0.0017995 0.0069957 0.0029796 0.039216 0.039216 0.039216
vn 0.3644538 0.7071003 -0.6059559
v -0.0015412 0.0064957 0.0025515 0.039216 0.039216 0.039216
vn 0.2968253 0.7070519 -0.6418508
v -0.0014648 0.0069960 0.0031573 0.039216 0.039216 0.039216
vn 0.2968253 0.7070519 -0.6418508
v -0.0012543 0.0064959 0.0027038 0.039216 0.039216 0.039216
vn 0.2257124 0.7070042 -0.6702231
v -0.0011128 0.0069962 0.0032977 0.039216 0.039216 0.039216
vn 0.2257124 0.7070042 -0.6702231
v -0.0009526 0.0064961 0.0028242 0.039216 0.039216 0.039216
vn 0.1519488 0.7069576 -0.6907406
v -0.0007476 0.0069964 0.0033993 0.039216 0.039216 0.039216
vn 0.1519488 0.7069576 -0.6907406
v -0.0006397 0.0064963 0.0029112 0.039216 0.039216 0.039216
vn 0.0763992 0.7069128 -0.7031626
v -0.0003737 0.0069966 0.0034608 0.039216 0.039216 0.039216
vn 0.0763992 0.7069128 -0.7031626
v -0.0003191 0.0064965 0.0029639 0.039216 0.039216 0.039216
vn -0.0000506 0.7068702 -0.7073433
v 0.0000047 0.0069969 0.0034815 0.039216 0.039216 0.039216
vn -0.0000506 0.7068702 -0.7073433
v 0.0000052 0.0064967 0.0029816 0.039216 0.039216 0.039216
vn -0.0007107 0.7073430 0.7068701
v 0.0000080 0.0064947 -0.0030184 0.039216 0.039216 0.039216
vn -0.1076550 -0.0003906 -0.9941882
v 0.0003366 -0.0065031 0.0029686 0.039216 0.039216 0.039216
vn 0.0004668 -0.0003343 -0.9999998
v 0.0000122 -0.0065033 0.0029860 0.039216 0.039216 0.039216
vn 0.0004668 -0.0003343 -0.9999998
v 0.0000052 0.0064967 0.0029816 0.039216 0.039216 0.039216
vn -0.2145146 -0.0004423 -0.9767207
v 0.0006572 -0.0065030 0.0029162 0.039216 0.039216 0.039216
vn -0.1076550 -0.0003906 -0.9941882
v 0.0003296 0.0064969 0.0029642 0.039216 0.039216 0.039216
vn -0.3188591 -0.0004888 -0.9478020
v 0.0009702 -0.0065028 0.0028294 0.039216 0.039216 0.039216
vn -0.2145146 -0.0004423 -0.9767207
v 0.0006502 0.0064970 0.0029118 0.039216 0.039216 0.039216
vn -0.4194654 -0.0005295 -0.9077712
v 0.0012720 -0.0065027 0.0027093 0.039216 0.039216 0.039216
vn -0.3188591 -0.0004888 -0.9478020
v 0.0009632 0.0064972 0.0028251 0.039216 0.039216 0.039216
vn -0.5151538 -0.0005641 -0.8570976
v 0.0015591 -0.0065026 0.0025573 0.039216 0.039216 0.039216
vn -0.4194654 -0.0005295 -0.9077712
v 0.0012650 0.0064973 0.0027050 0.039216 0.039216 0.039216
vn -0.6048025 -0.0005920 -0.7963753
v 0.0018280 -0.0065025 0.0023751 0.039216 0.039216 0.039216
vn -0.5151538 -0.0005641 -0.8570976
v 0.0015521 0.0064974 0.0025529 0.039216 0.039216 0.039216
vn -0.6873604 -0.0006130 -0.7263162
v 0.0020757 -0.0065025 0.0021649 0.039216 0.039216 0.039216
vn -0.6048025 -0.0005920 -0.7963753
v 0.0018210 0.0064975 0.0023708 0.039216 0.039216 0.039216
vn -0.7618597 -0.0006268 -0.6477418
v 0.0022992 -0.0065024 0.0019292 0.039216 0.039216 0.039216
vn -0.6873604 -0.0006130 -0.7263162
v 0.0020687 0.0064975 0.0021606 0.039216 0.039216 0.039216
vn -0.8274269 -0.0006333 -0.5615731
v 0.0024959 -0.0065024 0.0016707 0.039216 0.039216 0.039216
vn -0.7618597 -0.0006268 -0.6477418
v 0.0022922 0.0064976 0.0019249 0.039216 0.039216 0.039216
vn -0.8832932 -0.0006323 -0.4688206
v 0.0026635 -0.0065024 0.0013925 0.039216 0.039216 0.039216
vn -0.8274269 -0.0006333 -0.5615731
v 0.0024889 0.0064976 0.0016664 0.039216 0.039216 0.039216
vn -0.9288037 -0.0006240 -0.3705715
v 0.0028000 -0.0065024 0.0010977 0.039216 0.039216 0.039216
vn -0.8832932 -0.0006323 -0.4688206
v 0.0026565 0.0064976 0.0013881 0.039216 0.039216 0.039216
vn -0.9634249 -0.0006083 -0.2679778
v 0.0029039 -0.0065025 0.0007899 0.039216 0.039216 0.039216
vn -0.9288037 -0.0006240 -0.3705715
v 0.0027930 0.0064976 0.0010934 0.039216 0.039216 0.039216
vn -0.9867508 -0.0005854 -0.1622424
v 0.0029739 -0.0065026 0.0004727 0.039216 0.039216 0.039216
vn -0.9634249 -0.0006083 -0.2679778
v 0.0028969 0.0064975 0.0007856 0.039216 0.039216 0.039216
vn -0.9985079 -0.0005558 -0.0546048
v 0.0030091 -0.0065026 0.0001498 0.039216 0.039216 0.039216
vn -0.9867508 -0.0005854 -0.1622424
v 0.0029669 0.0064974 0.0004684 0.039216 0.039216 0.039216
vn -0.9985585 -0.0005196 0.0536730
v 0.0030093 -0.0065027 -0.0001750 0.039216 0.039216 0.039216
vn -0.9985079 -0.0005558 -0.0546048
v 0.0030021 0.0064974 0.0001455 0.039216 0.039216 0.039216
vn -0.9869018 -0.0004773 0.1613216
v 0.0029743 -0.0065029 -0.0004980 0.039216 0.039216 0.039216
vn -0.9985585 -0.0005196 0.0536730
v 0.0030023 0.0064972 -0.0001794 0.039216 0.039216 0.039216
vn -0.9636747 -0.0004294 0.2670788
v 0.0029046 -0.0065030 -0.0008152 0.039216 0.039216 0.039216
vn -0.9869018 -0.0004773 0.1613216
v 0.0029673 0.0064971 -0.0005023 0.039216 0.039216 0.039216
vn -0.9291493 -0.0003765 0.3697047
v 0.0028011 -0.0065032 -0.0011231 0.039216 0.039216 0.039216
vn -0.9636747 -0.0004294 0.2670788
v 0.0028976 0.0064970 -0.0008196 0.039216 0.039216 0.039216
vn -0.8837305 -0.0003191 0.4679962
v 0.0026648 -0.0065033 -0.0014180 0.039216 0.039216 0.039216
vn -0.9291493 -0.0003765 0.3697047
v 0.0027941 0.0064968 -0.0011275 0.039216 0.039216 0.039216
vn -0.8279508 -0.0002580 0.5608008
v 0.0024975 -0.0065035 -0.0016964 0.039216 0.039216 0.039216
vn -0.8837305 -0.0003191 0.4679962
v 0.0026578 0.0064966 -0.0014223 0.039216 0.039216 0.039216
vn -0.7624640 -0.0001939 0.6470306
v 0.0023010 -0.0065037 -0.0019551 0.039216 0.039216 0.039216
vn -0.8279508 -0.0002580 0.5608008
v 0.0024905 0.0064965 -0.0017008 0.039216 0.039216 0.039216
vn -0.6880382 -0.0001276 0.7256745
v 0.0020777 -0.0065039 -0.0021910 0.039216 0.039216 0.039216
vn -0.7624640 -0.0001939 0.6470306
v 0.0022940 0.0064963 -0.0019594 0.039216 0.039216 0.039216
vn -0.6055458 -0.0000597 0.7958106
v 0.0018303 -0.0065041 -0.0024014 0.039216 0.039216 0.039216
vn -0.6880382 -0.0001276 0.7256745
v 0.0020707 0.0064961 -0.0021954 0.039216 0.039216 0.039216
vn -0.5159537 0.0000089 0.8566165
v 0.0015615 -0.0065043 -0.0025839 0.039216 0.039216 0.039216
vn -0.6055458 -0.0000597 0.7958106
v 0.0018233 0.0064959 -0.0024058 0.039216 0.039216 0.039216
vn -0.4203126 0.0000773 0.9073793
v 0.0012745 -0.0065045 -0.0027361 0.039216 0.039216 0.039216
vn -0.5159537 0.0000089 0.8566165
v 0.0015545 0.0064957 -0.0025882 0.039216 0.039216 0.039216
vn -0.3197438 0.0001449 0.9475040
v 0.0009728 -0.0065047 -0.0028565 0.039216 0.039216 0.039216
vn -0.4203126 0.0000773 0.9073793
v 0.0012676 0.0064955 -0.0027405 0.039216 0.039216 0.039216
vn -0.2154263 0.0002108 0.9765201
v 0.0006599 -0.0065049 -0.0029436 0.039216 0.039216 0.039216
vn -0.3197438 0.0001449 0.9475040
v 0.0009658 0.0064953 -0.0028609 0.039216 0.039216 0.039216
vn -0.1085830 0.0002742 0.9940873
v 0.0003394 -0.0065051 -0.0029963 0.039216 0.039216 0.039216
vn -0.2154263 0.0002108 0.9765201
v 0.0006529 0.0064951 -0.0029479 0.039216 0.039216 0.039216
vn -0.0004668 0.0003343 0.9999998
v 0.0000150 -0.0065053 -0.0030140 0.039216 0.039216 0.039216
vn -0.1085830 0.0002742 0.9940873
v 0.0003324 0.0064949 -0.0030006 0.039216 0.039216 0.039216
vn -0.0004668 0.0003343 0.9999998
v 0.0000080 0.0064947 -0.0030184 0.039216 0.039216 0.039216
vn 0.1076550 0.0003906 0.9941882
v -0.0003094 -0.0065055 -0.0029966 0.039216 0.039216 0.039216
vn -0.0004668 0.0003343 0.9999998
v 0.0000150 -0.0065053 -0.0030140 0.039216 0.039216 0.039216
vn -0.0004668 0.0003343 0.9999998
v 0.0000080 0.0064947 -0.0030184 0.039216 0.039216 0.039216
vn 0.2145146 0.0004423 0.9767207
v -0.0006299 -0.0065056 -0.0029442 0.039216 0.039216 0.039216
vn 0.1076550 0.0003906 0.9941882
v -0.0003164 0.0064945 -0.0030009 0.039216 0.039216 0.039216
vn 0.3188591 0.0004888 0.9478020
v -0.0009430 -0.0065058 -0.0028574 0.039216 0.039216 0.039216
vn 0.2145146 0.0004423 0.9767207
v -0.0006369 0.0064944 -0.0029485 0.039216 0.039216 0.039216
vn 0.4194654 0.0005295 0.9077712
v -0.0012448 -0.0065059 -0.0027373 0.039216 0.039216 0.039216
vn 0.3188591 0.0004888 0.9478020
v -0.0009500 0.0064942 -0.0028618 0.039216 0.039216 0.039216
vn 0.5151538 0.0005641 0.8570976
v -0.0015319 -0.0065060 -0.0025853 0.039216 0.039216 0.039216
vn 0.4194654 0.0005295 0.9077712
v -0.0012518 0.0064941 -0.0027417 0.039216 0.039216 0.039216
vn 0.6048025 0.0005920 0.7963753
v -0.0018008 -0.0065061 -0.0024031 0.039216 0.039216 0.039216
vn 0.5151538 0.0005641 0.8570976
v -0.0015388 0.0064940 -0.0025896 0.039216 0.039216 0.039216
vn 0.6873604 0.0006130 0.7263162
v -0.0020485 -0.0065061 -0.0021930 0.039216 0.039216 0.039216
vn 0.6048025 0.0005920 0.7963753
v -0.0018078 0.0064939 -0.0024075 0.039216 0.039216 0.039216
vn 0.7618597 0.0006268 0.6477418
v -0.0022720 -0.0065062 -0.0019572 0.039216 0.039216 0.039216
vn 0.6873604 0.0006130 0.7263162
v -0.0020555 0.0064938 -0.0021973 0.039216 0.039216 0.039216
vn 0.8274269 0.0006333 0.5615731
v -0.0024687 -0.0065062 -0.0016987 0.039216 0.039216 0.039216
vn 0.7618597 0.0006268 0.6477418
v -0.0022790 0.0064938 -0.0019616 0.039216 0.039216 0.039216
vn 0.8832932 0.0006323 0.4688206
v -0.0026363 -0.0065062 -0.0014205 0.039216 0.039216 0.039216
vn 0.8274269 0.0006333 0.5615731
v -0.0024757 0.0064938 -0.0017031 0.039216 0.039216 0.039216
vn 0.9288037 0.0006240 0.3705715
v -0.0027728 -0.0065062 -0.0011257 0.039216 0.039216 0.039216
vn 0.8832932 0.0006323 0.4688206
v -0.0026433 0.0064938 -0.0014248 0.039216 0.039216 0.039216
vn 0.9634249 0.0006083 0.2679778
v -0.0028767 -0.0065061 -0.0008179 0.039216 0.039216 0.039216
vn 0.9288037 0.0006240 0.3705715
v -0.0027798 0.0064938 -0.0011301 0.039216 0.039216 0.039216
vn 0.9867508 0.0005854 0.1622424
v -0.0029466 -0.0065061 -0.0005007 0.039216 0.039216 0.039216
vn 0.9634249 0.0006083 0.2679778
v -0.0028837 0.0064939 -0.0008223 0.039216 0.039216 0.039216
vn 0.9985079 0.0005558 0.0546048
v -0.0029819 -0.0065060 -0.0001778 0.039216 0.039216 0.039216
vn 0.9867508 0.0005854 0.1622424
v -0.0029536 0.0064939 -0.0005051 0.039216 0.039216 0.039216
vn 0.9985585 0.0005196 -0.0536730
v -0.0029821 -0.0065059 0.0001470 0.039216 0.039216 0.039216
vn 0.9985079 0.0005558 0.0546048
v -0.0029889 0.0064940 -0.0001822 0.039216 0.039216 0.039216
vn 0.9869018 0.0004773 -0.1613216
v -0.0029471 -0.0065057 0.0004700 0.039216 0.039216 0.039216
vn 0.9985585 0.0005196 -0.0536730
v -0.0029891 0.0064941 0.0001427 0.039216 0.039216 0.039216
vn 0.9636747 0.0004294 -0.2670788
v -0.0028774 -0.0065056 0.0007872 0.039216 0.039216 0.039216
vn 0.9869018 0.0004773 -0.1613216
v -0.0029541 0.0064943 0.0004656 0.039216 0.039216 0.039216
vn 0.9291493 0.0003765 -0.3697047
v -0.0027738 -0.0065054 0.0010951 0.039216 0.039216 0.039216
vn 0.9636747 0.0004294 -0.2670788
v -0.0028844 0.0064944 0.0007829 0.039216 0.039216 0.039216
vn 0.8837305 0.0003191 -0.4679962
v -0.0026376 -0.0065053 0.0013900 0.039216 0.039216 0.039216
vn 0.9291493 0.0003765 -0.3697047
v -0.0027808 0.0064946 0.0010908 0.039216 0.039216 0.039216
vn 0.8279508 0.0002580 -0.5608008
v -0.0024702 -0.0065051 0.0016684 0.039216 0.039216 0.039216
vn 0.8837305 0.0003191 -0.4679962
v -0.0026446 0.0064947 0.0013856 0.039216 0.039216 0.039216
vn 0.7624640 0.0001939 -0.6470306
v -0.0022738 -0.0065049 0.0019271 0.039216 0.039216 0.039216
vn 0.8279508 0.0002580 -0.5608008
v -0.0024772 0.0064949 0.0016640 0.039216 0.039216 0.039216
vn 0.6880382 0.0001276 -0.7256745
v -0.0020505 -0.0065047 0.0021630 0.039216 0.039216 0.039216
vn 0.7624640 0.0001939 -0.6470306
v -0.0022808 0.0064951 0.0019227 0.039216 0.039216 0.039216
vn 0.6055458 0.0000597 -0.7958106
v -0.0018030 -0.0065045 0.0023734 0.039216 0.039216 0.039216
vn 0.6880382 0.0001276 -0.7256745
v -0.0020575 0.0064953 0.0021587 0.039216 0.039216 0.039216
vn 0.5159537 -0.0000089 -0.8566165
v -0.0015342 -0.0065043 0.0025558 0.039216 0.039216 0.039216
vn 0.6055458 0.0000597 -0.7958106
v -0.0018100 0.0064955 0.0023691 0.039216 0.039216 0.039216
vn 0.4203126 -0.0000773 -0.9073793
v -0.0012473 -0.0065041 0.0027081 0.039216 0.039216 0.039216
vn 0.5159537 -0.0000089 -0.8566165
v -0.0015412 0.0064957 0.0025515 0.039216 0.039216 0.039216
vn 0.3197438 -0.0001449 -0.9475040
v -0.0009456 -0.0065039 0.0028285 0.039216 0.039216 0.039216
vn 0.4203126 -0.0000773 -0.9073793
v -0.0012543 0.0064959 0.0027038 0.039216 0.039216 0.039216
vn 0.2154263 -0.0002108 -0.9765201
v -0.0006327 -0.0065037 0.0029156 0.039216 0.039216 0.039216
vn 0.3197438 -0.0001449 -0.9475040
v -0.0009526 0.0064961 0.0028242 0.039216 0.039216 0.039216
vn 0.1085830 -0.0002742 -0.9940873
v -0.0003121 -0.0065035 0.0029683 0.039216 0.039216 0.039216
vn 0.2154263 -0.0002108 -0.9765201
v -0.0006397 0.0064963 0.0029112 0.039216 0.039216 0.039216
vn 0.0004668 -0.0003343 -0.9999998
v 0.0000122 -0.0065033 0.0029860 0.039216 0.039216 0.039216
vn 0.1085830 -0.0002742 -0.9940873
v -0.0003191 0.0064965 0.0029639 0.039216 0.039216 0.039216
vn 0.0004668 -0.0003343 -0.9999998
v 0.0000052 0.0064967 0.0029816 0.039216 0.039216 0.039216
vn 0.0000506 -0.7068702 0.7073433
v 0.0000155 -0.0070055 -0.0035138 0.039216 0.039216 0.039216
vn -0.0763992 -0.7069128 0.7031626
v 0.0003939 -0.0070053 -0.0034931 0.039216 0.039216 0.039216
vn -0.0763992 -0.7069128 0.7031626
v 0.0003394 -0.0065051 -0.0029963 0.039216 0.039216 0.039216
vn -0.1519488 -0.7069576 0.6907406
v 0.0007679 -0.0070050 -0.0034317 0.039216 0.039216 0.039216
vn -0.1519488 -0.7069576 0.6907406
v 0.0006599 -0.0065049 -0.0029436 0.039216 0.039216 0.039216
vn -0.2257124 -0.7070042 0.6702231
v 0.0011330 -0.0070048 -0.0033301 0.039216 0.039216 0.039216
vn -0.2257124 -0.7070042 0.6702231
v 0.0009728 -0.0065047 -0.0028565 0.039216 0.039216 0.039216
vn -0.2968253 -0.7070519 0.6418508
v 0.0014850 -0.0070046 -0.0031897 0.039216 0.039216 0.039216
vn -0.2968253 -0.7070519 0.6418508
v 0.0012745 -0.0065045 -0.0027361 0.039216 0.039216 0.039216
vn -0.3644538 -0.7071003 0.6059559
v 0.0018197 -0.0070043 -0.0030120 0.039216 0.039216 0.039216
vn -0.3644538 -0.7071003 0.6059559
v 0.0015615 -0.0065043 -0.0025839 0.039216 0.039216 0.039216
vn -0.4278049 -0.7071488 0.5629596
v 0.0021333 -0.0070041 -0.0027992 0.039216 0.039216 0.039216
vn -0.4278049 -0.7071488 0.5629596
v 0.0018303 -0.0065041 -0.0024014 0.039216 0.039216 0.039216
vn -0.4861359 -0.7071968 0.5133660
v 0.0024220 -0.0070039 -0.0025537 0.039216 0.039216 0.039216
vn -0.4861359 -0.7071968 0.5133660
v 0.0020777 -0.0065039 -0.0021910 0.039216 0.039216 0.039216
vn -0.5387629 -0.7072437 0.4577563
v 0.0026825 -0.0070036 -0.0022784 0.039216 0.039216 0.039216
vn -0.5387629 -0.7072437 0.4577563
v 0.0023010 -0.0065037 -0.0019551 0.039216 0.039216 0.039216
vn -0.5850690 -0.7072890 0.3967827
v 0.0029117 -0.0070034 -0.0019766 0.039216 0.039216 0.039216
vn -0.5850690 -0.7072890 0.3967827
v 0.0024975 -0.0065035 -0.0016964 0.039216 0.039216 0.039216
vn -0.6245112 -0.7073323 0.3311599
v 0.0031069 -0.0070032 -0.0016518 0.039216 0.039216 0.039216
vn -0.6245112 -0.7073323 0.3311599
v 0.0026648 -0.0065033 -0.0014180 0.039216 0.039216 0.039216
vn -0.6566271 -0.7073728 0.2616573
v 0.0032659 -0.0070030 -0.0013078 0.039216 0.039216 0.039216
vn -0.6566271 -0.7073728 0.2616573
v 0.0028011 -0.0065032 -0.0011231 0.039216 0.039216 0.039216
vn -0.6810403 -0.7074102 0.1890898
v 0.0033867 -0.0070028 -0.0009486 0.039216 0.039216 0.039216
vn -0.6810403 -0.7074102 0.1890898
v 0.0029046 -0.0065030 -0.0008152 0.039216 0.039216 0.039216
vn -0.6974644 -0.7074441 0.1143082
v 0.0034680 -0.0070026 -0.0005785 0.039216 0.039216 0.039216
vn -0.6974644 -0.7074441 0.1143082
v 0.0029743 -0.0065029 -0.0004980 0.039216 0.039216 0.039216
vn -0.7057068 -0.7074740 0.0381892
v 0.0035088 -0.0070025 -0.0002017 0.039216 0.039216 0.039216
vn -0.7057068 -0.7074740 0.0381892
v 0.0030093 -0.0065027 -0.0001750 0.039216 0.039216 0.039216
vn -0.7056711 -0.7074996 -0.0383748
v 0.0035087 -0.0070024 0.0001773 0.039216 0.039216 0.039216
vn -0.7056711 -0.7074996 -0.0383748
v 0.0030091 -0.0065026 0.0001498 0.039216 0.039216 0.039216
vn -0.6973576 -0.7075206 -0.1144861
v 0.0034675 -0.0070023 0.0005540 0.039216 0.039216 0.039216
vn -0.6973576 -0.7075206 -0.1144861
v 0.0029739 -0.0065026 0.0004727 0.039216 0.039216 0.039216
vn -0.6808637 -0.7075367 -0.1892523
v 0.0033859 -0.0070022 0.0009241 0.039216 0.039216 0.039216
vn -0.6808637 -0.7075367 -0.1892523
v 0.0029039 -0.0065025 0.0007899 0.039216 0.039216 0.039216
vn -0.6563829 -0.7075479 -0.2617970
v 0.0032647 -0.0070021 0.0012832 0.039216 0.039216 0.039216
vn -0.6563829 -0.7075479 -0.2617970
v 0.0028000 -0.0065024 0.0010977 0.039216 0.039216 0.039216
vn -0.6242020 -0.7075537 -0.3312696
v 0.0031054 -0.0070021 0.0016270 0.039216 0.039216 0.039216
vn -0.6242020 -0.7075537 -0.3312696
v 0.0026635 -0.0065024 0.0013925 0.039216 0.039216 0.039216
vn -0.5846986 -0.7075544 -0.3968556
v 0.0029099 -0.0070021 0.0019517 0.039216 0.039216 0.039216
vn -0.5846986 -0.7075544 -0.3968556
v 0.0024959 -0.0065024 0.0016707 0.039216 0.039216 0.039216
vn -0.5383356 -0.7075499 -0.4577860
v 0.0026804 -0.0070021 0.0022533 0.039216 0.039216 0.039216
vn -0.5383356 -0.7075499 -0.4577860
v 0.0022992 -0.0065024 0.0019292 0.039216 0.039216 0.039216
vn -0.4856566 -0.7075401 -0.5133465
v 0.0024196 -0.0070022 0.0025283 0.039216 0.039216 0.039216
vn -0.4856566 -0.7075401 -0.5133465
v 0.0020757 -0.0065025 0.0021649 0.039216 0.039216 0.039216
vn -0.4272794 -0.7075253 -0.5628857
v 0.0021307 -0.0070022 0.0027735 0.039216 0.039216 0.039216
vn -0.4272794 -0.7075253 -0.5628857
v 0.0018280 -0.0065025 0.0023751 0.039216 0.039216 0.039216
vn -0.3638881 -0.7075055 -0.6058229
v 0.0018169 -0.0070023 0.0029860 0.039216 0.039216 0.039216
vn -0.3638881 -0.7075055 -0.6058229
v 0.0015591 -0.0065026 0.0025573 0.039216 0.039216 0.039216
vn -0.2962263 -0.7074811 -0.6416546
v 0.0014820 -0.0070025 0.0031634 0.039216 0.039216 0.039216
vn -0.2962263 -0.7074811 -0.6416546
v 0.0012720 -0.0065027 0.0027093 0.039216 0.039216 0.039216
vn -0.2250868 -0.7074523 -0.6699606
v 0.0011299 -0.0070026 0.0033035 0.039216 0.039216 0.039216
vn -0.2250868 -0.7074523 -0.6699606
v 0.0009702 -0.0065028 0.0028294 0.039216 0.039216 0.039216
vn -0.1513041 -0.7074194 -0.6904092
v 0.0007647 -0.0070028 0.0034047 0.039216 0.039216 0.039216
vn -0.1513041 -0.7074194 -0.6904092
v 0.0006572 -0.0065030 0.0029162 0.039216 0.039216 0.039216
vn -0.0757430 -0.7073829 -0.7027607
v 0.0003907 -0.0070029 0.0034658 0.039216 0.039216 0.039216
vn -0.0757430 -0.7073829 -0.7027607
v 0.0003366 -0.0065031 0.0029686 0.039216 0.039216 0.039216
vn 0.0007107 -0.7073430 -0.7068701
v 0.0000122 -0.0070031 0.0034862 0.039216 0.039216 0.039216
vn 0.0007107 -0.7073430 -0.7068701
v 0.0000122 -0.0065033 0.0029860 0.039216 0.039216 0.039216
vn 0.0000506 -0.7068702 0.7073433
v 0.0000150 -0.0065053 -0.0030140 0.039216 0.039216 0.039216
vn 0.0007107 -0.7073430 -0.7068701
v 0.0000122 -0.0070031 0.0034862 0.039216 0.039216 0.039216
vn 0.0771604 -0.7073005 -0.7026893
v -0.0003662 -0.0070033 0.0034655 0.039216 0.039216 0.039216
vn 0.0771604 -0.7073005 -0.7026893
v -0.0003121 -0.0065035 0.0029683 0.039216 0.039216 0.039216
vn 0.1527100 -0.7072558 -0.6902674
v -0.0007401 -0.0070036 0.0034040 0.039216 0.039216 0.039216
vn 0.1527100 -0.7072558 -0.6902674
v -0.0006327 -0.0065037 0.0029156 0.039216 0.039216 0.039216
vn 0.2264736 -0.7072092 -0.6697500
v -0.0011052 -0.0070038 0.0033024 0.039216 0.039216 0.039216
vn 0.2264736 -0.7072092 -0.6697500
v -0.0009456 -0.0065039 0.0028285 0.039216 0.039216 0.039216
vn 0.2975866 -0.7071614 -0.6413775
v -0.0014572 -0.0070040 0.0031620 0.039216 0.039216 0.039216
vn 0.2975866 -0.7071614 -0.6413775
v -0.0012473 -0.0065041 0.0027081 0.039216 0.039216 0.039216
vn 0.3652150 -0.7071130 -0.6054828
v -0.0017920 -0.0070043 0.0029843 0.039216 0.039216 0.039216
vn 0.3652150 -0.7071130 -0.6054828
v -0.0015342 -0.0065043 0.0025558 0.039216 0.039216 0.039216
vn 0.4285661 -0.7070645 -0.5624865
v -0.0021055 -0.0070045 0.0027715 0.039216 0.039216 0.039216
vn 0.4285661 -0.7070645 -0.5624865
v -0.0018030 -0.0065045 0.0023734 0.039216 0.039216 0.039216
vn 0.4868971 -0.7070165 -0.5128928
v -0.0023943 -0.0070048 0.0025260 0.039216 0.039216 0.039216
vn 0.4868971 -0.7070165 -0.5128928
v -0.0020505 -0.0065047 0.0021630 0.039216 0.039216 0.039216
vn 0.5395241 -0.7069695 -0.4572831
v -0.0026547 -0.0070050 0.0022508 0.039216 0.039216 0.039216
vn 0.5395241 -0.7069695 -0.4572831
v -0.0022738 -0.0065049 0.0019271 0.039216 0.039216 0.039216
vn 0.5858303 -0.7069242 -0.3963095
v -0.0028839 -0.0070052 0.0019490 0.039216 0.039216 0.039216
vn 0.5858303 -0.7069242 -0.3963095
v -0.0024702 -0.0065051 0.0016684 0.039216 0.039216 0.039216
vn 0.6252725 -0.7068810 -0.3306866
v -0.0030792 -0.0070054 0.0016242 0.039216 0.039216 0.039216
vn 0.6252725 -0.7068810 -0.3306866
v -0.0026376 -0.0065053 0.0013900 0.039216 0.039216 0.039216
vn 0.6573884 -0.7068405 -0.2611841
v -0.0032381 -0.0070056 0.0012801 0.039216 0.039216 0.039216
vn 0.6573884 -0.7068405 -0.2611841
v -0.0027738 -0.0065054 0.0010951 0.039216 0.039216 0.039216
vn 0.6818015 -0.7068031 -0.1886166
v -0.0033590 -0.0070058 0.0009209 0.039216 0.039216 0.039216
vn 0.6818015 -0.7068031 -0.1886166
v -0.0028774 -0.0065056 0.0007872 0.039216 0.039216 0.039216
vn 0.6982256 -0.7067692 -0.1138349
v -0.0034403 -0.0070060 0.0005508 0.039216 0.039216 0.039216
vn 0.6982256 -0.7067692 -0.1138349
v -0.0029471 -0.0065057 0.0004700 0.039216 0.039216 0.039216
vn 0.7064681 -0.7067392 -0.0377159
v -0.0034811 -0.0070061 0.0001740 0.039216 0.039216 0.039216
vn 0.7064681 -0.7067392 -0.0377159
v -0.0029821 -0.0065059 0.0001470 0.039216 0.039216 0.039216
vn 0.7064323 -0.7067136 0.0388480
v -0.0034809 -0.0070063 -0.0002050 0.039216 0.039216 0.039216
vn 0.7064323 -0.7067136 0.0388480
v -0.0029819 -0.0065060 -0.0001778 0.039216 0.039216 0.039216
vn 0.6981188 -0.7066927 0.1149593
v -0.0034397 -0.0070064 -0.0005817 0.039216 0.039216 0.039216
vn 0.6981188 -0.7066927 0.1149593
v -0.0029466 -0.0065061 -0.0005007 0.039216 0.039216 0.039216
vn 0.6816249 -0.7066765 0.1897256
v -0.0033581 -0.0070064 -0.0009518 0.039216 0.039216 0.039216
vn 0.6816249 -0.7066765 0.1897256
v -0.0028767 -0.0065061 -0.0008179 0.039216 0.039216 0.039216
vn 0.6571440 -0.7066655 0.2622702
v -0.0032369 -0.0070065 -0.0013108 0.039216 0.039216 0.039216
vn 0.6571440 -0.7066655 0.2622702
v -0.0027728 -0.0065062 -0.0011257 0.039216 0.039216 0.039216
vn 0.6249633 -0.7066595 0.3317428
v -0.0030776 -0.0070065 -0.0016547 0.039216 0.039216 0.039216
vn 0.6249633 -0.7066595 0.3317428
v -0.0026363 -0.0065062 -0.0014205 0.039216 0.039216 0.039216
vn 0.5854598 -0.7066588 0.3973288
v -0.0028821 -0.0070065 -0.0019793 0.039216 0.039216 0.039216
vn 0.5854598 -0.7066588 0.3973288
v -0.0024687 -0.0065062 -0.0016987 0.039216 0.039216 0.039216
vn 0.5390968 -0.7066634 0.4582592
v -0.0026526 -0.0070065 -0.0022809 0.039216 0.039216 0.039216
vn 0.5390968 -0.7066634 0.4582592
v -0.0022720 -0.0065062 -0.0019572 0.039216 0.039216 0.039216
vn 0.4864179 -0.7066731 0.5138198
v -0.0023919 -0.0070065 -0.0025559 0.039216 0.039216 0.039216
vn 0.4864179 -0.7066731 0.5138198
v -0.0020485 -0.0065061 -0.0021930 0.039216 0.039216 0.039216
vn 0.4280406 -0.7066880 0.5633590
v -0.0021029 -0.0070064 -0.0028012 0.039216 0.039216 0.039216
vn 0.4280406 -0.7066880 0.5633590
v -0.0018008 -0.0065061 -0.0024031 0.039216 0.039216 0.039216
vn 0.3646494 -0.7067078 0.6062961
v -0.0017892 -0.0070063 -0.0030137 0.039216 0.039216 0.039216
vn 0.3646494 -0.7067078 0.6062961
v -0.0015319 -0.0065060 -0.0025853 0.039216 0.039216 0.039216
vn 0.2969874 -0.7067322 0.6421278
v -0.0014542 -0.0070062 -0.0031910 0.039216 0.039216 0.039216
vn 0.2969874 -0.7067322 0.6421278
v -0.0012448 -0.0065059 -0.0027373 0.039216 0.039216 0.039216
vn 0.2258481 -0.7067610 0.6704338
v -0.0011021 -0.0070060 -0.0033311 0.039216 0.039216 0.039216
vn 0.2258481 -0.7067610 0.6704338
v -0.0009430 -0.0065058 -0.0028574 0.039216 0.039216 0.039216
vn 0.1520653 -0.7067939 0.6908824
v -0.0007369 -0.0070059 -0.0034324 0.039216 0.039216 0.039216
vn 0.1520653 -0.7067939 0.6908824
v -0.0006299 -0.0065056 -0.0029442 0.039216 0.039216 0.039216
vn 0.0765042 -0.7068304 0.7032338
v -0.0003629 -0.0070057 -0.0034935 0.039216 0.039216 0.039216
vn 0.0765042 -0.7068304 0.7032338
v -0.0003094 -0.0065055 -0.0029966 0.039216 0.039216 0.039216
vn 0.0000506 -0.7068702 0.7073433
v 0.0000155 -0.0070055 -0.0035138 0.039216 0.039216 0.039216
vn 0.0000506 -0.7068702 0.7073433
v 0.0000150 -0.0065053 -0.0030140 0.039216 0.039216 0.039216
vn 0.0007107 -0.7073430 -0.7068701
v 0.0000122 -0.0065033 0.0029860 0.039216 0.039216 0.039216
vn -0.0005383 0.9999998 -0.0003346
v -0.0023943 -0.0070048 0.0025260 0.039216 0.039216 0.039216
vn -0.0005383 0.9999998 -0.0003346
v 0.0011299 -0.0070026 0.0033035 0.039216 0.039216 0.039216
vn -0.0005383 0.9999998 -0.0003346
v 0.0014820 -0.0070025 0.0031634 0.039216 0.039216 0.039216
vn -0.0005383 0.9999998 -0.0003346
v -0.0011052 -0.0070038 0.0033024 0.039216 0.039216 0.039216
vn -0.0005383 0.9999998 -0.0003346
v -0.0007401 -0.0070036 0.0034040 0.039216 0.039216 0.039216
vn -0.0005383 0.9999998 -0.0003346
v -0.0003662 -0.0070033 0.0034655 0.039216 0.039216 0.039216
vn -0.0005383 0.9999998 -0.0003346
v 0.0000122 -0.0070031 0.0034862 0.039216 0.039216 0.039216
vn -0.0005383 0.9999998 -0.0003346
v -0.0017920 -0.0070043 0.0029843 0.039216 0.039216 0.039216
vn -0.0005383 0.9999998 -0.0003346
v -0.0014572 -0.0070040 0.0031620 0.039216 0.039216 0.039216
vn -0.0005383 0.9999998 -0.0003346
v 0.0007679 -0.0070050 -0.0034317 0.039216 0.039216 0.039216
vn -0.0005383 0.9999998 -0.0003346
v -0.0028821 -0.0070065 -0.0019793 0.039216 0.039216 0.039216
vn -0.0005383 0.9999998 -0.0003346
v -0.0030776 -0.0070065 -0.0016547 0.039216 0.039216 0.039216
vn -0.0005383 0.9999998 -0.0003346
v -0.0023919 -0.0070065 -0.0025559 0.039216 0.039216 0.039216
vn -0.0005383 0.9999998 -0.0003346
v -0.0026526 -0.0070065 -0.0022809 0.039216 0.039216 0.039216
vn -0.0005383 0.9999998 -0.0003346
v -0.0017892 -0.0070063 -0.0030137 0.039216 0.039216 0.039216
vn -0.0005383 0.9999998 -0.0003346
v -0.0003629 -0.0070057 -0.0034935 0.039216 0.039216 0.039216
vn -0.0005383 0.9999998 -0.0003346
v -0.0007369 -0.0070059 -0.0034324 0.039216 0.039216 0.039216
vn -0.0005383 0.9999998 -0.0003346
v 0.0003939 -0.0070053 -0.0034931 0.039216 0.039216 0.039216
vn -0.0005383 0.9999998 -0.0003346
v 0.0029099 -0.0070021 0.0019517 0.039216 0.039216 0.039216
vn -0.0005383 0.9999998 -0.0003346
v 0.0031054 -0.0070021 0.0016270 0.039216 0.039216 0.039216
vn -0.0005383 0.9999998 -0.0003346
v 0.0018169 -0.0070023 0.0029860 0.039216 0.039216 0.039216
vn -0.0005383 0.9999998 -0.0003346
v 0.0021307 -0.0070022 0.0027735 0.039216 0.039216 0.039216
vn -0.0005383 0.9999998 -0.0003346
v 0.0007647 -0.0070028 0.0034047 0.039216 0.039216 0.039216
vn -0.0005383 0.9999998 -0.0003346
v 0.0003907 -0.0070029 0.0034658 0.039216 0.039216 0.039216
vn -0.0005383 0.9999998 -0.0003346
v -0.0021055 -0.0070045 0.0027715 0.039216 0.039216 0.039216
vn -0.0005383 0.9999998 -0.0003346
v -0.0021029 -0.0070064 -0.0028012 0.039216 0.039216 0.039216
vn -0.0005383 0.9999998 -0.0003346
v -0.0011021 -0.0070060 -0.0033311 0.039216 0.039216 0.039216
vn -0.0005383 0.9999998 -0.0003346
v 0.0000155 -0.0070055 -0.0035138 0.039216 0.039216 0.039216
vn -0.0005383 0.9999998 -0.0003346
v -0.0032369 -0.0070065 -0.0013108 0.039216 0.039216 0.039216
vn -0.0005383 0.9999998 -0.0003346
v 0.0014850 -0.0070046 -0.0031897 0.039216 0.039216 0.039216
vn -0.0005383 0.9999998 -0.0003346
v 0.0011330 -0.0070048 -0.0033301 0.039216 0.039216 0.039216
vn -0.0005383 0.9999998 -0.0003346
v 0.0033867 -0.0070028 -0.0009486 0.039216 0.039216 0.039216
vn -0.0005383 0.9999998 -0.0003346
v 0.0032659 -0.0070030 -0.0013078 0.039216 0.039216 0.039216
vn -0.0005383 0.9999998 -0.0003346
v 0.0026804 -0.0070021 0.0022533 0.039216 0.039216 0.039216
vn -0.0005383 0.9999998 -0.0003346
v 0.0024196 -0.0070022 0.0025283 0.039216 0.039216 0.039216
vn -0.0005383 0.9999998 -0.0003346
v 0.0024220 -0.0070039 -0.0025537 0.039216 0.039216 0.039216
vn -0.0005383 0.9999998 -0.0003346
v -0.0033590 -0.0070058 0.0009209 0.039216 0.039216 0.039216
vn -0.0005383 0.9999998 -0.0003346
v -0.0032381 -0.0070056 0.0012801 0.039216 0.039216 0.039216
vn -0.0005383 0.9999998 -0.0003346
v -0.0034811 -0.0070061 0.0001740 0.039216 0.039216 0.039216
vn -0.0005383 0.9999998 -0.0003346
v -0.0034403 -0.0070060 0.0005508 0.039216 0.039216 0.039216
vn -0.0005383 0.9999998 -0.0003346
v 0.0018197 -0.0070043 -0.0030120 0.039216 0.039216 0.039216
vn -0.0005383 0.9999998 -0.0003346
v 0.0021333 -0.0070041 -0.0027992 0.039216 0.039216 0.039216
vn -0.0005383 0.9999998 -0.0003346
v 0.0029117 -0.0070034 -0.0019766 0.039216 0.039216 0.039216
vn -0.0005383 0.9999998 -0.0003346
v 0.0026825 -0.0070036 -0.0022784 0.039216 0.039216 0.039216
vn -0.0005383 0.9999998 -0.0003346
v 0.0031069 -0.0070032 -0.0016518 0.039216 0.039216 0.039216
vn -0.0005383 0.9999998 -0.0003346
v 0.0035088 -0.0070025 -0.0002017 0.039216 0.039216 0.039216
vn -0.0005383 0.9999998 -0.0003346
v 0.0034680 -0.0070026 -0.0005785 0.039216 0.039216 0.039216
vn -0.0005383 0.9999998 -0.0003346
v 0.0033859 -0.0070022 0.0009241 0.039216 0.039216 0.039216
vn -0.0005383 0.9999998 -0.0003346
v 0.0034675 -0.0070023 0.0005540 0.039216 0.039216 0.039216
vn -0.0005383 0.9999998 -0.0003346
v -0.0030792 -0.0070054 0.0016242 0.039216 0.039216 0.039216
vn -0.0005383 0.9999998 -0.0003346
v -0.0034809 -0.0070063 -0.0002050 0.039216 0.039216 0.039216
vn -0.0005383 0.9999998 -0.0003346
v -0.0033581 -0.0070064 -0.0009518 0.039216 0.039216 0.039216
vn -0.0005383 0.9999998 -0.0003346
v -0.0034397 -0.0070064 -0.0005817 0.039216 0.039216 0.039216
vn -0.0005383 0.9999998 -0.0003346
v -0.0014542 -0.0070062 -0.0031910 0.039216 0.039216 0.039216
vn -0.0005383 0.9999998 -0.0003346
v 0.0035087 -0.0070024 0.0001773 0.039216 0.039216 0.039216
vn -0.0005383 0.9999998 -0.0003346
v 0.0032647 -0.0070021 0.0012832 0.039216 0.039216 0.039216
vn -0.0005383 0.9999998 -0.0003346
v -0.0028839 -0.0070052 0.0019490 0.039216 0.039216 0.039216
vn -0.0005383 0.9999998 -0.0003346
v -0.0026547 -0.0070050 0.0022508 0.039216 0.039216 0.039216
# 3862 vertices, 0 vertices normals


usemtl material_0
vt 0.5808910 0.0058621
vt 0.8980466 0.1969685
vt 0.8629978 0.1556453
f 1/1/1 2/2/2 3/3/3
vt 0.6850691 0.9651706
vt 0.7342042 0.9424049
vt 0.7805935 0.9144523
f 4/4/4 5/5/5 6/6/6
vt 0.7342042 0.0575951
vt 0.6850691 0.0348294
vt 0.6337641 0.0175174
f 7/7/7 8/8/8 9/9/9
vt 0.9284286 0.2418445
f 1/1/1 10/10/10 2/2/2
vt 0.8236932 0.8816407
vt 0.6337641 0.9824826
f 11/11/11 12/12/12 4/4/4
vt 1.0000000 0.5000000
vt 0.1370023 0.1556453
vt 0.1019535 0.1969685
f 13/13/13 14/14/14 15/15/15
vt 0.2657958 0.0575951
vt 0.2194065 0.0855477
f 13/13/13 16/16/16 17/17/17
vt 0.7805935 0.0855477
f 1/1/1 18/18/18 7/7/7
vt 0.8236932 0.1183593
f 3/3/3 19/19/19 1/1/1
vt 0.4729306 0.0000000
vt 0.9883103 0.3923569
vt 0.9738266 0.3401148
f 20/20/20 21/21/21 22/22/22
vt 0.8629978 0.8443547
vt 0.8980466 0.8030316
f 12/12/12 23/23/23 24/24/24
f 6/6/6 11/11/11 4/4/4
vt 0.1763069 0.1183593
f 13/13/13 25/25/25 14/14/14
vt 0.3149309 0.0348294
f 13/13/13 26/26/26 16/16/16
vt 0.4191090 0.0058621
f 13/13/13 20/20/20 27/27/27
vt 0.5270694 0.0000000
f 10/10/10 1/1/1 28/28/28
f 19/19/19 18/18/18 1/1/1
vt 0.9537877 0.2897471
f 22/22/22 29/29/29 20/20/20
vt 0.9970690 0.4458611
f 20/20/20 13/13/13 30/30/30
f 11/11/11 23/23/23 12/12/12
vt 0.9284286 0.7581555
vt 0.3662358 0.9824826
vt 0.4191090 0.9941379
f 31/31/31 32/32/32 33/33/33
f 17/17/17 25/25/25 13/13/13
vt 0.3662358 0.0175174
f 27/27/27 34/34/34 13/13/13
f 9/9/9 1/1/1 7/7/7
f 30/30/30 21/21/21 20/20/20
vt 0.2194065 0.9144523
vt 0.9537877 0.7102529
vt 0.9738266 0.6598853
f 35/35/35 36/36/36 37/37/37
vt 0.5808910 0.9941379
f 31/31/31 38/38/38 12/12/12
vt 0.4729306 1.0000000
vt 0.5270694 1.0000000
f 31/31/31 39/39/39 40/40/40
vt 0.3149309 0.9651706
f 31/31/31 41/41/41 32/32/32
vt 0.2657958 0.9424049
f 31/31/31 35/35/35 42/42/42
vt 0.1370023 0.8443547
vt 0.1763069 0.8816407
f 13/13/13 43/43/43 44/44/44
vt 0.0715714 0.7581555
vt 0.1019535 0.8030316
f 13/13/13 45/45/45 46/46/46
vt 0.0116897 0.6076431
vt 0.0261734 0.6598853
f 13/13/13 47/47/47 48/48/48
vt 0.0261734 0.3401148
vt 0.0116897 0.3923569
f 13/13/13 49/49/49 50/50/50
vt 0.0715714 0.2418445
vt 0.0462123 0.2897471
f 13/13/13 51/51/51 52/52/52
f 34/34/34 26/26/26 13/13/13
f 29/29/29 10/10/10 20/20/20
vt 0.9883103 0.6076431
vt 0.9970690 0.5541389
f 35/35/35 53/53/53 54/54/54
f 35/35/35 31/31/31 36/36/36
f 40/40/40 38/38/38 31/31/31
f 42/42/42 41/41/41 31/31/31
f 46/46/46 43/43/43 13/13/13
vt 0.0462123 0.7102529
f 48/48/48 55/55/55 13/13/13
f 52/52/52 49/49/49 13/13/13
f 28/28/28 20/20/20 10/10/10
f 37/37/37 53/53/53 35/35/35
f 33/33/33 39/39/39 31/31/31
f 55/55/55 45/45/45 13/13/13
vt 0.0000000 0.5000000
vt 0.0029310 0.5541389
f 13/13/13 56/56/56 57/57/57
f 15/15/15 51/51/51 13/13/13
f 24/24/24 31/31/31 12/12/12
f 57/57/57 47/47/47 13/13/13
vt 0.0029310 0.4458611
f 50/50/50 58/58/58 13/13/13
f 44/44/44 35/35/35 13/13/13
f 54/54/54 13/13/13 35/35/35
f 58/58/58 56/56/56 13/13/13
vt 0.0000000 0.0000000
vt 0.0000000 1.0000000
vt 0.0344828 1.0000000
f 59/59/59 60/60/60 61/61/61
vt 0.0344828 0.0000000
vt 0.0689655 1.0000000
f 62/62/62 61/61/61 63/63/63
vt 0.0689655 0.0000000
vt 0.1034483 1.0000000
f 64/64/64 63/63/63 65/65/65
vt 0.1034483 0.0000000
vt 0.1379310 1.0000000
f 66/66/66 65/65/65 67/67/67
vt 0.1379310 0.0000000
vt 0.1724138 1.0000000
f 68/68/68 67/67/67 69/69/69
vt 0.1724138 0.0000000
vt 0.2068966 1.0000000
f 70/70/70 69/69/69 71/71/71
vt 0.2068966 0.0000000
vt 0.2413793 1.0000000
f 72/72/72 71/71/71 73/73/73
vt 0.2413793 0.0000000
vt 0.2758621 1.0000000
f 74/74/74 73/73/73 75/75/75
vt 0.2758621 0.0000000
vt 0.3103448 1.0000000
f 76/76/76 75/75/75 77/77/77
vt 0.3103448 0.0000000
vt 0.3448276 1.0000000
f 78/78/78 77/77/77 79/79/79
vt 0.3448276 0.0000000
vt 0.3793103 1.0000000
f 80/80/80 79/79/79 81/81/81
vt 0.3793103 0.0000000
vt 0.4137931 1.0000000
f 82/82/82 81/81/81 83/83/83
vt 0.4137931 0.0000000
vt 0.4482759 1.0000000
f 84/84/84 83/83/83 85/85/85
vt 0.4482759 0.0000000
vt 0.4827586 1.0000000
f 86/86/86 85/85/85 87/87/87
vt 0.4827586 0.0000000
vt 0.5172414 1.0000000
f 88/88/88 87/87/87 89/89/89
vt 0.5172414 0.0000000
vt 0.5517241 1.0000000
f 90/90/90 89/89/89 91/91/91
vt 0.5517241 0.0000000
vt 0.5862069 1.0000000
f 92/92/92 91/91/91 93/93/93
vt 0.5862069 0.0000000
vt 0.6206896 1.0000000
f 94/94/94 93/93/93 95/95/95
vt 0.6206896 0.0000000
vt 0.6551724 1.0000000
f 96/96/96 95/95/95 97/97/97
vt 0.6551724 0.0000000
vt 0.6896552 1.0000000
f 98/98/98 97/97/97 99/99/99
vt 0.6896552 0.0000000
vt 0.7241379 1.0000000
f 100/100/100 99/99/99 101/101/101
vt 0.7241379 0.0000000
vt 0.7586207 1.0000000
f 102/102/102 101/101/101 103/103/103
vt 0.7586207 0.0000000
vt 0.7931035 1.0000000
f 104/104/104 103/103/103 105/105/105
vt 0.7931035 0.0000000
vt 0.8275862 1.0000000
f 106/106/106 105/105/105 107/107/107
vt 0.8275862 0.0000000
vt 0.8620690 1.0000000
f 108/108/108 107/107/107 109/109/109
vt 0.8620690 0.0000000
vt 0.8965517 1.0000000
f 110/110/110 109/109/109 111/111/111
vt 0.8965517 0.0000000
vt 0.9310345 1.0000000
f 112/112/112 111/111/111 113/113/113
vt 0.9310345 0.0000000
vt 0.9655172 1.0000000
f 114/114/114 113/113/113 115/115/115
vt 0.9655172 0.0000000
vt 1.0000000 1.0000000
f 116/116/116 115/115/115 117/117/117
vt 1.0000000 0.0000000
f 117/117/117 118/118/118 116/116/116
f 115/115/115 116/116/116 114/114/114
f 113/113/113 114/114/114 112/112/112
f 111/111/111 112/112/112 110/110/110
f 109/109/109 110/110/110 108/108/108
f 107/107/107 108/108/108 106/106/106
f 105/105/105 106/106/106 104/104/104
f 103/103/103 104/104/104 102/102/102
f 101/101/101 102/102/102 100/100/100
f 99/99/99 100/100/100 98/98/98
f 97/97/97 98/98/98 96/96/96
f 95/95/95 96/96/96 94/94/94
f 93/93/93 94/94/94 92/92/92
f 91/91/91 92/92/92 90/90/90
f 89/89/89 90/90/90 88/88/88
f 87/87/87 88/88/88 86/86/86
f 85/85/85 86/86/86 84/84/84
f 83/83/83 84/84/84 82/82/82
f 81/81/81 82/82/82 80/80/80
f 79/79/79 80/80/80 78/78/78
f 77/77/77 78/78/78 76/76/76
f 75/75/75 76/76/76 74/74/74
f 73/73/73 74/74/74 72/72/72
f 71/71/71 72/72/72 70/70/70
f 69/69/69 70/70/70 68/68/68
f 67/67/67 68/68/68 66/66/66
f 65/65/65 66/66/66 64/64/64
f 63/63/63 64/64/64 62/62/62
f 61/61/61 62/62/62 59/59/59
vt 0.5087720 0.0000000
vt 0.5087720 1.0000000
vt 0.5263158 1.0000000
f 119/119/119 120/120/120 121/121/121
vt 0.5263158 0.0000000
vt 0.5438597 1.0000000
f 122/122/122 121/121/121 123/123/123
vt 0.5438597 0.0000000
vt 0.5614035 1.0000000
f 124/124/124 123/123/123 125/125/125
vt 0.5614035 0.0000000
vt 0.5789474 1.0000000
f 126/126/126 125/125/125 127/127/127
vt 0.5789474 0.0000000
vt 0.5964912 1.0000000
f 128/128/128 127/127/127 129/129/129
vt 0.5964912 0.0000000
vt 0.6140351 1.0000000
f 130/130/130 129/129/129 131/131/131
vt 0.6140351 0.0000000
vt 0.6315789 1.0000000
f 132/132/132 131/131/131 133/133/133
vt 0.6315789 0.0000000
vt 0.6491228 1.0000000
f 134/134/134 133/133/133 135/135/135
vt 0.6491228 0.0000000
vt 0.6666667 1.0000000
f 136/136/136 135/135/135 137/137/137
vt 0.6666667 0.0000000
vt 0.6842105 1.0000000
f 138/138/138 137/137/137 139/139/139
vt 0.6842105 0.0000000
vt 0.7017544 1.0000000
f 140/140/140 139/139/139 141/141/141
vt 0.7017544 0.0000000
vt 0.7192982 1.0000000
f 142/142/142 141/141/141 143/143/143
vt 0.7192982 0.0000000
vt 0.7368421 1.0000000
f 144/144/144 143/143/143 145/145/145
vt 0.7368421 0.0000000
vt 0.7543859 1.0000000
f 146/146/146 145/145/145 147/147/147
vt 0.7543859 0.0000000
vt 0.7719298 1.0000000
f 148/148/148 147/147/147 149/149/149
vt 0.7719298 0.0000000
vt 0.7894737 1.0000000
f 150/150/150 149/149/149 151/151/151
vt 0.7894737 0.0000000
vt 0.8070176 1.0000000
f 152/152/152 151/151/151 153/153/153
vt 0.8070176 0.0000000
vt 0.8245614 1.0000000
f 154/154/154 153/153/153 155/155/155
vt 0.8245614 0.0000000
vt 0.8421053 1.0000000
f 156/156/156 155/155/155 157/157/157
vt 0.8421053 0.0000000
vt 0.8596491 1.0000000
f 158/158/158 157/157/157 159/159/159
vt 0.8596491 0.0000000
vt 0.8771930 1.0000000
f 160/160/160 159/159/159 161/161/161
vt 0.8771930 0.0000000
vt 0.8947368 1.0000000
f 162/162/162 161/161/161 163/163/163
vt 0.8947368 0.0000000
vt 0.9122807 1.0000000
f 164/164/164 163/163/163 165/165/165
vt 0.9122807 0.0000000
vt 0.9298246 1.0000000
f 166/166/166 165/165/165 167/167/167
vt 0.9298246 0.0000000
vt 0.9473684 1.0000000
f 168/168/168 167/167/167 169/169/169
vt 0.9473684 0.0000000
vt 0.9649123 1.0000000
f 170/170/170 169/169/169 171/171/171
vt 0.9649123 0.0000000
vt 0.9824561 1.0000000
f 172/172/172 171/171/171 173/173/173
vt 0.9824561 0.0000000
f 174/174/174 173/173/173 175/117/175
f 176/118/176 175/117/175 177/60/177
f 177/60/177 178/59/178 176/118/176
f 175/117/175 176/118/176 174/174/174
f 173/173/173 174/174/174 172/172/172
f 171/171/171 172/172/172 170/170/170
f 169/169/169 170/170/170 168/168/168
f 167/167/167 168/168/168 166/166/166
f 165/165/165 166/166/166 164/164/164
f 163/163/163 164/164/164 162/162/162
f 161/161/161 162/162/162 160/160/160
f 159/159/159 160/160/160 158/158/158
f 157/157/157 158/158/158 156/156/156
f 155/155/155 156/156/156 154/154/154
f 153/153/153 154/154/154 152/152/152
f 151/151/151 152/152/152 150/150/150
f 149/149/149 150/150/150 148/148/148
f 147/147/147 148/148/148 146/146/146
f 145/145/145 146/146/146 144/144/144
f 143/143/143 144/144/144 142/142/142
f 141/141/141 142/142/142 140/140/140
f 139/139/139 140/140/140 138/138/138
f 137/137/137 138/138/138 136/136/136
f 135/135/135 136/136/136 134/134/134
f 133/133/133 134/134/134 132/132/132
f 131/131/131 132/132/132 130/130/130
f 129/129/129 130/130/130 128/128/128
f 127/127/127 128/128/128 126/126/126
f 125/125/125 126/126/126 124/124/124
f 123/123/123 124/124/124 122/122/122
f 121/121/121 122/122/122 119/119/119
vt 0.3057862 0.7463970
vt 0.4086293 0.3561841
vt 0.4226318 0.3486207
f 179/175/179 180/176/180 181/177/181
vt 0.3789541 0.3657742
vt 0.3940130 0.3619244
f 179/175/179 182/178/182 183/179/183
vt 0.3482180 0.3676447
vt 0.2929308 0.7135406
vt 0.2843130 0.6985286
f 184/180/184 185/181/185 186/182/186
vt 0.5555301 0.1672329
vt 0.4912567 0.1476651
vt 0.4855871 0.1308274
f 187/183/187 188/184/188 189/185/189
vt 0.4481475 0.3283994
vt 0.4593616 0.3159786
f 179/175/179 190/186/190 191/187/191
f 183/179/183 180/176/180 179/175/179
vt 0.3329011 0.3656434
f 186/182/186 192/188/192 184/180/184
vt 0.3636292 0.3676885
vt 0.3001166 0.7295594
f 193/189/193 179/175/179 194/190/194
vt 0.2998275 0.8699974
vt 0.4213227 0.5774163
vt 0.3312931 0.8680478
f 195/191/195 196/192/196 197/193/197
vt 0.4303469 0.5523354
f 195/191/195 187/183/187 198/194/198
vt 0.5555301 0.0000000
f 189/185/189 199/195/199 187/183/187
vt 0.4693670 0.3022061
f 191/187/191 200/196/200 179/175/179
vt 0.4358562 0.3393228
f 181/177/181 201/197/201 179/175/179
f 194/190/194 185/181/185 193/189/193
vt 0.2377694 0.6518490
vt 0.2237982 0.6442061
vt 0.3178582 0.3617080
f 202/198/202 203/199/203 204/200/204
f 198/194/198 196/192/196 195/191/195
vt 0.3240364 0.8880342
vt 0.3149831 0.9069816
vt 0.2925759 0.8859752
f 205/201/205 206/202/206 207/203/207
vt 0.4784013 0.1148086
f 189/185/189 208/204/208 199/195/199
vt 0.4978003 0.1830004
vt 0.4953438 0.1651244
f 187/183/187 209/205/209 210/206/210
vt 0.4951958 0.2370244
vt 0.4977258 0.2191625
f 187/183/187 211/207/211 212/208/212
vt 0.4852981 0.2712655
vt 0.4910370 0.2544602
f 187/183/187 213/209/213 214/210/214
vt 0.4780464 0.2872432
f 187/183/187 179/175/179 215/211/215
f 201/197/201 190/186/190 179/175/179
f 184/180/184 193/189/193 185/181/185
vt 0.3032657 0.3558848
f 216/212/216 204/200/204 203/199/203
vt 0.2509554 0.6612219
f 192/188/192 217/213/217 202/198/202
vt 0.2743644 0.6846994
f 192/188/192 186/182/186 218/214/218
vt 0.1957708 0.1320430
vt 0.2139371 0.2002751
vt 0.2147342 0.2183585
f 219/215/219 220/216/220 221/217/221
vt 0.2025390 0.1132324
vt 0.2108993 0.0953274
vt 0.2344880 0.1141157
f 222/218/222 223/219/223 224/220/224
vt 0.2207651 0.0785136
vt 0.2431674 0.0991528
f 223/219/223 225/221/225 226/222/226
f 207/203/207 195/191/195 205/201/205
vt 0.4696739 0.4853120
vt 0.4546484 0.5060436
f 187/183/187 227/223/227 228/224/228
vt 0.5046979 0.4497489
vt 0.4864148 0.4664821
f 187/183/187 229/225/229 230/226/230
f 210/206/210 188/184/188 187/183/187
vt 0.4985974 0.2010838
f 212/208/212 231/227/231 187/183/187
f 215/211/215 213/209/213 187/183/187
f 193/189/193 182/178/182 179/175/179
f 204/200/204 192/188/192 202/198/202
vt 0.2632016 0.6722150
f 218/214/218 232/228/232 192/188/192
vt 0.2892945 0.3482419
vt 0.2092057 0.6383828
f 233/229/233 216/212/216 234/230/234
vt 0.2148086 0.1821964
f 219/215/219 235/231/235 220/216/220
vt 0.2214975 0.1468987
vt 0.2173386 0.1643345
f 219/215/219 236/232/236 237/233/237
vt 0.2272364 0.1300934
f 219/215/219 222/218/222 238/234/238
f 226/222/226 224/220/224 223/219/223
vt 0.4414940 0.5284622
f 187/183/187 239/235/239 198/194/198
f 230/226/230 227/223/227 187/183/187
vt 0.5451190 0.4232420
vt 0.5243338 0.4352856
f 187/183/187 240/236/240 241/237/241
vt 0.0223711 0.8987033
vt 0.0141044 0.8792660
vt 0.0414768 0.8692635
f 242/238/242 243/239/243 244/240/244
vt 0.0076748 0.8588924
vt 0.0358072 0.8524258
f 243/239/243 245/241/245 246/242/246
vt 0.0677023 0.6841122
vt 0.0576969 0.6978848
f 219/215/219 247/243/247 248/244/248
f 231/227/231 209/205/209 187/183/187
f 200/196/200 215/211/215 179/175/179
f 232/228/232 217/213/217 192/188/192
vt 0.1941628 0.6344475
vt 0.2761085 0.3388689
f 249/245/249 250/246/250 233/229/233
vt 0.2427509 0.3015622
vt 0.2526995 0.3153915
f 249/245/249 251/247/251 252/248/252
vt 0.1634348 0.6324024
vt 0.2171907 0.2362345
vt 0.2212777 0.2536938
f 253/249/253 254/250/254 255/251/255
f 237/233/237 235/231/235 219/215/219
f 224/220/224 238/234/238 222/218/222
f 228/224/228 239/235/239 187/183/187
vt 0.5668384 0.4137430
f 187/183/187 256/252/256 240/236/240
vt 0.1211556 0.9914277
vt 0.1037774 0.9839959
vt 0.1177952 0.9546167
f 257/253/257 258/254/258 259/255/259
vt 0.0871849 0.9744000
vt 0.1038240 0.9469738
f 258/254/258 260/256/260 261/257/261
vt 0.0323780 0.9169766
vt 0.0486626 0.8852822
f 262/258/262 242/238/242 263/259/263
f 246/242/246 244/240/244 243/239/243
vt 0.0000495 0.7945808
vt 0.0014949 0.7729182
vt 0.0293381 0.7809284
f 264/260/264 265/261/265 266/262/266
vt 0.0789164 0.6716914
f 219/215/219 267/263/267 247/243/247
vt 0.1330510 0.6381664
vt 0.1184346 0.6439067
f 219/215/219 268/264/268 269/265/269
f 214/210/214 211/207/211 187/183/187
f 234/230/234 249/245/249 233/229/233
vt 0.2638623 0.3278759
f 252/248/252 270/266/270 249/245/249
f 253/249/253 221/217/221 254/250/254
f 238/234/238 236/232/236 219/215/219
vt 0.2320342 0.0629649
vt 0.2531728 0.0853803
f 271/267/271 272/268/272 226/222/226
vt 0.2445899 0.0488424
vt 0.2643869 0.0729595
f 273/269/273 274/270/274 272/268/272
f 241/237/241 229/225/229 187/183/187
vt 0.6121727 0.4027445
vt 0.5892671 0.4068868
f 187/183/187 275/271/275 276/272/276
vt 1.0000000 0.1672329
vt 1.0000000 0.4013589
vt 0.6353179 0.4013589
f 277/273/277 278/274/278 279/275/279
vt 0.2301775 0.9875719
vt 0.2125150 0.9940124
vt 0.2085424 0.9606563
f 280/276/280 281/277/281 282/278/282
vt 0.1943634 0.9981713
vt 0.1934835 0.9645062
f 281/277/281 283/279/283 284/280/284
f 261/257/261 259/255/259 258/254/258
vt 0.0715727 0.9627526
vt 0.0906380 0.9376009
f 260/256/260 285/281/285 286/282/286
vt 0.0571238 0.9491901
vt 0.0440077 0.9338716
vt 0.0672290 0.9141235
f 287/283/287 288/284/288 289/285/289
vt 0.0572804 0.9002942
f 288/284/288 262/258/262 290/286/290
f 244/240/244 263/259/263 242/238/242
vt 0.0031577 0.8378214
vt 0.0317202 0.8349665
f 245/241/245 291/287/291 292/288/292
vt 0.0284665 0.7990071
vt 0.0000000 0.7994114
f 293/289/293 294/290/294 264/260/264
vt 0.0049253 0.7515661
vt 0.0318681 0.7630665
f 265/261/265 295/291/295 296/292/296
vt 0.0103003 0.7307750
vt 0.0360270 0.7456306
f 295/291/295 297/293/297 298/294/298
vt 0.0912077 0.6607681
f 219/215/219 299/295/299 267/263/267
vt 0.1044321 0.6514702
f 269/265/269 300/296/300 219/215/219
vt 0.3562672 0.0000000
vt 0.3946762 0.0396509
f 301/297/301 199/195/199 302/298/302
vt 0.4364259 0.0624900
vt 0.4232399 0.0531170
f 199/195/199 303/299/303 304/300/304
vt 0.3098733 0.7638563
f 187/183/187 305/301/305 179/175/179
vt 0.3131269 0.7998158
vt 0.3123297 0.7817324
f 187/183/187 306/302/306 307/303/307
vt 0.1788460 0.6324462
f 251/247/251 249/245/249 308/304/308
f 270/266/270 250/246/250 249/245/249
vt 0.2269474 0.2705315
vt 0.2341332 0.2865503
f 253/249/253 309/305/309 310/306/310
f 221/217/221 253/249/253 219/215/219
f 272/268/272 271/267/271 273/269/273
vt 0.2583023 0.0362925
vt 0.2766782 0.0620361
f 311/307/311 312/308/312 274/270/274
f 276/272/276 256/252/256 187/183/187
f 279/275/279 187/183/187 277/273/277
vt 0.3042393 0.9246678
vt 0.2838965 0.9009380
f 206/202/206 313/309/313 314/310/314
vt 0.2919311 0.9408855
vt 0.2738911 0.9147106
f 313/309/313 315/311/315 316/312/316
vt 0.2782027 0.9554446
vt 0.2632150 0.9681743
vt 0.2503857 0.9380547
f 317/313/317 318/314/318 319/315/319
vt 0.2471438 0.9789254
vt 0.2371613 0.9473526
f 318/314/318 320/316/320 321/317/321
vt 0.2231588 0.9549161
f 320/316/320 280/276/280 322/318/322
f 284/280/284 282/278/282 281/277/281
vt 0.1759355 1.0000000
vt 0.1574474 0.9994770
vt 0.1627474 0.9663767
f 323/319/323 324/320/324 325/321/325
vt 0.1391158 0.9966083
vt 0.1474306 0.9643753
f 324/320/324 326/322/326 327/323/327
f 286/282/286 261/257/261 260/256/260
vt 0.0783918 0.9266078
f 285/281/285 287/283/287 328/324/328
f 290/286/290 289/285/289 288/284/288
f 292/288/292 246/242/246 245/241/245
f 296/292/296 266/262/266 265/261/265
vt 0.0417658 0.7288253
f 297/293/297 329/325/329 298/294/298
vt 0.0490175 0.7128476
f 297/293/297 248/244/248 330/326/330
f 300/296/300 299/295/299 219/215/219
vt 0.4092688 0.0454741
f 199/195/199 331/327/331 302/298/302
vt 0.4486721 0.0734830
f 199/195/199 332/328/332 303/299/303
f 307/303/307 305/301/305 187/183/187
f 203/199/203 234/230/234 216/212/216
f 255/251/255 309/305/309 253/249/253
f 274/270/274 273/269/273 311/307/311
vt 0.3055665 0.8531922
f 187/183/187 195/191/195 333/329/333
f 279/275/279 275/271/275 187/183/187
f 316/312/316 314/310/314 313/309/313
vt 0.2626770 0.9271314
f 315/311/315 317/313/317 334/330/334
f 321/317/321 319/315/319 318/314/318
f 282/278/282 322/318/322 280/276/280
vt 0.1781587 0.9664204
f 283/279/283 323/319/323 335/331/335
f 327/323/327 325/321/325 324/320/324
vt 0.1323877 0.9604400
f 326/322/326 257/253/257 336/332/336
f 328/324/328 286/282/286 285/281/285
f 263/259/263 290/286/290 262/258/262
vt 0.0006059 0.8163001
vt 0.0292637 0.8170904
f 291/287/291 337/333/337 338/334/338
f 293/289/293 338/334/338 337/333/337
f 298/294/298 296/292/296 295/291/295
f 248/244/248 297/293/297 219/215/219
vt 0.3643165 0.0337142
vt 0.3489053 0.0336704
f 301/297/301 339/335/339 340/336/340
f 304/300/304 331/327/331 199/195/199
vt 0.4697836 0.0997967
vt 0.4598350 0.0859674
f 199/195/199 341/337/341 342/338/342
f 308/304/308 253/249/253 251/247/251
f 226/222/226 225/221/225 271/267/271
vt 0.3097253 0.8357564
f 333/329/333 343/339/343 187/183/187
vt 0.3049077 0.0092881
vt 0.3185215 0.0394345
vt 0.3039051 0.0451748
f 344/340/344 345/341/345 346/342/346
vt 0.3217291 0.0041459
vt 0.3335804 0.0355847
f 347/343/347 348/344/348 345/341/345
f 314/310/314 207/203/207 206/202/206
f 319/315/319 334/330/334 317/313/317
f 335/331/335 284/280/284 283/279/283
f 336/332/336 327/323/327 326/322/326
f 289/285/289 328/324/328 287/283/287
f 337/333/337 294/290/294 293/289/293
f 330/326/330 329/325/329 297/293/297
vt 0.1481099 0.6343167
f 219/215/219 253/249/253 349/345/349
vt 0.3796333 0.0357155
f 301/297/301 350/346/350 339/335/339
f 342/338/342 332/328/332 199/195/199
f 310/306/310 251/247/251 253/249/253
vt 0.3122553 0.8178944
f 343/339/343 351/347/351 187/183/187
vt 0.2730291 0.0254450
vt 0.2899026 0.0527382
f 352/348/352 353/349/353 312/308/312
vt 0.2886181 0.0164123
f 354/350/354 346/342/346 353/349/353
f 345/341/345 344/340/344 347/343/347
vt 0.3389083 0.0010391
f 355/351/355 340/336/340 348/344/348
f 334/330/334 316/312/316 315/311/315
f 325/321/325 335/331/335 323/319/323
f 338/334/338 292/288/292 291/287/291
f 349/345/349 268/264/268 219/215/219
f 302/298/302 350/346/350 301/297/301
f 351/347/351 306/302/306 187/183/187
f 353/349/353 352/348/352 354/350/354
f 348/344/348 347/343/347 355/351/355
f 322/318/322 321/317/321 320/316/320
f 266/262/266 293/289/293 264/260/264
f 208/204/208 341/337/341 199/195/199
f 346/342/346 354/350/354 344/340/344
f 259/255/259 336/332/336 257/253/257
f 312/308/312 311/307/311 352/348/352
f 340/336/340 355/351/355 301/297/301
f 197/193/197 205/201/205 195/191/195
f 356/116/356 357/118/357 358/117/358
f 359/114/359 356/116/356 360/115/360
f 361/112/361 359/114/359 362/113/362
f 363/110/363 361/112/361 364/111/364
f 365/108/365 363/110/363 366/109/366
f 367/106/367 365/108/365 368/107/368
f 369/104/369 367/106/367 370/105/370
f 371/102/371 369/104/369 372/103/372
f 373/100/373 371/102/371 374/101/374
f 375/98/375 373/100/373 376/99/376
f 377/96/377 375/98/375 378/97/378
f 379/94/379 377/96/377 380/95/380
f 381/92/381 379/94/379 382/93/382
f 383/90/383 381/92/381 384/91/384
vt 0.5000000 1.0000000
f 385/352/385 386/87/386 387/88/387
vt 0.5000000 0.0000000
f 385/352/385 388/353/388 383/90/383
f 383/90/383 389/89/389 385/352/385
f 390/86/390 387/88/387 386/87/386
f 391/84/391 390/86/390 392/85/392
f 393/82/393 391/84/391 394/83/394
f 395/80/395 393/82/393 396/81/396
f 397/78/397 395/80/395 398/79/398
f 399/76/399 397/78/397 400/77/400
f 401/74/401 399/76/399 402/75/402
f 403/72/403 401/74/401 404/73/404
f 405/70/405 403/72/403 406/71/406
f 407/68/407 405/70/405 408/69/408
f 409/66/409 407/68/407 410/67/410
f 411/64/411 409/66/409 412/65/412
f 413/62/413 411/64/411 414/63/414
vt 0.0000000 0.0000000
f 415/354/415 413/62/413 416/61/416
f 416/61/416 417/60/417 415/354/415
f 414/63/414 416/61/416 413/62/413
f 412/65/412 414/63/414 411/64/411
f 410/67/410 412/65/412 409/66/409
f 408/69/408 410/67/410 407/68/407
f 406/71/406 408/69/408 405/70/405
f 404/73/404 406/71/406 403/72/403
f 402/75/402 404/73/404 401/74/401
f 400/77/400 402/75/402 399/76/399
f 398/79/398 400/77/400 397/78/397
f 396/81/396 398/79/398 395/80/395
f 394/83/394 396/81/396 393/82/393
f 392/85/392 394/83/394 391/84/391
f 386/87/386 392/85/392 390/86/390
f 387/88/387 388/353/388 385/352/385
f 384/91/384 389/89/389 383/90/383
f 382/93/382 384/91/384 381/92/381
f 380/95/380 382/93/382 379/94/379
f 378/97/378 380/95/380 377/96/377
f 376/99/376 378/97/378 375/98/375
f 374/101/374 376/99/376 373/100/373
f 372/103/372 374/101/374 371/102/371
f 370/105/370 372/103/372 369/104/369
f 368/107/368 370/105/370 367/106/367
f 366/109/366 368/107/368 365/108/365
f 364/111/364 366/109/366 363/110/363
f 362/113/362 364/111/364 361/112/361
f 360/115/360 362/113/362 359/114/359
f 358/117/358 360/115/360 356/116/356
vt 0.0000000 0.0000000
f 418/355/418 419/60/419 420/61/420
f 421/62/421 420/61/420 422/63/422
f 423/64/423 422/63/422 424/65/424
f 425/66/425 424/65/424 426/67/426
f 427/68/427 426/67/426 428/69/428
f 429/70/429 428/69/428 430/71/430
f 431/72/431 430/71/430 432/73/432
f 433/74/433 432/73/432 434/75/434
f 435/76/435 434/75/434 436/77/436
f 437/78/437 436/77/436 438/79/438
f 439/80/439 438/79/438 440/81/440
f 441/82/441 440/81/440 442/83/442
f 443/84/443 442/83/442 444/85/444
f 445/86/445 444/85/444 446/87/446
f 447/88/447 446/87/446 448/89/448
f 449/90/449 448/89/448 450/91/450
f 451/92/451 450/91/450 452/93/452
f 453/94/453 452/93/452 454/95/454
f 455/96/455 454/95/454 456/97/456
f 457/98/457 456/97/456 458/99/458
f 459/100/459 458/99/458 460/101/460
f 461/102/461 460/101/460 462/103/462
f 463/104/463 462/103/462 464/105/464
f 465/106/465 464/105/464 466/107/466
f 467/108/467 466/107/466 468/109/468
vt 0.8888889 0.0000000
f 468/109/468 469/111/469 470/356/470
f 469/111/469 471/112/471 470/356/470
f 471/112/471 469/111/469 472/113/472
f 473/114/473 472/113/472 474/115/474
f 475/116/475 474/115/474 476/117/476
f 476/117/476 477/118/477 475/116/475
f 474/115/474 475/116/475 473/114/473
f 472/113/472 473/114/473 471/112/471
f 470/356/470 478/110/478 468/109/468
f 468/109/468 478/110/478 467/108/467
f 466/107/466 467/108/467 465/106/465
f 464/105/464 465/106/465 463/104/463
f 462/103/462 463/104/463 461/102/461
f 460/101/460 461/102/461 459/100/459
f 458/99/458 459/100/459 457/98/457
f 456/97/456 457/98/457 455/96/455
f 454/95/454 455/96/455 453/94/453
f 452/93/452 453/94/453 451/92/451
f 450/91/450 451/92/451 449/90/449
f 448/89/448 449/90/449 447/88/447
f 446/87/446 447/88/447 445/86/445
f 444/85/444 445/86/445 443/84/443
f 442/83/442 443/84/443 441/82/441
f 440/81/440 441/82/441 439/80/439
f 438/79/438 439/80/439 437/78/437
f 436/77/436 437/78/437 435/76/435
f 434/75/434 435/76/435 433/74/433
f 432/73/432 433/74/433 431/72/431
f 430/71/430 431/72/431 429/70/429
f 428/69/428 429/70/429 427/68/427
f 426/67/426 427/68/427 425/66/425
f 424/65/424 425/66/425 423/64/423
f 422/63/422 423/64/423 421/62/421
f 420/61/420 421/62/421 418/355/418
vt 0.0000000 1.0000000
vt 0.0833333 1.0000000
f 479/59/479 480/357/480 481/358/481
vt 0.0833333 0.0000000
vt 0.1666667 1.0000000
f 482/359/482 481/358/481 483/360/483
vt 0.1666667 0.0000000
vt 0.2500000 1.0000000
f 484/361/484 483/360/483 485/362/485
vt 0.2500000 0.0000000
vt 0.3333333 1.0000000
f 486/363/486 485/362/485 487/364/487
vt 0.3333333 0.0000000
vt 0.4166667 1.0000000
f 488/365/488 487/364/487 489/366/489
vt 0.4166667 0.0000000
f 490/367/490 489/366/489 491/352/491
vt 0.5833333 1.0000000
f 492/353/492 491/352/491 493/368/493
vt 0.5833333 0.0000000
f 494/369/494 493/368/493 495/137/495
vt 0.7500000 1.0000000
f 496/138/496 495/137/495 497/370/497
vt 0.7500000 0.0000000
vt 0.8333333 1.0000000
f 498/371/498 497/370/497 499/372/499
vt 0.8333333 0.0000000
vt 0.9166667 1.0000000
f 500/373/500 499/372/499 501/374/501
vt 0.9166667 0.0000000
f 502/375/502 501/374/501 503/117/503
f 503/117/503 504/118/504 502/375/502
f 501/374/501 502/375/502 500/373/500
f 499/372/499 500/373/500 498/371/498
f 497/370/497 498/371/498 496/138/496
f 495/137/495 496/138/496 494/369/494
f 493/368/493 494/369/494 492/353/492
f 491/352/491 492/353/492 490/367/490
f 489/366/489 490/367/490 488/365/488
f 487/364/487 488/365/488 486/363/486
f 485/362/485 486/363/486 484/361/484
f 483/360/483 484/361/484 482/359/482
f 481/358/481 482/359/482 479/59/479
f 505/118/505 506/117/506 507/60/507
f 507/60/507 508/59/508 505/118/505
vt 0.0000000 0.0000000
f 509/376/509 510/118/510 511/117/511
f 511/117/511 512/60/512 509/376/509
vt 0.0000000 1.0000000
f 513/377/513 514/59/514 515/118/515
f 515/118/515 516/117/516 513/377/513
f 517/375/517 518/118/518 519/117/519
f 520/373/520 517/375/517 521/374/521
f 522/371/522 520/373/520 523/372/523
f 524/138/524 522/371/522 525/370/525
f 526/369/526 524/138/524 527/137/527
f 528/353/528 526/369/526 529/368/529
f 530/367/530 528/353/528 531/352/531
f 532/365/532 530/367/530 533/366/533
f 534/363/534 532/365/532 535/364/535
f 536/361/536 534/363/534 537/362/537
f 538/359/538 536/361/536 539/360/539
f 540/59/540 538/359/538 541/358/541
f 541/358/541 542/60/542 540/59/540
f 539/360/539 541/358/541 538/359/538
f 537/362/537 539/360/539 536/361/536
f 535/364/535 537/362/537 534/363/534
f 533/366/533 535/364/535 532/365/532
f 531/352/531 533/366/533 530/367/530
f 529/368/529 531/352/531 528/353/528
f 527/137/527 529/368/529 526/369/526
f 525/370/525 527/137/527 524/138/524
f 523/372/523 525/370/525 522/371/522
f 521/374/521 523/372/523 520/373/520
f 519/117/519 521/374/521 517/375/517
f 543/59/543 544/118/544 545/117/545
f 545/117/545 546/60/546 543/59/543
vt 0.0000000 1.0000000
f 547/378/547 548/59/548 549/118/549
f 549/118/549 550/117/550 547/378/547
f 551/116/551 552/118/552 553/117/553
f 554/114/554 551/116/551 555/115/555
f 556/112/556 554/114/554 557/113/557
f 558/110/558 556/112/556 559/111/559
f 560/108/560 558/110/558 561/109/561
f 562/106/562 560/108/560 563/107/563
f 564/104/564 562/106/562 565/105/565
f 566/102/566 564/104/564 567/103/567
f 568/100/568 566/102/566 569/101/569
f 570/98/570 568/100/568 571/99/571
f 572/96/572 570/98/570 573/97/573
f 574/94/574 572/96/572 575/95/575
f 576/92/576 574/94/574 577/93/577
f 578/90/578 576/92/576 579/91/579
f 580/352/580 581/87/581 582/88/582
f 580/352/580 583/353/583 578/90/578
f 578/90/578 584/89/584 580/352/580
f 585/86/585 582/88/582 581/87/581
f 586/84/586 585/86/585 587/85/587
f 588/82/588 586/84/586 589/83/589
f 590/80/590 588/82/588 591/81/591
f 592/78/592 590/80/590 593/79/593
f 594/76/594 592/78/592 595/77/595
f 596/74/596 594/76/594 597/75/597
f 598/72/598 596/74/596 599/73/599
f 600/70/600 598/72/598 601/71/601
f 602/68/602 600/70/600 603/69/603
f 604/66/604 602/68/602 605/67/605
f 606/64/606 604/66/604 607/65/607
f 608/62/608 606/64/606 609/63/609
f 610/354/610 608/62/608 611/61/611
f 611/61/611 612/60/612 610/354/610
f 609/63/609 611/61/611 608/62/608
f 607/65/607 609/63/609 606/64/606
f 605/67/605 607/65/607 604/66/604
f 603/69/603 605/67/605 602/68/602
f 601/71/601 603/69/603 600/70/600
f 599/73/599 601/71/601 598/72/598
f 597/75/597 599/73/599 596/74/596
f 595/77/595 597/75/597 594/76/594
f 593/79/593 595/77/595 592/78/592
f 591/81/591 593/79/593 590/80/590
f 589/83/589 591/81/591 588/82/588
f 587/85/587 589/83/589 586/84/586
f 581/87/581 587/85/587 585/86/585
f 582/88/582 583/353/583 580/352/580
f 579/91/579 584/89/584 578/90/578
f 577/93/577 579/91/579 576/92/576
f 575/95/575 577/93/577 574/94/574
f 573/97/573 575/95/575 572/96/572
f 571/99/571 573/97/573 570/98/570
f 569/101/569 571/99/571 568/100/568
f 567/103/567 569/101/569 566/102/566
f 565/105/565 567/103/567 564/104/564
f 563/107/563 565/105/565 562/106/562
f 561/109/561 563/107/563 560/108/560
f 559/111/559 561/109/561 558/110/558
f 557/113/557 559/111/559 556/112/556
f 555/115/555 557/113/557 554/114/554
f 553/117/553 555/115/555 551/116/551
vt 0.0000000 1.0000000
f 613/59/613 614/379/614 615/61/615
f 616/62/616 615/61/615 617/63/617
f 618/64/618 617/63/617 619/65/619
f 620/66/620 619/65/619 621/67/621
f 622/68/622 621/67/621 623/69/623
f 624/70/624 623/69/623 625/71/625
f 626/72/626 625/71/625 627/73/627
f 628/74/628 627/73/627 629/75/629
f 630/76/630 629/75/629 631/77/631
f 632/78/632 631/77/631 633/79/633
f 634/80/634 633/79/633 635/81/635
f 636/82/636 635/81/635 637/83/637
f 638/84/638 637/83/637 639/85/639
f 640/86/640 639/85/639 641/87/641
f 642/88/642 641/87/641 643/89/643
f 644/90/644 643/89/643 645/91/645
f 646/92/646 645/91/645 647/93/647
f 648/94/648 647/93/647 649/95/649
f 650/96/650 649/95/649 651/97/651
f 652/98/652 651/97/651 653/99/653
f 654/100/654 653/99/653 655/101/655
f 656/102/656 655/101/655 657/103/657
f 658/104/658 657/103/657 659/105/659
f 660/106/660 659/105/659 661/107/661
f 662/108/662 661/107/661 663/109/663
f 664/110/664 663/109/663 665/111/665
f 666/112/666 665/111/665 667/113/667
f 668/114/668 667/113/667 669/115/669
f 670/116/670 669/115/669 671/117/671
f 671/117/671 672/118/672 670/116/670
f 669/115/669 670/116/670 668/114/668
f 667/113/667 668/114/668 666/112/666
f 665/111/665 666/112/666 664/110/664
f 663/109/663 664/110/664 662/108/662
f 661/107/661 662/108/662 660/106/660
f 659/105/659 660/106/660 658/104/658
f 657/103/657 658/104/658 656/102/656
f 655/101/655 656/102/656 654/100/654
f 653/99/653 654/100/654 652/98/652
f 651/97/651 652/98/652 650/96/650
f 649/95/649 650/96/650 648/94/648
f 647/93/647 648/94/648 646/92/646
f 645/91/645 646/92/646 644/90/644
f 643/89/643 644/90/644 642/88/642
f 641/87/641 642/88/642 640/86/640
f 639/85/639 640/86/640 638/84/638
f 637/83/637 638/84/638 636/82/636
f 635/81/635 636/82/636 634/80/634
f 633/79/633 634/80/634 632/78/632
f 631/77/631 632/78/632 630/76/630
f 629/75/629 630/76/630 628/74/628
f 627/73/627 628/74/628 626/72/626
f 625/71/625 626/72/626 624/70/624
f 623/69/623 624/70/624 622/68/622
f 621/67/621 622/68/622 620/66/620
f 619/65/619 620/66/620 618/64/618
f 617/63/617 618/64/618 616/62/616
f 615/61/615 616/62/616 613/59/613
f 673/119/673 674/120/674 675/121/675
f 676/122/676 675/121/675 677/123/677
f 678/124/678 677/123/677 679/125/679
f 680/126/680 679/125/679 681/127/681
f 682/128/682 681/127/681 683/129/683
f 684/130/684 683/129/683 685/131/685
f 686/132/686 685/131/685 687/133/687
f 688/134/688 687/133/687 689/135/689
f 690/136/690 689/135/689 691/137/691
f 692/138/692 691/137/691 693/139/693
f 694/140/694 693/139/693 695/141/695
f 696/142/696 695/141/695 697/143/697
f 698/144/698 697/143/697 699/145/699
f 700/146/700 699/145/699 701/147/701
f 702/148/702 701/147/701 703/149/703
f 704/150/704 703/149/703 705/151/705
f 706/152/706 705/151/705 707/153/707
f 708/154/708 707/153/707 709/155/709
f 710/156/710 709/155/709 711/157/711
f 712/158/712 711/157/711 713/159/713
f 714/160/714 713/159/713 715/161/715
f 716/162/716 715/161/715 717/163/717
f 718/164/718 717/163/717 719/165/719
f 720/166/720 719/165/719 721/167/721
f 722/168/722 721/167/721 723/169/723
f 724/170/724 723/169/723 725/171/725
f 726/172/726 725/171/725 727/173/727
f 728/174/728 727/173/727 729/117/729
vt 0.0000000 1.0000000
f 730/118/730 729/117/729 731/380/731
f 731/380/731 732/59/732 730/118/730
f 729/117/729 730/118/730 728/174/728
f 727/173/727 728/174/728 726/172/726
f 725/171/725 726/172/726 724/170/724
f 723/169/723 724/170/724 722/168/722
f 721/167/721 722/168/722 720/166/720
f 719/165/719 720/166/720 718/164/718
f 717/163/717 718/164/718 716/162/716
f 715/161/715 716/162/716 714/160/714
f 713/159/713 714/160/714 712/158/712
f 711/157/711 712/158/712 710/156/710
f 709/155/709 710/156/710 708/154/708
f 707/153/707 708/154/708 706/152/706
f 705/151/705 706/152/706 704/150/704
f 703/149/703 704/150/704 702/148/702
f 701/147/701 702/148/702 700/146/700
f 699/145/699 700/146/700 698/144/698
f 697/143/697 698/144/698 696/142/696
f 695/141/695 696/142/696 694/140/694
f 693/139/693 694/140/694 692/138/692
f 691/137/691 692/138/692 690/136/690
f 689/135/689 690/136/690 688/134/688
f 687/133/687 688/134/688 686/132/686
f 685/131/685 686/132/686 684/130/684
f 683/129/683 684/130/684 682/128/682
f 681/127/681 682/128/682 680/126/680
f 679/125/679 680/126/680 678/124/678
f 677/123/677 678/124/678 676/122/676
f 675/121/675 676/122/676 673/119/673
f 733/20/733 734/27/734 735/34/735
f 736/15/736 737/18/737 738/7/738
f 739/1/739 740/25/740 741/14/741
f 739/1/739 742/16/742 743/17/743
f 735/34/735 744/26/744 733/20/733
f 742/16/742 739/1/739 745/28/745
f 736/15/736 746/19/746 737/18/737
f 736/15/736 747/21/747 748/22/748
f 736/15/736 749/13/749 750/30/750
f 751/47/751 752/45/752 753/46/753
f 752/45/752 751/47/751 754/48/754
f 743/17/743 740/25/740 739/1/739
f 745/28/745 733/20/733 742/16/742
f 736/15/736 755/8/755 756/9/756
f 736/15/736 757/3/757 746/19/746
f 750/30/750 747/21/747 736/15/736
f 736/15/736 758/11/758 759/23/759
f 754/48/754 760/55/760 752/45/752
f 761/43/761 762/56/762 763/57/763
f 764/41/764 765/52/765 766/49/766
f 744/26/744 742/16/742 733/20/733
f 738/7/738 755/8/755 736/15/736
f 736/15/736 767/10/767 768/2/768
f 748/22/748 769/29/769 736/15/736
f 736/15/736 770/6/770 758/11/758
f 736/15/736 771/4/771 772/5/772
f 736/15/736 773/33/773 774/39/774
f 736/15/736 764/41/764 775/32/775
f 762/56/762 776/35/776 777/42/777
f 763/57/763 751/47/751 761/43/761
f 764/41/764 778/51/778 765/52/765
f 756/9/756 739/1/739 736/15/736
f 769/29/769 767/10/767 736/15/736
f 736/15/736 779/53/779 780/54/780
f 736/15/736 781/36/781 782/37/782
f 772/5/772 770/6/770 736/15/736
f 736/15/736 783/40/783 784/38/784
f 775/32/775 773/33/773 736/15/736
f 762/56/762 785/44/785 776/35/776
f 753/46/753 761/43/761 751/47/751
f 764/41/764 786/50/786 787/58/787
f 764/41/764 736/15/736 778/51/778
f 768/2/768 757/3/757 736/15/736
f 782/37/782 779/53/779 736/15/736
f 736/15/736 788/12/788 771/4/771
f 774/39/774 783/40/783 736/15/736
f 761/43/761 785/44/785 762/56/762
f 766/49/766 786/50/786 764/41/764
f 780/54/780 749/13/749 736/15/736
f 736/15/736 789/24/789 790/31/790
f 784/38/784 788/12/788 736/15/736
f 787/58/787 762/56/762 764/41/764
f 790/31/790 781/36/781 736/15/736
f 777/42/777 764/41/764 762/56/762
f 759/23/759 789/24/789 736/15/736
f 741/14/741 736/15/736 739/1/739
vt 0.0000000 0.0000000
vt 1.0000000 0.7142857
f 791/381/791 792/118/792 793/382/793
vt 0.5155978 1.0000000
f 793/382/793 794/383/794 791/381/791
f 794/383/794 795/60/795 791/381/791
f 796/117/796 797/60/797 798/59/798
f 798/59/798 799/118/799 796/117/796
vt 0.0000000 0.0000000
f 800/117/800 801/60/801 802/384/802
f 802/384/802 803/118/803 800/117/800
f 804/381/804 805/383/805 806/382/806
f 804/381/804 807/60/807 805/383/805
f 806/382/806 808/118/808 804/381/804
f 809/116/809 810/118/810 811/117/811
f 812/114/812 809/116/809 813/115/813
f 814/112/814 812/114/812 815/113/815
f 816/110/816 814/112/814 817/111/817
f 818/108/818 816/110/816 819/109/819
f 820/106/820 818/108/818 821/107/821
f 822/104/822 820/106/820 823/105/823
f 824/102/824 822/104/822 825/103/825
f 826/100/826 824/102/824 827/101/827
f 828/98/828 826/100/826 829/99/829
f 830/96/830 828/98/828 831/97/831
f 832/94/832 830/96/830 833/95/833
f 834/92/834 832/94/832 835/93/835
f 836/90/836 834/92/834 837/91/837
f 838/88/838 836/90/836 839/89/839
f 840/86/840 838/88/838 841/87/841
f 842/84/842 840/86/840 843/85/843
f 844/82/844 842/84/842 845/83/845
f 846/80/846 844/82/844 847/81/847
f 848/78/848 846/80/846 849/79/849
f 850/76/850 848/78/848 851/77/851
f 852/74/852 850/76/850 853/75/853
f 854/72/854 852/74/852 855/73/855
f 856/70/856 854/72/854 857/71/857
f 858/68/858 856/70/856 859/69/859
f 860/66/860 858/68/858 861/67/861
f 862/64/862 860/66/860 863/65/863
f 864/62/864 862/64/862 865/63/865
vt 0.0000000 0.0000000
f 866/385/866 864/62/864 867/61/867
f 867/61/867 868/60/868 866/385/866
f 865/63/865 867/61/867 864/62/864
f 863/65/863 865/63/865 862/64/862
f 861/67/861 863/65/863 860/66/860
f 859/69/859 861/67/861 858/68/858
f 857/71/857 859/69/859 856/70/856
f 855/73/855 857/71/857 854/72/854
f 853/75/853 855/73/855 852/74/852
f 851/77/851 853/75/853 850/76/850
f 849/79/849 851/77/851 848/78/848
f 847/81/847 849/79/849 846/80/846
f 845/83/845 847/81/847 844/82/844
f 843/85/843 845/83/845 842/84/842
f 841/87/841 843/85/843 840/86/840
f 839/89/839 841/87/841 838/88/838
f 837/91/837 839/89/839 836/90/836
f 835/93/835 837/91/837 834/92/834
f 833/95/833 835/93/835 832/94/832
f 831/97/831 833/95/833 830/96/830
f 829/99/829 831/97/831 828/98/828
f 827/101/827 829/99/829 826/100/826
f 825/103/825 827/101/827 824/102/824
f 823/105/823 825/103/825 822/104/822
f 821/107/821 823/105/823 820/106/820
f 819/109/819 821/107/821 818/108/818
f 817/111/817 819/109/819 816/110/816
f 815/113/815 817/111/817 814/112/814
f 813/115/813 815/113/815 812/114/812
f 811/117/811 813/115/813 809/116/809
f 869/378/869 870/117/870 871/118/871
f 871/118/871 872/59/872 869/378/869
f 873/116/873 874/118/874 875/117/875
f 876/114/876 873/116/873 877/115/877
f 878/112/878 876/114/876 879/113/879
f 880/110/880 878/112/878 881/111/881
f 882/108/882 880/110/880 883/109/883
f 884/106/884 882/108/882 885/107/885
f 886/104/886 884/106/884 887/105/887
f 888/102/888 886/104/886 889/103/889
f 890/100/890 888/102/888 891/101/891
f 892/98/892 890/100/890 893/99/893
f 894/96/894 892/98/892 895/97/895
f 896/94/896 894/96/894 897/95/897
f 898/92/898 896/94/896 899/93/899
f 900/90/900 898/92/898 901/91/901
f 902/88/902 900/90/900 903/89/903
f 904/86/904 902/88/902 905/87/905
f 906/84/906 904/86/904 907/85/907
f 908/82/908 906/84/906 909/83/909
f 910/80/910 908/82/908 911/81/911
f 912/78/912 910/80/910 913/79/913
f 914/76/914 912/78/912 915/77/915
f 916/74/916 914/76/914 917/75/917
f 918/72/918 916/74/916 919/73/919
f 920/70/920 918/72/918 921/71/921
f 922/68/922 920/70/920 923/69/923
f 924/66/924 922/68/922 925/67/925
f 926/64/926 924/66/924 927/65/927
f 928/62/928 926/64/926 929/63/929
f 930/385/930 928/62/928 931/61/931
f 931/61/931 932/60/932 930/385/930
f 929/63/929 931/61/931 928/62/928
f 927/65/927 929/63/929 926/64/926
f 925/67/925 927/65/927 924/66/924
f 923/69/923 925/67/925 922/68/922
f 921/71/921 923/69/923 920/70/920
f 919/73/919 921/71/921 918/72/918
f 917/75/917 919/73/919 916/74/916
f 915/77/915 917/75/917 914/76/914
f 913/79/913 915/77/915 912/78/912
f 911/81/911 913/79/913 910/80/910
f 909/83/909 911/81/911 908/82/908
f 907/85/907 909/83/909 906/84/906
f 905/87/905 907/85/907 904/86/904
f 903/89/903 905/87/905 902/88/902
f 901/91/901 903/89/903 900/90/900
f 899/93/899 901/91/901 898/92/898
f 897/95/897 899/93/899 896/94/896
f 895/97/895 897/95/897 894/96/894
f 893/99/893 895/97/895 892/98/892
f 891/101/891 893/99/893 890/100/890
f 889/103/889 891/101/891 888/102/888
f 887/105/887 889/103/889 886/104/886
f 885/107/885 887/105/887 884/106/884
f 883/109/883 885/107/885 882/108/882
f 881/111/881 883/109/883 880/110/880
f 879/113/879 881/111/881 878/112/878
f 877/115/877 879/113/879 876/114/876
f 875/117/875 877/115/877 873/116/873
vt 0.1330080 0.6381664
vt 0.2146953 0.2183585
vt 0.2138982 0.2002751
f 933/386/933 934/387/934 935/388/935
vt 0.1788053 0.6324462
vt 0.1941229 0.6344475
vt 0.2638259 0.3278759
f 936/389/936 937/390/937 938/391/938
vt 0.1957310 0.1320430
f 935/388/935 939/392/939 933/386/933
vt 0.2526625 0.3153915
vt 0.1633933 0.6324024
f 940/393/940 941/394/941 936/389/936
vt 0.3312600 0.8680478
vt 0.3635977 0.3676885
vt 0.3122957 0.7817324
f 942/395/942 943/396/943 944/397/944
vt 0.2147698 0.1821964
vt 0.2172999 0.1643345
f 939/392/939 945/398/945 946/399/946
vt 0.2171519 0.2362345
f 933/386/933 947/400/947 934/387/934
vt 0.2340953 0.2865503
vt 0.2269091 0.2705315
f 933/386/933 948/401/948 949/402/949
f 938/391/938 940/393/940 936/389/936
vt 0.3939830 0.3619244
vt 0.4414664 0.5284622
vt 0.4546214 0.5060436
f 950/403/950 951/404/951 952/405/952
vt 0.3055321 0.8531922
vt 0.2997929 0.8699974
f 942/395/942 953/406/953 954/407/954
vt 0.3130933 0.7994189
f 944/397/944 955/408/955 942/395/942
vt 0.3562354 0.0000000
vt 0.3388756 0.0010391
vt 0.3488730 0.0336704
f 956/409/956 957/410/957 958/411/958
vt 0.3216956 0.0041459
vt 0.3335474 0.0355847
f 957/410/957 959/412/959 960/413/960
vt 0.3048733 0.0092881
vt 0.3184878 0.0394345
f 959/412/959 961/414/961 962/415/962
vt 0.2885829 0.0164123
vt 0.2729932 0.0254450
vt 0.2898675 0.0527382
f 963/416/963 964/417/964 965/418/965
vt 0.2582656 0.0362925
vt 0.2766424 0.0620361
f 964/417/964 966/419/966 967/420/967
f 935/388/935 945/398/945 939/392/939
vt 0.2212392 0.2536938
f 949/402/949 968/421/968 933/386/933
vt 0.2427134 0.3015622
f 940/393/940 969/422/969 941/394/941
vt 0.1480677 0.6343167
f 948/401/948 933/386/933 970/423/970
vt 0.3789233 0.3657742
vt 0.4212940 0.5774163
vt 0.4303187 0.5523354
f 971/424/971 972/425/972 973/426/973
f 950/403/950 973/426/973 951/404/951
vt 0.3042049 0.9246678
vt 0.2838610 0.9009380
vt 0.2738551 0.9147106
f 974/427/974 975/428/975 976/429/976
vt 0.3149492 0.9069816
vt 0.2925409 0.8859752
f 977/430/977 978/431/978 975/428/975
vt 0.3240030 0.8880342
f 979/432/979 954/407/954 978/431/978
vt 0.3096911 0.8357564
f 942/395/942 980/433/980 953/406/953
vt 0.3130929 0.7998158
f 955/408/955 981/434/981 942/395/942
vt 0.3642850 0.0337142
f 958/411/958 982/435/982 956/409/956
f 962/415/962 960/413/960 959/412/959
vt 0.3038706 0.0451748
f 961/414/961 963/416/963 983/436/983
f 967/420/967 965/418/965 964/417/964
vt 0.2445526 0.0488424
vt 0.2319962 0.0629649
vt 0.2531359 0.0853803
f 984/437/984 985/438/985 986/439/986
vt 0.2207265 0.0785136
vt 0.2431300 0.0991528
f 985/438/985 987/440/987 988/441/988
vt 0.2108603 0.0953274
vt 0.2344501 0.1141157
f 989/442/989 990/443/990 988/441/988
vt 0.2024996 0.1132324
vt 0.2271981 0.1300934
f 991/444/991 992/445/992 990/443/990
f 968/421/968 947/400/947 933/386/933
f 970/423/970 941/394/941 948/401/948
vt 0.0140557 0.8792660
vt 0.0414294 0.8692635
vt 0.0357595 0.8524258
f 993/446/993 994/447/994 995/448/995
vt 0.0223228 0.8987033
vt 0.0486156 0.8852822
f 996/449/996 997/450/997 994/447/994
vt 0.4086001 0.3561841
f 952/405/952 998/451/998 950/403/950
vt 0.4696476 0.4853120
f 998/451/998 952/405/952 999/452/999
vt 0.2377317 0.6518490
vt 0.3328681 0.3656434
vt 0.3178245 0.3617080
f 1000/453/1000 1001/454/1001 1002/455/1002
vt 0.2237598 0.6442061
vt 0.3032312 0.3558848
f 1003/456/1003 1002/455/1002 1004/457/1004
f 975/428/975 974/427/974 977/430/977
f 954/407/954 979/432/979 942/395/942
vt 0.3098391 0.7638563
f 943/396/943 1005/458/1005 944/397/944
vt 0.3796026 0.0357155
vt 0.3946462 0.0396509
f 956/409/956 1006/459/1006 1007/460/1007
f 960/413/960 958/411/958 957/410/957
f 965/418/965 983/436/983 963/416/963
vt 0.2643505 0.0729595
f 966/419/966 984/437/984 1008/461/1008
f 988/441/988 986/439/986 985/438/985
f 990/443/990 989/442/989 991/444/991
vt 0.2214590 0.1468987
f 939/392/939 1009/462/1009 992/445/992
f 969/422/969 948/401/948 941/394/941
vt 0.1043878 0.6514702
vt 0.1183910 0.6439067
f 939/392/939 1010/463/1010 1011/464/1011
vt 0.0005564 0.8163001
vt 0.0292156 0.8170904
vt 0.0284184 0.7990071
f 1012/465/1012 1013/466/1013 1014/467/1014
vt 0.0031083 0.8378214
vt 0.0316722 0.8349665
f 1015/468/1015 1016/469/1016 1013/466/1013
f 994/447/994 993/446/993 996/449/996
vt 0.0323301 0.9169766
vt 0.0572337 0.9002942
f 1017/470/1017 1018/471/1018 997/450/997
vt 0.0439604 0.9338716
vt 0.0671828 0.9141235
f 1019/472/1019 1020/473/1020 1018/471/1018
vt 0.0570772 0.9491901
vt 0.0783462 0.9266078
f 1021/474/1021 1022/475/1022 1020/473/1020
vt 0.4226032 0.3486207
f 999/452/999 1023/476/1023 998/451/998
vt 0.4693407 0.3022061
vt 0.4593349 0.3159786
f 999/452/999 1024/477/1024 1025/478/1025
vt 0.5555081 0.1672329
vt 0.4977754 0.1830004
vt 0.4985730 0.2006869
f 1026/479/1026 1027/480/1027 1028/481/1028
vt 0.2631651 0.6722150
vt 0.2743285 0.6846994
f 1001/454/1001 1029/482/1029 1030/483/1030
vt 0.2892593 0.3482419
vt 0.2091665 0.6383828
f 1031/484/1031 937/390/937 1032/485/1032
f 1004/457/1004 1032/485/1032 1003/456/1003
f 978/431/978 977/430/977 979/432/979
vt 0.3122213 0.8178944
f 981/434/981 1033/486/1033 942/395/942
vt 0.3481857 0.3676447
vt 0.2928958 0.7135406
f 1034/487/1034 1001/454/1001 1035/488/1035
vt 0.5555081 0.0000000
f 1007/460/1007 1036/489/1036 956/409/956
f 983/436/983 962/415/962 961/414/961
f 986/439/986 1008/461/1008 984/437/984
f 992/445/992 991/444/991 939/392/939
f 1011/464/1011 933/386/933 939/392/939
vt 0.0788708 0.6716914
vt 0.0911627 0.6607681
f 939/392/939 1037/490/1037 1038/491/1038
vt 0.0048760 0.7515661
vt 0.0318202 0.7630665
vt 0.0359792 0.7456306
f 1039/492/1039 1040/493/1040 1041/494/1041
vt 0.0014455 0.7729182
vt 0.0292900 0.7809284
f 1042/495/1042 1043/496/1043 1040/493/1040
vt 0.0000000 0.7945808
f 1044/497/1044 1014/467/1014 1043/496/1043
f 1013/466/1013 1012/465/1012 1015/468/1015
vt 0.0076257 0.8588924
f 1045/498/1045 995/448/995 1016/469/1016
f 997/450/997 996/449/996 1017/470/1017
f 1020/473/1020 1019/472/1019 1021/474/1021
vt 0.4358283 0.3393228
f 999/452/999 1046/499/1046 1023/476/1023
vt 0.4481202 0.3283994
f 1025/478/1025 1047/500/1047 999/452/999
vt 0.4985726 0.2010838
f 1028/481/1028 1048/501/1048 1026/479/1026
vt 0.2509183 0.6612219
f 1001/454/1001 1049/502/1049 1029/482/1029
f 1002/455/1002 1003/456/1003 1000/453/1000
vt 0.2631785 0.9681743
vt 0.2503486 0.9380547
vt 0.2371235 0.9473526
f 1050/503/1050 1051/504/1051 1052/505/1052
vt 0.2781669 0.9554446
vt 0.2626405 0.9271314
f 1053/506/1053 1054/507/1054 1051/504/1051
vt 0.2918960 0.9408855
f 1055/508/1055 976/429/976 1054/507/1054
f 1033/486/1033 980/433/980 942/395/942
vt 0.3000819 0.7295594
f 1056/509/1056 943/396/943 1034/487/1034
vt 0.4232114 0.0531170
vt 0.4363980 0.0624900
f 1036/489/1036 1057/510/1057 1058/511/1058
vt 0.4092395 0.0454741
f 1007/460/1007 1059/512/1059 1036/489/1036
f 1008/461/1008 967/420/967 966/419/966
f 946/399/946 1009/462/1009 939/392/939
vt 0.0676562 0.6841122
f 939/392/939 1060/513/1060 1037/490/1037
vt 0.0102513 0.7307750
vt 0.0576503 0.6978848
f 939/392/939 1061/514/1061 1062/515/1062
f 1041/494/1041 1061/514/1061 1039/492/1039
f 1043/496/1043 1042/495/1042 1044/497/1044
f 1016/469/1016 1015/468/1015 1045/498/1045
f 1018/471/1018 1017/470/1017 1019/472/1019
vt 0.0715268 0.9627526
vt 0.0905930 0.9376009
f 1063/516/1063 1064/517/1064 1022/475/1022
vt 0.0871397 0.9744000
vt 0.1037796 0.9469738
f 1065/518/1065 1066/519/1066 1064/517/1064
vt 0.1037330 0.9839959
vt 0.1177515 0.9546167
f 1067/520/1067 1068/521/1068 1066/519/1066
vt 0.1211121 0.9914277
vt 0.1323448 0.9604400
f 1069/522/1069 1070/523/1070 1068/521/1068
f 1047/500/1047 1046/499/1046 999/452/999
vt 0.4910118 0.2544602
vt 0.4852726 0.2712655
f 1026/479/1026 1071/524/1071 1072/525/1072
vt 0.4953188 0.1651244
f 1026/479/1026 1073/526/1073 1027/480/1027
vt 0.2124760 0.9940124
vt 0.2085033 0.9606563
vt 0.1934436 0.9645062
f 1074/527/1074 1075/528/1075 1076/529/1076
vt 0.2301394 0.9875719
vt 0.2231204 0.9549161
f 1077/530/1077 1078/531/1078 1075/528/1075
vt 0.2842776 0.6985286
f 1030/483/1030 1079/532/1079 1001/454/1001
f 1032/485/1032 1004/457/1004 1031/484/1031
f 1051/504/1051 1050/503/1050 1053/506/1053
f 976/429/976 1055/508/1055 974/427/974
f 1035/488/1035 1056/509/1056 1034/487/1034
f 1059/512/1059 1057/510/1057 1036/489/1036
f 988/441/988 987/440/987 989/442/989
f 1062/515/1062 1060/513/1060 939/392/939
vt 0.0417184 0.7288253
vt 0.0489704 0.7128476
f 1061/514/1061 1080/533/1080 1081/534/1081
f 1040/493/1040 1039/492/1039 1042/495/1042
f 995/448/995 1045/498/1045 993/446/993
f 1064/517/1064 1063/516/1063 1065/518/1065
f 1068/521/1068 1067/520/1067 1069/522/1069
f 943/396/943 942/395/942 972/425/972
vt 0.4780206 0.2872432
f 999/452/999 1082/535/1082 1024/477/1024
vt 0.4951708 0.2370244
f 1026/479/1026 1083/536/1083 1071/524/1071
vt 0.4977010 0.2191625
f 1048/501/1048 1084/537/1084 1026/479/1026
vt 0.4697573 0.0997967
vt 0.4783755 0.1148086
f 1026/479/1026 1085/538/1085 1086/539/1086
vt 0.5046734 0.4497489
vt 0.5243102 0.4352856
f 1026/479/1026 1087/540/1087 1088/541/1088
f 1075/528/1075 1074/527/1074 1077/530/1077
vt 0.2471065 0.9789254
f 1089/542/1089 1052/505/1052 1078/531/1078
vt 0.2760727 0.3388689
f 937/390/937 1031/484/1031 1090/543/1090
f 1000/453/1000 1049/502/1049 1001/454/1001
f 1054/507/1054 1053/506/1053 1055/508/1055
vt 0.3057519 0.7463970
f 1056/509/1056 1091/544/1091 943/396/943
f 982/435/982 1006/459/1006 956/409/956
f 1081/534/1081 1062/515/1062 1061/514/1061
f 1014/467/1014 1044/497/1044 1012/465/1012
f 1066/519/1066 1065/518/1065 1067/520/1067
vt 0.1574057 0.9994770
vt 0.1627060 0.9663767
vt 0.1473884 0.9643753
f 1092/545/1092 1093/546/1093 1094/547/1094
vt 0.1758947 1.0000000
vt 0.1781180 0.9664204
f 1095/548/1095 1096/549/1096 1093/546/1093
f 973/426/973 950/403/950 971/424/971
f 1072/525/1072 999/452/999 1026/479/1026
vt 0.4912316 0.1476651
f 1026/479/1026 1097/550/1097 1073/526/1073
vt 0.4855616 0.1308274
f 1086/539/1086 1098/551/1098 1026/479/1026
vt 0.5450966 0.4232420
f 1088/541/1088 1099/552/1099 1026/479/1026
vt 0.4863894 0.4664821
f 1026/479/1026 999/452/999 1100/553/1100
vt 0.1943235 0.9981713
f 1101/554/1101 1076/529/1076 1096/549/1096
f 1078/531/1078 1077/530/1077 1089/542/1089
f 1079/532/1079 1035/488/1035 1001/454/1001
f 1091/544/1091 1005/458/1005 943/396/943
f 1038/491/1038 1010/463/1010 939/392/939
f 1022/475/1022 1021/474/1021 1063/516/1063
vt 0.1390731 0.9966083
f 1102/555/1102 1094/547/1094 1070/523/1070
f 1093/546/1093 1092/545/1092 1095/548/1095
f 1072/525/1072 1082/535/1082 999/452/999
f 1098/551/1098 1097/550/1097 1026/479/1026
vt 0.4486448 0.0734830
f 1026/479/1026 1058/511/1058 1103/556/1103
vt 0.6352999 0.4013589
f 1104/273/1104 1026/479/1026 1105/557/1105
vt 0.5668170 0.4137430
vt 0.5892467 0.4068868
f 1026/479/1026 1106/558/1106 1107/559/1107
f 1100/553/1100 1087/540/1087 1026/479/1026
f 1076/529/1076 1101/554/1101 1074/527/1074
f 1052/505/1052 1089/542/1089 1050/503/1050
f 1041/494/1041 1080/533/1080 1061/514/1061
f 1094/547/1094 1102/555/1102 1092/545/1092
f 1084/537/1084 1083/536/1083 1026/479/1026
vt 0.4598082 0.0859674
f 1103/556/1103 1108/560/1108 1026/479/1026
vt 0.6121535 0.4027445
f 1026/479/1026 1109/561/1109 1105/557/1105
f 1099/552/1099 1106/558/1106 1026/479/1026
f 1090/543/1090 938/391/938 937/390/937
f 1070/523/1070 1069/522/1069 1102/555/1102
f 1108/560/1108 1085/538/1085 1026/479/1026
f 1107/559/1107 1109/561/1109 1026/479/1026
f 1058/511/1058 1026/479/1026 1036/489/1036
f 1105/557/1105 1110/274/1110 1104/273/1104
f 972/425/972 971/424/971 943/396/943
f 1096/549/1096 1095/548/1095 1101/554/1101
f 1111/59/1111 1112/379/1112 1113/61/1113
f 1114/62/1114 1113/61/1113 1115/63/1115
f 1116/64/1116 1115/63/1115 1117/65/1117
f 1118/66/1118 1117/65/1117 1119/67/1119
f 1120/68/1120 1119/67/1119 1121/69/1121
f 1122/70/1122 1121/69/1121 1123/71/1123
f 1124/72/1124 1123/71/1123 1125/73/1125
f 1126/74/1126 1125/73/1125 1127/75/1127
f 1128/76/1128 1127/75/1127 1129/77/1129
f 1130/78/1130 1129/77/1129 1131/79/1131
f 1132/80/1132 1131/79/1131 1133/81/1133
f 1134/82/1134 1133/81/1133 1135/83/1135
f 1136/84/1136 1135/83/1135 1137/85/1137
f 1138/86/1138 1137/85/1137 1139/87/1139
f 1140/88/1140 1139/87/1139 1141/89/1141
f 1142/90/1142 1141/89/1141 1143/91/1143
f 1144/92/1144 1143/91/1143 1145/93/1145
vt 0.5869624 1.0000000
f 1146/96/1146 1147/94/1147 1148/562/1148
f 1147/94/1147 1145/93/1145 1148/562/1148
f 1146/96/1146 1149/95/1149 1150/97/1150
f 1151/98/1151 1150/97/1150 1152/99/1152
f 1153/100/1153 1152/99/1152 1154/101/1154
f 1155/102/1155 1154/101/1154 1156/103/1156
f 1157/104/1157 1156/103/1156 1158/105/1158
f 1159/106/1159 1158/105/1158 1160/107/1160
f 1161/108/1161 1160/107/1160 1162/109/1162
f 1163/110/1163 1162/109/1162 1164/111/1164
f 1165/112/1165 1164/111/1164 1166/113/1166
f 1167/114/1167 1166/113/1166 1168/115/1168
f 1169/116/1169 1168/115/1168 1170/117/1170
f 1170/117/1170 1171/118/1171 1169/116/1169
f 1168/115/1168 1169/116/1169 1167/114/1167
f 1166/113/1166 1167/114/1167 1165/112/1165
f 1164/111/1164 1165/112/1165 1163/110/1163
f 1162/109/1162 1163/110/1163 1161/108/1161
f 1160/107/1160 1161/108/1161 1159/106/1159
f 1158/105/1158 1159/106/1159 1157/104/1157
f 1156/103/1156 1157/104/1157 1155/102/1155
f 1154/101/1154 1155/102/1155 1153/100/1153
f 1152/99/1152 1153/100/1153 1151/98/1151
f 1150/97/1150 1151/98/1151 1146/96/1146
f 1148/562/1148 1149/95/1149 1146/96/1146
f 1145/93/1145 1147/94/1147 1144/92/1144
f 1143/91/1143 1144/92/1144 1142/90/1142
f 1141/89/1141 1142/90/1142 1140/88/1140
f 1139/87/1139 1140/88/1140 1138/86/1138
f 1137/85/1137 1138/86/1138 1136/84/1136
f 1135/83/1135 1136/84/1136 1134/82/1134
f 1133/81/1133 1134/82/1134 1132/80/1132
f 1131/79/1131 1132/80/1132 1130/78/1130
f 1129/77/1129 1130/78/1130 1128/76/1128
f 1127/75/1127 1128/76/1128 1126/74/1126
f 1125/73/1125 1126/74/1126 1124/72/1124
f 1123/71/1123 1124/72/1124 1122/70/1122
f 1121/69/1121 1122/70/1122 1120/68/1120
f 1119/67/1119 1120/68/1120 1118/66/1118
f 1117/65/1117 1118/66/1118 1116/64/1116
f 1115/63/1115 1116/64/1116 1114/62/1114
f 1113/61/1113 1114/62/1114 1111/59/1111
f 1172/119/1172 1173/120/1173 1174/121/1174
f 1175/122/1175 1174/121/1174 1176/123/1176
f 1177/124/1177 1176/123/1176 1178/125/1178
vt 0.5724325 0.0000000
f 1178/125/1178 1179/127/1179 1180/563/1180
f 1179/127/1179 1181/128/1181 1180/563/1180
f 1181/128/1181 1179/127/1179 1182/129/1182
f 1183/130/1183 1182/129/1182 1184/131/1184
f 1185/132/1185 1184/131/1184 1186/133/1186
f 1187/134/1187 1186/133/1186 1188/135/1188
f 1189/136/1189 1188/135/1188 1190/137/1190
f 1191/138/1191 1190/137/1190 1192/139/1192
f 1193/140/1193 1192/139/1192 1194/141/1194
f 1195/142/1195 1194/141/1194 1196/143/1196
f 1197/144/1197 1196/143/1196 1198/145/1198
f 1199/146/1199 1198/145/1198 1200/147/1200
f 1201/148/1201 1200/147/1200 1202/149/1202
f 1203/150/1203 1202/149/1202 1204/151/1204
f 1205/152/1205 1204/151/1204 1206/153/1206
f 1207/154/1207 1206/153/1206 1208/155/1208
f 1209/156/1209 1208/155/1208 1210/157/1210
f 1211/158/1211 1210/157/1210 1212/159/1212
f 1213/160/1213 1212/159/1212 1214/161/1214
f 1215/162/1215 1214/161/1214 1216/163/1216
f 1217/164/1217 1216/163/1216 1218/165/1218
f 1219/166/1219 1218/165/1218 1220/167/1220
f 1221/168/1221 1220/167/1220 1222/169/1222
f 1223/170/1223 1222/169/1222 1224/171/1224
f 1225/172/1225 1224/171/1224 1226/173/1226
f 1227/174/1227 1226/173/1226 1228/117/1228
f 1229/118/1229 1228/117/1228 1230/380/1230
f 1230/380/1230 1231/59/1231 1229/118/1229
f 1228/117/1228 1229/118/1229 1227/174/1227
f 1226/173/1226 1227/174/1227 1225/172/1225
f 1224/171/1224 1225/172/1225 1223/170/1223
f 1222/169/1222 1223/170/1223 1221/168/1221
f 1220/167/1220 1221/168/1221 1219/166/1219
f 1218/165/1218 1219/166/1219 1217/164/1217
f 1216/163/1216 1217/164/1217 1215/162/1215
f 1214/161/1214 1215/162/1215 1213/160/1213
f 1212/159/1212 1213/160/1213 1211/158/1211
f 1210/157/1210 1211/158/1211 1209/156/1209
f 1208/155/1208 1209/156/1209 1207/154/1207
f 1206/153/1206 1207/154/1207 1205/152/1205
f 1204/151/1204 1205/152/1205 1203/150/1203
f 1202/149/1202 1203/150/1203 1201/148/1201
f 1200/147/1200 1201/148/1201 1199/146/1199
f 1198/145/1198 1199/146/1199 1197/144/1197
f 1196/143/1196 1197/144/1197 1195/142/1195
f 1194/141/1194 1195/142/1195 1193/140/1193
f 1192/139/1192 1193/140/1193 1191/138/1191
f 1190/137/1190 1191/138/1191 1189/136/1189
f 1188/135/1188 1189/136/1189 1187/134/1187
f 1186/133/1186 1187/134/1187 1185/132/1185
f 1184/131/1184 1185/132/1185 1183/130/1183
f 1182/129/1182 1183/130/1183 1181/128/1181
f 1180/563/1180 1232/126/1232 1178/125/1178
f 1178/125/1178 1232/126/1232 1177/124/1177
f 1176/123/1176 1177/124/1177 1175/122/1175
f 1174/121/1174 1175/122/1175 1172/119/1172
vt 0.3994922 0.0101916
vt 0.7165383 0.0491385
vt 0.6665084 0.0283986
f 1233/564/1233 1234/565/1234 1235/566/1235
vt 0.0004047 0.5201107
vt 0.0164142 0.6270492
vt 0.0329909 0.6785951
f 1236/567/1236 1237/568/1237 1238/569/1238
vt 0.1613079 0.1322097
vt 0.1235171 0.1709954
f 1234/565/1234 1239/570/1239 1240/571/1240
vt 0.2483194 0.0679785
vt 0.2030718 0.0977360
f 1234/565/1234 1241/572/1241 1242/573/1242
vt 0.3471087 0.0239482
f 1234/565/1234 1233/564/1233 1243/574/1243
vt 0.5612087 0.0036845
vt 0.5071735 0.0000000
vt 0.4530565 0.0021775
f 1244/575/1244 1245/576/1245 1246/577/1246
vt 0.6145288 0.0131878
f 1235/566/1235 1247/578/1247 1233/564/1233
vt 0.9388289 0.7403614
vt 0.9622533 0.6915431
f 1236/567/1236 1248/579/1248 1249/580/1249
vt 0.8768876 0.8290046
vt 0.9102620 0.7863617
f 1236/567/1236 1250/581/1250 1251/582/1251
vt 0.4391959 0.9963155
vt 0.4932312 1.0000000
f 1236/567/1236 1252/583/1252 1253/584/1253
vt 0.3338963 0.9716014
vt 0.3858759 0.9868122
f 1236/567/1236 1254/585/1254 1255/586/1255
vt 0.1144911 0.8183817
vt 0.1511859 0.8582052
f 1236/567/1236 1256/587/1256 1257/588/1257
vt 0.0055095 0.5740138
f 1236/567/1236 1258/589/1258 1237/568/1237
vt 0.0901427 0.2136383
vt 0.0615758 0.2596386
f 1234/565/1234 1259/590/1259 1260/591/1260
f 1242/573/1242 1239/570/1239 1234/565/1234
vt 0.2965201 0.0432861
f 1243/574/1243 1261/592/1261 1234/565/1234
f 1247/578/1247 1244/575/1244 1233/564/1233
vt 0.0381514 0.3084569
vt 0.8084322 0.1061709
vt 0.7640318 0.0751643
f 1262/593/1262 1263/594/1263 1264/595/1264
vt 0.9180862 0.2251746
vt 0.8859136 0.1816183
f 1262/593/1262 1265/596/1265 1266/597/1266
vt 0.9802606 0.6404791
vt 0.9926395 0.5877682
f 1236/567/1236 1267/598/1267 1268/599/1268
f 1251/582/1251 1248/579/1248 1236/567/1236
f 1255/586/1255 1252/583/1252 1236/567/1236
vt 0.2363729 0.9248357
vt 0.2838664 0.9508615
f 1236/567/1236 1269/600/1269 1270/601/1270
vt 0.0823185 0.7748254
f 1236/567/1236 1271/602/1271 1256/587/1256
vt 0.0550451 0.7280470
f 1238/569/1238 1272/603/1272 1236/567/1236
f 1240/571/1240 1259/590/1259 1234/565/1234
f 1246/577/1246 1233/564/1233 1244/575/1244
vt 0.8492188 0.1417948
f 1262/593/1262 1273/604/1273 1263/594/1263
vt 0.9453595 0.2719530
f 1262/593/1262 1274/605/1274 1265/596/1265
vt 0.9839905 0.3729508
vt 0.9674138 0.3214049
f 1262/593/1262 1275/606/1275 1276/607/1276
f 1249/580/1249 1267/598/1267 1236/567/1236
vt 0.7973328 0.9022640
vt 0.8390968 0.8677903
f 1236/567/1236 1277/608/1277 1278/609/1278
vt 0.6532960 0.9760518
vt 0.7038846 0.9567139
f 1236/567/1236 1279/610/1279 1280/611/1280
vt 0.5473482 0.9978225
vt 0.6009125 0.9898084
f 1236/567/1236 1281/612/1281 1282/613/1282
f 1270/601/1270 1254/585/1254 1236/567/1236
f 1272/603/1272 1271/602/1271 1236/567/1236
f 1261/592/1261 1241/572/1241 1234/565/1234
f 1266/597/1266 1273/604/1273 1262/593/1262
vt 0.9948952 0.4259862
f 1262/593/1262 1283/614/1283 1275/606/1275
vt 0.9992452 0.5340282
vt 1.0000000 0.4798893
f 1262/593/1262 1284/615/1284 1285/616/1285
f 1278/609/1278 1250/581/1250 1236/567/1236
vt 0.7520853 0.9320215
f 1280/611/1280 1286/617/1286 1236/567/1236
f 1253/584/1253 1281/612/1281 1236/567/1236
vt 0.1919725 0.8938291
f 1257/588/1257 1287/618/1287 1236/567/1236
vt 0.0201442 0.3595209
f 1284/615/1284 1262/593/1262 1288/619/1288
f 1264/595/1264 1234/565/1234 1262/593/1262
f 1285/616/1285 1283/614/1283 1262/593/1262
f 1286/617/1286 1277/608/1277 1236/567/1236
f 1287/618/1287 1269/600/1269 1236/567/1236
vt 0.0077651 0.4122318
f 1288/619/1288 1289/620/1289 1284/615/1284
f 1276/607/1276 1274/605/1274 1262/593/1262
f 1282/613/1282 1279/610/1279 1236/567/1236
f 1260/591/1260 1262/593/1262 1234/565/1234
f 1284/615/1284 1290/56/1290 1236/567/1236
vt 0.0011595 0.4659718
f 1289/620/1289 1291/621/1291 1284/615/1284
f 1291/621/1291 1290/56/1290 1284/615/1284
f 1268/599/1268 1284/615/1284 1236/567/1236
vt 0.0000000 1.0000000
f 1292/59/1292 1293/622/1293 1294/61/1294
f 1295/62/1295 1294/61/1294 1296/63/1296
f 1297/64/1297 1296/63/1296 1298/65/1298
f 1299/66/1299 1298/65/1298 1300/67/1300
f 1301/68/1301 1300/67/1300 1302/69/1302
f 1303/70/1303 1302/69/1302 1304/71/1304
f 1305/72/1305 1304/71/1304 1306/73/1306
f 1307/74/1307 1306/73/1306 1308/75/1308
f 1309/76/1309 1308/75/1308 1310/77/1310
f 1311/78/1311 1310/77/1310 1312/79/1312
f 1313/80/1313 1312/79/1312 1314/81/1314
f 1315/82/1315 1314/81/1314 1316/83/1316
f 1317/84/1317 1316/83/1316 1318/85/1318
f 1319/86/1319 1318/85/1318 1320/87/1320
f 1321/88/1321 1320/87/1320 1322/89/1322
f 1323/90/1323 1322/89/1322 1324/91/1324
f 1325/92/1325 1324/91/1324 1326/93/1326
f 1327/96/1327 1328/94/1328 1329/562/1329
f 1328/94/1328 1326/93/1326 1329/562/1329
f 1327/96/1327 1330/95/1330 1331/97/1331
f 1332/98/1332 1331/97/1331 1333/99/1333
f 1334/100/1334 1333/99/1333 1335/101/1335
f 1336/102/1336 1335/101/1335 1337/103/1337
f 1338/104/1338 1337/103/1337 1339/105/1339
f 1340/106/1340 1339/105/1339 1341/107/1341
f 1342/108/1342 1341/107/1341 1343/109/1343
f 1344/110/1344 1343/109/1343 1345/111/1345
f 1346/112/1346 1345/111/1345 1347/113/1347
f 1348/114/1348 1347/113/1347 1349/115/1349
f 1350/116/1350 1349/115/1349 1351/117/1351
f 1351/117/1351 1352/118/1352 1350/116/1350
f 1349/115/1349 1350/116/1350 1348/114/1348
f 1347/113/1347 1348/114/1348 1346/112/1346
f 1345/111/1345 1346/112/1346 1344/110/1344
f 1343/109/1343 1344/110/1344 1342/108/1342
f 1341/107/1341 1342/108/1342 1340/106/1340
f 1339/105/1339 1340/106/1340 1338/104/1338
f 1337/103/1337 1338/104/1338 1336/102/1336
f 1335/101/1335 1336/102/1336 1334/100/1334
f 1333/99/1333 1334/100/1334 1332/98/1332
f 1331/97/1331 1332/98/1332 1327/96/1327
f 1329/562/1329 1330/95/1330 1327/96/1327
f 1326/93/1326 1328/94/1328 1325/92/1325
f 1324/91/1324 1325/92/1325 1323/90/1323
f 1322/89/1322 1323/90/1323 1321/88/1321
f 1320/87/1320 1321/88/1321 1319/86/1319
f 1318/85/1318 1319/86/1319 1317/84/1317
f 1316/83/1316 1317/84/1317 1315/82/1315
f 1314/81/1314 1315/82/1315 1313/80/1313
f 1312/79/1312 1313/80/1313 1311/78/1311
f 1310/77/1310 1311/78/1311 1309/76/1309
f 1308/75/1308 1309/76/1309 1307/74/1307
f 1306/73/1306 1307/74/1307 1305/72/1305
f 1304/71/1304 1305/72/1305 1303/70/1303
f 1302/69/1302 1303/70/1303 1301/68/1301
f 1300/67/1300 1301/68/1301 1299/66/1299
f 1298/65/1298 1299/66/1299 1297/64/1297
f 1296/63/1296 1297/64/1297 1295/62/1295
f 1294/61/1294 1295/62/1295 1292/59/1292
f 1353/119/1353 1354/120/1354 1355/121/1355
f 1356/122/1356 1355/121/1355 1357/123/1357
f 1358/124/1358 1357/123/1357 1359/125/1359
f 1359/125/1359 1360/127/1360 1361/563/1361
f 1360/127/1360 1362/128/1362 1361/563/1361
f 1362/128/1362 1360/127/1360 1363/129/1363
f 1364/130/1364 1363/129/1363 1365/131/1365
f 1366/132/1366 1365/131/1365 1367/133/1367
f 1368/134/1368 1367/133/1367 1369/135/1369
f 1370/136/1370 1369/135/1369 1371/137/1371
f 1372/138/1372 1371/137/1371 1373/139/1373
f 1374/140/1374 1373/139/1373 1375/141/1375
f 1376/142/1376 1375/141/1375 1377/143/1377
f 1378/144/1378 1377/143/1377 1379/145/1379
f 1380/146/1380 1379/145/1379 1381/147/1381
f 1382/148/1382 1381/147/1381 1383/149/1383
f 1384/150/1384 1383/149/1383 1385/151/1385
f 1386/152/1386 1385/151/1385 1387/153/1387
f 1388/154/1388 1387/153/1387 1389/155/1389
f 1390/156/1390 1389/155/1389 1391/157/1391
f 1392/158/1392 1391/157/1391 1393/159/1393
f 1394/160/1394 1393/159/1393 1395/161/1395
f 1396/162/1396 1395/161/1395 1397/163/1397
f 1398/164/1398 1397/163/1397 1399/165/1399
f 1400/166/1400 1399/165/1399 1401/167/1401
f 1402/168/1402 1401/167/1401 1403/169/1403
f 1404/170/1404 1403/169/1403 1405/171/1405
f 1406/172/1406 1405/171/1405 1407/173/1407
f 1408/174/1408 1407/173/1407 1409/117/1409
vt 0.0000000 1.0000000
f 1410/118/1410 1409/117/1409 1411/623/1411
f 1411/623/1411 1412/59/1412 1410/118/1410
f 1409/117/1409 1410/118/1410 1408/174/1408
f 1407/173/1407 1408/174/1408 1406/172/1406
f 1405/171/1405 1406/172/1406 1404/170/1404
f 1403/169/1403 1404/170/1404 1402/168/1402
f 1401/167/1401 1402/168/1402 1400/166/1400
f 1399/165/1399 1400/166/1400 1398/164/1398
f 1397/163/1397 1398/164/1398 1396/162/1396
f 1395/161/1395 1396/162/1396 1394/160/1394
f 1393/159/1393 1394/160/1394 1392/158/1392
f 1391/157/1391 1392/158/1392 1390/156/1390
f 1389/155/1389 1390/156/1390 1388/154/1388
f 1387/153/1387 1388/154/1388 1386/152/1386
f 1385/151/1385 1386/152/1386 1384/150/1384
f 1383/149/1383 1384/150/1384 1382/148/1382
f 1381/147/1381 1382/148/1382 1380/146/1380
f 1379/145/1379 1380/146/1380 1378/144/1378
f 1377/143/1377 1378/144/1378 1376/142/1376
f 1375/141/1375 1376/142/1376 1374/140/1374
f 1373/139/1373 1374/140/1374 1372/138/1372
f 1371/137/1371 1372/138/1372 1370/136/1370
f 1369/135/1369 1370/136/1370 1368/134/1368
f 1367/133/1367 1368/134/1368 1366/132/1366
f 1365/131/1365 1366/132/1366 1364/130/1364
f 1363/129/1363 1364/130/1364 1362/128/1362
f 1361/563/1361 1413/126/1413 1359/125/1359
f 1359/125/1359 1413/126/1413 1358/124/1358
f 1357/123/1357 1358/124/1358 1356/122/1356
f 1355/121/1355 1356/122/1356 1353/119/1353
f 1414/567/1414 1415/611/1415 1416/617/1416
f 1414/567/1414 1417/582/1417 1418/579/1418
f 1414/567/1414 1419/608/1419 1420/609/1420
f 1414/567/1414 1421/610/1421 1415/611/1415
f 1422/568/1422 1423/602/1423 1424/587/1424
f 1423/602/1423 1422/568/1422 1425/569/1425
f 1414/567/1414 1426/581/1426 1417/582/1417
f 1416/617/1416 1419/608/1419 1414/567/1414
f 1422/568/1422 1427/588/1427 1428/618/1428
f 1425/569/1425 1429/603/1429 1423/602/1423
f 1430/615/1430 1431/572/1431 1432/573/1432
f 1430/615/1430 1433/574/1433 1434/592/1434
f 1430/615/1430 1435/576/1435 1436/577/1436
f 1435/576/1435 1437/566/1437 1438/578/1438
f 1435/576/1435 1439/595/1439 1440/565/1440
f 1435/576/1435 1441/597/1441 1442/604/1442
f 1420/609/1420 1426/581/1426 1414/567/1414
f 1414/567/1414 1443/612/1443 1444/613/1444
f 1424/587/1424 1427/588/1427 1422/568/1422
f 1445/600/1445 1414/567/1414 1446/589/1446
f 1430/615/1430 1447/593/1447 1448/619/1448
f 1430/615/1430 1449/571/1449 1450/590/1450
f 1434/592/1434 1431/572/1431 1430/615/1430
f 1436/577/1436 1451/564/1451 1430/615/1430
f 1440/565/1440 1437/566/1437 1435/576/1435
f 1442/604/1442 1452/594/1452 1435/576/1435
f 1435/576/1435 1453/606/1453 1454/607/1454
f 1435/576/1435 1455/616/1455 1456/614/1456
f 1414/567/1414 1457/580/1457 1458/598/1458
f 1444/613/1444 1421/610/1421 1414/567/1414
f 1414/567/1414 1459/586/1459 1460/583/1460
f 1414/567/1414 1445/600/1445 1461/601/1461
f 1446/589/1446 1422/568/1422 1445/600/1445
f 1430/615/1430 1462/591/1462 1447/593/1447
f 1430/615/1430 1463/570/1463 1449/571/1449
f 1451/564/1451 1433/574/1433 1430/615/1430
f 1452/594/1452 1439/595/1439 1435/576/1435
f 1435/576/1435 1464/605/1464 1465/596/1465
f 1456/614/1456 1453/606/1453 1435/576/1435
f 1458/598/1458 1466/599/1466 1414/567/1414
f 1414/567/1414 1467/584/1467 1443/612/1443
f 1414/567/1414 1468/585/1468 1459/586/1459
f 1428/618/1428 1445/600/1445 1422/568/1422
f 1448/619/1448 1469/620/1469 1430/615/1430
f 1432/573/1432 1463/570/1463 1430/615/1430
f 1465/596/1465 1441/597/1441 1435/576/1435
f 1435/576/1435 1430/615/1430 1455/616/1455
f 1418/579/1418 1457/580/1457 1414/567/1414
f 1461/601/1461 1468/585/1468 1414/567/1414
f 1450/590/1450 1462/591/1462 1430/615/1430
f 1454/607/1454 1464/605/1464 1435/576/1435
f 1460/583/1460 1467/584/1467 1414/567/1414
f 1438/578/1438 1470/575/1470 1435/576/1435
f 1430/615/1430 1471/56/1471 1414/567/1414
f 1469/620/1469 1472/621/1472 1430/615/1430
f 1472/621/1472 1471/56/1471 1430/615/1430
f 1466/599/1466 1430/615/1430 1414/567/1414
vt 0.2327036 0.6102056
vt 0.4227915 0.5396577
vt 0.5093647 0.9727799
f 1473/624/1473 1474/625/1474 1475/626/1475
vt 0.4211186 0.5286638
f 1473/624/1473 1476/627/1476 1474/625/1474
vt 0.5107551 0.9704397
f 1474/625/1474 1477/628/1477 1475/626/1475
vt 0.5080969 0.9754393
f 1475/626/1475 1478/629/1478 1473/624/1473
vt 0.1549191 0.4934260
vt 0.1549191 0.5065740
f 1479/59/1479 1480/630/1480 1481/631/1481
vt 0.5059862 0.9815874
vt 0.2271875 0.6150721
f 1482/632/1482 1483/633/1483 1473/624/1473
vt 0.4199923 0.5173337
f 1473/624/1473 1484/634/1484 1476/627/1476
vt 0.4194258 0.4941994
vt 0.4194258 0.5058006
f 1473/624/1473 1485/635/1485 1486/636/1486
vt 0.0000000 1.0000000
vt 0.1568376 0.5324856
vt 0.1587335 0.5449454
f 1487/637/1487 1488/638/1488 1489/639/1489
f 1481/631/1481 1487/637/1487 1479/59/1479
vt 0.4427958 0.4081939
vt 0.2644357 0.5065740
vt 0.2645161 0.5000000
f 1490/640/1490 1491/641/1491 1492/642/1492
vt 0.5069662 0.9783866
f 1478/629/1478 1493/643/1493 1473/624/1473
vt 0.4199923 0.4826662
f 1473/624/1473 1494/644/1494 1485/635/1485
vt 0.4227915 0.4603423
vt 0.4211186 0.4713362
f 1473/624/1473 1495/645/1495 1496/646/1496
vt 0.1555611 0.5196450
f 1487/637/1487 1497/647/1497 1488/638/1488
vt 0.1555611 0.4803550
f 1479/59/1479 1498/648/1498 1480/630/1480
vt 0.2625172 0.4675144
vt 0.4474247 0.4027598
f 1499/649/1499 1500/650/1500 1490/640/1490
vt 0.2644357 0.4934260
f 1492/642/1492 1501/651/1501 1490/640/1490
vt 0.5206797 0.9643381
vt 0.5198064 0.9642857
vt 0.5126925 0.5396577
f 1502/652/1502 1503/653/1503 1504/654/1504
f 1473/624/1473 1493/643/1493 1482/632/1482
f 1496/646/1496 1494/644/1494 1473/624/1473
vt 0.4276925 0.4398728
vt 0.4249913 0.4498134
f 1473/624/1473 1505/655/1505 1506/656/1506
vt 0.4344662 0.4222147
vt 0.4308631 0.4306372
f 1473/624/1473 1507/657/1507 1508/658/1508
f 1481/631/1481 1497/647/1497 1487/637/1487
vt 0.1587335 0.4550546
vt 0.1568376 0.4675144
f 1479/59/1479 1509/659/1509 1510/660/1510
vt 0.5036774 0.0000000
vt 0.2581281 0.4431219
vt 0.2550668 0.4318559
f 1511/661/1511 1512/662/1512 1513/663/1513
vt 0.4522919 0.3984658
f 1512/662/1512 1511/661/1511 1514/664/1514
f 1499/649/1499 1514/664/1514 1500/650/1500
vt 0.2637937 0.5196450
f 1490/640/1490 1515/665/1515 1491/641/1491
vt 0.2581281 0.5568782
vt 0.2606213 0.5449454
f 1490/640/1490 1516/666/1516 1517/667/1517
vt 0.5143653 0.5286638
f 1504/654/1504 1518/668/1518 1502/652/1502
f 1486/636/1486 1484/634/1484 1473/624/1473
f 1508/658/1508 1505/655/1505 1473/624/1473
vt 0.1678814 0.5786112
vt 0.1719649 0.5881566
f 1487/637/1487 1519/669/1519 1520/670/1520
f 1510/660/1510 1498/648/1498 1479/59/1479
vt 0.2606213 0.4550546
f 1514/664/1514 1521/671/1521 1512/662/1512
vt 0.2637937 0.4803550
f 1501/651/1501 1522/672/1522 1490/640/1490
vt 0.2625172 0.5324856
f 1517/667/1517 1523/673/1523 1490/640/1490
vt 0.5241214 0.0344125
vt 0.5160581 0.5058006
vt 0.5161290 0.5000000
f 1524/674/1524 1525/675/1525 1526/676/1526
vt 0.5224158 0.9647562
f 1518/668/1518 1527/677/1527 1502/652/1502
vt 0.7805647 0.5065740
vt 0.7806451 0.5000000
f 1528/118/1528 1529/678/1529 1530/679/1530
f 1506/656/1506 1495/645/1495 1473/624/1473
vt 0.4384593 0.4147043
f 1473/624/1473 1490/640/1490 1531/680/1531
vt 0.1642880 0.5681441
f 1487/637/1487 1532/681/1532 1519/669/1519
vt 0.1612268 0.5568782
f 1489/639/1489 1533/682/1533 1487/637/1487
vt 0.1678814 0.4213888
vt 0.1642880 0.4318559
f 1479/59/1479 1534/683/1534 1535/684/1535
f 1514/664/1514 1499/649/1499 1521/671/1521
f 1523/673/1523 1515/665/1515 1490/640/1490
vt 0.4831920 0.3984658
vt 0.5189332 0.0356619
vt 0.5206797 0.0356619
f 1536/685/1536 1537/686/1537 1538/687/1538
vt 0.5126925 0.4603423
vt 0.5104925 0.4498134
f 1524/674/1524 1539/688/1539 1540/689/1540
vt 0.5160581 0.4941994
f 1526/676/1526 1541/690/1541 1524/674/1524
vt 0.5154916 0.5173337
f 1527/677/1527 1542/691/1542 1525/675/1525
vt 0.5189332 0.9643381
f 1503/653/1503 1543/692/1543 1504/654/1504
vt 0.4677419 0.3928571
vt 0.5037720 0.0038614
f 1544/693/1544 1511/661/1511 1545/694/1545
vt 0.5241214 0.9655875
vt 0.5358409 0.0038614
vt 0.6804171 0.4318559
f 1546/695/1546 1547/696/1547 1548/697/1548
vt 0.5288578 0.9704397
vt 0.6773558 0.4431219
f 1549/698/1549 1548/697/1548 1550/699/1550
vt 0.5326467 0.9783866
vt 0.5315161 0.9754393
f 1550/699/1550 1551/700/1551 1552/701/1552
vt 0.7805647 0.4934260
f 1530/679/1530 1553/702/1553 1528/118/1528
f 1531/680/1531 1507/657/1507 1473/624/1473
vt 0.5051681 0.9850039
vt 0.2156065 0.6207168
vt 0.2214661 0.6185896
f 1554/703/1554 1555/704/1555 1556/705/1556
f 1533/682/1533 1532/681/1532 1487/637/1487
vt 0.1612268 0.4431219
f 1535/684/1535 1557/706/1557 1479/59/1479
vt 0.1814051 0.3959531
vt 0.1764904 0.4033316
f 1479/59/1479 1558/707/1558 1559/708/1559
vt 0.4729735 0.6065148
vt 0.4781437 0.6046379
vt 0.5138365 0.9668223
f 1560/709/1560 1561/710/1561 1562/711/1562
vt 0.4625104 0.6065148
vt 0.4677419 0.6071429
f 1477/628/1477 1563/712/1563 1564/713/1564
vt 0.4249913 0.5501866
f 1477/628/1477 1474/625/1474 1565/714/1565
f 1490/640/1490 1522/672/1522 1499/649/1499
vt 0.2428644 0.5966685
vt 0.2473900 0.5881566
f 1490/640/1490 1566/715/1566 1567/716/1567
vt 0.5315161 0.0245607
vt 0.5326467 0.0216134
f 1527/677/1527 1568/717/1568 1569/718/1569
vt 0.5171971 0.0352438
f 1536/685/1536 1570/719/1570 1537/686/1537
vt 0.4781437 0.3953621
f 1570/719/1570 1536/685/1536 1571/720/1571
vt 0.5077914 0.4398728
f 1540/689/1540 1572/721/1572 1524/674/1524
f 1525/675/1525 1524/674/1524 1527/677/1527
vt 0.5171971 0.9647562
f 1543/692/1543 1573/722/1573 1504/654/1504
vt 0.5069662 0.0216134
vt 0.5080969 0.0245607
f 1544/693/1544 1574/723/1574 1575/724/1575
vt 0.5045217 0.0114036
vt 0.5051681 0.0149961
f 1544/693/1544 1576/725/1576 1577/726/1577
vt 0.5040545 0.0076775
f 1545/694/1545 1578/727/1578 1544/693/1544
vt 0.6840104 0.4213888
f 1547/696/1547 1579/728/1579 1548/697/1548
vt 0.5302482 0.9727799
f 1552/701/1552 1580/729/1580 1550/699/1550
vt 0.7799227 0.5196450
f 1528/118/1528 1581/730/1581 1529/678/1529
vt 0.5040545 0.9923225
vt 0.1814051 0.6040469
f 1582/731/1582 1487/637/1487 1583/732/1583
vt 0.5045217 0.9885964
vt 0.1866512 0.6102056
f 1584/733/1584 1583/732/1583 1585/734/1585
f 1556/705/1556 1483/633/1483 1554/703/1554
vt 0.2037483 0.6207168
vt 0.2096774 0.6214286
f 1554/703/1554 1586/735/1586 1587/736/1587
vt 0.1921673 0.6150721
f 1554/703/1554 1585/734/1585 1588/737/1588
f 1557/706/1557 1509/659/1509 1479/59/1479
vt 0.1719649 0.4118434
f 1559/708/1559 1589/738/1589 1479/59/1479
vt 0.5122515 0.9684460
f 1562/711/1562 1590/739/1590 1560/709/1560
vt 0.4573402 0.6046379
f 1477/628/1477 1591/740/1591 1563/712/1563
vt 0.4308631 0.5693628
vt 0.4344662 0.5777853
f 1477/628/1477 1592/741/1592 1593/742/1593
vt 0.4276925 0.5601272
f 1565/714/1565 1594/743/1594 1477/628/1477
vt 0.2473900 0.4118434
vt 0.2428644 0.4033316
f 1511/661/1511 1595/744/1595 1596/745/1596
vt 0.2550668 0.5681441
f 1490/640/1490 1597/746/1597 1516/666/1516
vt 0.2514734 0.5786112
f 1567/716/1567 1598/747/1598 1490/640/1490
vt 0.5336267 0.0184126
f 1569/718/1569 1599/748/1599 1527/677/1527
vt 0.5273615 0.0315540
vt 0.5288578 0.0295603
f 1527/677/1527 1600/749/1600 1601/750/1601
vt 0.5224158 0.0352438
f 1538/687/1538 1602/751/1602 1536/685/1536
vt 0.5154915 0.0344125
f 1571/720/1571 1603/752/1603 1570/719/1570
vt 0.5010177 0.4222147
vt 0.4970246 0.4147043
f 1524/674/1524 1604/753/1604 1605/754/1605
vt 0.5046207 0.4306372
f 1572/721/1572 1606/755/1606 1524/674/1524
vt 0.5154916 0.4826662
vt 0.5143653 0.4713362
f 1524/674/1524 1607/756/1607 1608/757/1608
f 1518/668/1518 1542/691/1542 1527/677/1527
vt 0.5059862 0.0184126
f 1544/693/1544 1609/758/1609 1574/723/1574
f 1578/727/1578 1576/725/1576 1544/693/1544
vt 0.5257764 0.9668223
f 1548/697/1548 1610/759/1610 1546/695/1546
vt 0.5336267 0.9815874
vt 0.6748626 0.4550546
vt 0.6729666 0.4675144
f 1611/760/1611 1612/761/1612 1613/762/1613
f 1550/699/1550 1580/729/1580 1549/698/1549
vt 0.6500300 0.9643381
vt 0.5344447 0.9850039
f 1614/763/1614 1615/764/1615 1611/760/1611
vt 0.6710482 0.4934260
vt 0.6517764 0.9643381
vt 0.6509032 0.9642857
f 1616/765/1616 1617/766/1617 1618/767/1618
vt 0.6535126 0.9647562
vt 0.6710482 0.5065740
f 1619/768/1619 1616/765/1616 1620/769/1620
vt 0.7799227 0.4803550
f 1553/702/1553 1621/770/1621 1528/118/1528
f 1585/734/1585 1554/703/1554 1584/733/1584
f 1587/736/1587 1555/704/1555 1554/703/1554
vt 0.1978887 0.6185896
f 1588/737/1588 1622/771/1622 1554/703/1554
f 1589/738/1589 1534/683/1534 1479/59/1479
vt 0.1978887 0.3814104
vt 0.1921673 0.3849278
f 1479/59/1479 1623/772/1623 1624/773/1624
vt 0.2096774 0.3785715
vt 0.2037483 0.3792832
f 1479/59/1479 1625/774/1625 1626/775/1626
vt 0.5077914 0.5601272
vt 0.5104925 0.5501866
f 1573/722/1573 1627/776/1627 1628/777/1628
vt 0.5154915 0.9655875
f 1573/722/1573 1629/778/1629 1561/710/1561
f 1564/713/1564 1560/709/1560 1477/628/1477
vt 0.4474247 0.5972402
vt 0.4522919 0.6015342
f 1477/628/1477 1630/779/1630 1631/780/1631
vt 0.4384593 0.5852957
vt 0.4427958 0.5918061
f 1477/628/1477 1632/781/1632 1633/782/1633
f 1594/743/1594 1592/741/1592 1477/628/1477
vt 0.2156065 0.3792832
f 1479/59/1479 1511/661/1511 1634/783/1634
vt 0.2514734 0.4213888
f 1511/661/1511 1635/784/1635 1595/744/1595
f 1598/747/1598 1597/746/1597 1490/640/1490
vt 0.5344447 0.0149961
f 1599/748/1599 1636/785/1636 1527/677/1527
vt 0.5302482 0.0272201
f 1601/750/1601 1637/786/1637 1527/677/1527
vt 0.4729735 0.3934852
f 1571/720/1571 1638/787/1638 1603/752/1603
vt 0.4926881 0.4081939
vt 0.4880592 0.4027598
f 1524/674/1524 1639/788/1639 1640/789/1640
f 1606/755/1606 1604/753/1604 1524/674/1524
f 1541/690/1541 1607/756/1607 1524/674/1524
vt 0.5138365 0.0331777
f 1641/790/1641 1603/752/1603 1638/787/1638
vt 0.5093647 0.0272201
vt 0.5107551 0.0295603
f 1544/693/1544 1642/791/1642 1643/792/1643
f 1577/726/1577 1609/758/1609 1544/693/1544
vt 0.6880939 0.4118434
f 1547/696/1547 1644/793/1644 1579/728/1579
vt 0.5273615 0.9684460
f 1548/697/1548 1549/698/1549 1645/794/1645
vt 0.7140177 0.3814104
vt 0.7082964 0.3849278
f 1547/696/1547 1646/795/1646 1647/796/1647
vt 0.6716902 0.4803550
f 1613/762/1613 1648/797/1648 1611/760/1611
f 1612/761/1612 1611/760/1611 1551/700/1551
f 1618/767/1618 1614/763/1614 1616/765/1616
vt 0.5350912 0.9885964
vt 0.6482939 0.9647562
f 1649/798/1649 1614/763/1614 1650/799/1650
vt 0.7027802 0.6102056
vt 0.7082964 0.6150721
vt 0.6552182 0.9655875
f 1651/800/1651 1652/801/1652 1653/802/1653
vt 0.6840104 0.5786112
vt 0.6880939 0.5881566
f 1619/768/1619 1654/803/1654 1655/804/1655
vt 0.6773558 0.5568782
vt 0.6804171 0.5681441
f 1619/768/1619 1656/805/1656 1657/806/1657
vt 0.6729666 0.5324856
vt 0.6748626 0.5449454
f 1619/768/1619 1658/807/1658 1659/808/1659
vt 0.6716902 0.5196450
f 1620/769/1620 1660/809/1660 1619/768/1619
vt 0.6599546 0.9704397
vt 0.7589934 0.5966685
vt 0.7635190 0.5881566
f 1661/810/1661 1662/811/1662 1663/812/1663
vt 0.7433165 0.6150721
vt 0.7488326 0.6102056
f 1661/810/1661 1664/813/1664 1665/814/1665
vt 0.7711958 0.4318559
vt 0.7676024 0.4213888
f 1528/118/1528 1666/815/1666 1667/816/1667
vt 0.7767503 0.4550546
vt 0.7742571 0.4431219
f 1528/118/1528 1668/817/1668 1669/818/1669
vt 0.7786463 0.5324856
f 1528/118/1528 1670/819/1670 1581/730/1581
vt 0.7258065 0.3785715
vt 0.6535126 0.0352438
vt 0.6552182 0.0344125
f 1671/820/1671 1672/821/1672 1673/822/1673
vt 0.1764904 0.5966685
f 1487/637/1487 1674/823/1674 1583/732/1583
f 1622/771/1622 1586/735/1586 1554/703/1554
vt 0.1866512 0.3897944
f 1479/59/1479 1675/824/1675 1558/707/1558
f 1626/775/1626 1623/772/1623 1479/59/1479
vt 0.5046207 0.5693628
f 1573/722/1573 1676/825/1676 1627/776/1627
vt 0.4970246 0.5852957
vt 0.5010177 0.5777853
f 1573/722/1573 1677/826/1677 1678/827/1678
vt 0.4831920 0.6015342
f 1561/710/1561 1679/828/1679 1573/722/1573
f 1631/780/1631 1591/740/1591 1477/628/1477
f 1593/742/1593 1632/781/1632 1477/628/1477
vt 0.2214661 0.3814104
f 1511/661/1511 1680/829/1680 1634/783/1634
vt 0.2327036 0.3897944
vt 0.2271875 0.3849278
f 1511/661/1511 1681/830/1681 1682/831/1682
f 1513/663/1513 1635/784/1635 1511/661/1511
vt 0.5350912 0.0114036
vt 0.5355584 0.0076775
f 1527/677/1527 1683/832/1683 1684/833/1684
f 1637/786/1637 1568/717/1568 1527/677/1527
f 1640/789/1640 1536/685/1536 1524/674/1524
f 1608/757/1608 1539/688/1539 1524/674/1524
vt 0.5122515 0.0315540
f 1544/693/1544 1685/834/1685 1641/790/1641
f 1575/724/1575 1642/791/1642 1544/693/1544
f 1645/794/1645 1610/759/1610 1548/697/1548
vt 0.6975341 0.3959531
vt 0.6926195 0.4033316
f 1547/696/1547 1686/835/1686 1687/836/1687
vt 0.7027802 0.3897944
f 1647/796/1647 1688/837/1688 1547/696/1547
vt 0.7198774 0.3792832
f 1547/696/1547 1671/820/1671 1689/838/1689
f 1550/699/1550 1612/761/1612 1551/700/1551
f 1616/765/1616 1619/768/1619 1617/766/1617
vt 0.5355584 0.9923225
f 1650/799/1650 1690/839/1690 1649/798/1649
vt 0.6975341 0.6040469
f 1619/768/1619 1691/840/1691 1651/800/1651
f 1657/806/1657 1654/803/1654 1619/768/1619
f 1660/809/1660 1658/807/1658 1619/768/1619
vt 0.7676024 0.5786112
f 1663/812/1663 1692/841/1692 1661/810/1661
vt 0.7540787 0.6040469
f 1665/814/1665 1693/842/1693 1661/810/1661
vt 0.6584582 0.9684460
vt 0.6568732 0.9668223
vt 0.7198774 0.6207168
f 1694/843/1694 1695/844/1695 1696/845/1696
f 1669/818/1669 1666/815/1666 1528/118/1528
vt 0.7786463 0.4675144
f 1621/770/1621 1697/846/1697 1528/118/1528
vt 0.6626129 0.9754393
vt 0.6613449 0.9727799
vt 0.7711958 0.5681441
f 1698/847/1698 1699/848/1699 1700/849/1700
vt 0.6517764 0.0356619
f 1671/820/1671 1701/850/1701 1672/821/1672
vt 0.6449333 0.0331777
vt 0.6465883 0.0344125
f 1671/820/1671 1702/851/1702 1703/852/1703
f 1482/632/1482 1554/703/1554 1483/633/1483
f 1624/773/1624 1675/824/1675 1479/59/1479
f 1678/827/1678 1676/825/1676 1573/722/1573
vt 0.4880592 0.5972402
vt 0.4926881 0.5918061
f 1573/722/1573 1704/853/1704 1705/854/1705
f 1629/778/1629 1562/711/1562 1561/710/1561
f 1633/782/1633 1630/779/1630 1477/628/1477
f 1682/831/1682 1680/829/1680 1511/661/1511
vt 0.2379497 0.3959531
f 1596/745/1596 1706/855/1706 1511/661/1511
f 1636/785/1636 1683/832/1683 1527/677/1527
vt 0.5257764 0.0331777
f 1527/677/1527 1524/674/1524 1707/856/1707
f 1605/754/1605 1639/788/1639 1524/674/1524
f 1643/792/1643 1685/834/1685 1544/693/1544
f 1687/836/1687 1644/793/1644 1547/696/1547
f 1689/838/1689 1646/795/1646 1547/696/1547
f 1611/760/1611 1616/765/1616 1614/763/1614
vt 0.5358409 0.9961386
f 1650/799/1650 1708/857/1708 1690/839/1690
f 1695/844/1695 1653/802/1653 1652/801/1652
vt 0.6926195 0.5966685
f 1619/768/1619 1709/858/1709 1691/840/1691
f 1659/808/1659 1656/805/1656 1619/768/1619
f 1693/842/1693 1662/811/1662 1661/810/1661
vt 0.7317356 0.6207168
vt 0.7375951 0.6185896
f 1661/810/1661 1710/859/1710 1711/860/1711
vt 0.7258065 0.6214286
f 1712/861/1712 1661/810/1661 1694/843/1694
f 1697/846/1697 1668/817/1668 1528/118/1528
vt 0.7742571 0.5568782
vt 0.7767503 0.5449454
f 1528/118/1528 1713/862/1713 1714/863/1714
f 1700/849/1700 1528/118/1528 1698/847/1698
vt 0.6647235 0.9815874
vt 0.6637434 0.9783866
f 1528/118/1528 1715/864/1715 1716/865/1716
vt 0.6655415 0.9850039
f 1528/118/1528 1717/117/1717 1718/866/1718
vt 0.6362649 0.9850039
vt 0.6356185 0.9885964
f 1708/857/1708 1719/867/1719 1720/868/1720
vt 0.6666552 0.0076775
vt 0.6669377 0.0038614
f 1671/820/1671 1721/869/1721 1722/870/1722
vt 0.6599546 0.0295603
vt 0.6613449 0.0272201
f 1671/820/1671 1723/871/1723 1724/872/1724
vt 0.6568732 0.0331777
vt 0.6584582 0.0315540
f 1671/820/1671 1725/873/1725 1726/874/1726
vt 0.6500300 0.0356619
f 1671/820/1671 1727/875/1727 1701/850/1701
vt 0.6482939 0.0352438
f 1703/852/1703 1728/876/1728 1671/820/1671
vt 0.6418518 0.0295603
f 1671/820/1671 1547/696/1547 1729/877/1729
vt 0.5037720 0.9961386
f 1487/637/1487 1582/731/1582 1730/878/1730
f 1520/670/1520 1674/823/1674 1487/637/1487
f 1705/854/1705 1677/826/1677 1573/722/1573
f 1590/739/1590 1477/628/1477 1560/709/1560
f 1706/855/1706 1681/830/1681 1511/661/1511
vt 0.2379497 0.6040469
f 1490/640/1490 1473/624/1473 1731/879/1731
vt 0.4625104 0.3934852
vt 0.4573402 0.3953621
f 1511/661/1511 1732/880/1732 1733/881/1733
f 1707/856/1707 1600/749/1600 1527/677/1527
f 1638/787/1638 1544/693/1544 1641/790/1641
f 1688/837/1688 1686/835/1686 1547/696/1547
f 1649/798/1649 1615/764/1615 1614/763/1614
vt 0.7140177 0.6185896
f 1652/801/1652 1734/882/1734 1695/844/1695
f 1655/804/1655 1709/858/1709 1619/768/1619
f 1711/860/1711 1664/813/1664 1661/810/1661
f 1696/845/1696 1712/861/1712 1694/843/1694
vt 0.6670322 0.0000000
vt 0.7433165 0.3849278
f 1735/883/1735 1528/118/1528 1736/884/1736
f 1714/863/1714 1670/819/1670 1528/118/1528
f 1700/849/1700 1713/862/1713 1528/118/1528
f 1718/866/1718 1715/864/1715 1528/118/1528
vt 0.6666552 0.9923225
vt 0.6661879 0.9885964
f 1717/117/1717 1737/885/1737 1738/886/1738
vt 0.6370829 0.9815874
f 1708/857/1708 1739/887/1739 1719/867/1719
vt 0.6661879 0.0114036
f 1671/820/1671 1740/888/1740 1721/869/1721
vt 0.6647235 0.0184126
vt 0.6655415 0.0149961
f 1671/820/1671 1741/889/1741 1742/890/1742
f 1726/874/1726 1723/871/1723 1671/820/1671
f 1728/876/1728 1727/875/1727 1671/820/1671
vt 0.6433483 0.0315540
f 1729/877/1729 1743/891/1743 1671/820/1671
vt 0.6391936 0.0245607
vt 0.6404615 0.0272201
f 1547/696/1547 1744/892/1744 1745/893/1745
f 1583/732/1583 1584/733/1584 1582/731/1582
f 1679/828/1679 1704/853/1704 1573/722/1573
f 1731/879/1731 1566/715/1566 1490/640/1490
f 1511/661/1511 1544/693/1544 1732/880/1732
f 1602/751/1602 1524/674/1524 1536/685/1536
f 1648/797/1648 1616/765/1616 1611/760/1611
f 1653/802/1653 1619/768/1619 1651/800/1651
f 1712/861/1712 1710/859/1710 1661/810/1661
vt 0.7488326 0.3897944
f 1528/118/1528 1746/894/1746 1736/884/1736
vt 0.7635190 0.4118434
vt 0.7589934 0.4033316
f 1528/118/1528 1747/895/1747 1748/896/1748
f 1699/848/1699 1661/810/1661 1700/849/1700
f 1738/886/1738 1718/866/1718 1717/117/1717
vt 0.6670322 1.0000000
vt 0.6669377 0.9961386
f 1717/117/1717 1749/897/1749 1750/898/1750
vt 0.6351513 0.9923225
f 1720/868/1720 1751/899/1751 1708/857/1708
vt 0.6391936 0.9754393
vt 0.6380630 0.9783866
f 1708/857/1708 1752/900/1752 1753/901/1753
f 1742/890/1742 1740/888/1740 1671/820/1671
vt 0.6626129 0.0245607
vt 0.6637434 0.0216134
f 1671/820/1671 1754/902/1754 1755/903/1755
f 1673/822/1673 1725/873/1725 1671/820/1671
f 1745/893/1745 1729/877/1729 1547/696/1547
vt 0.6356185 0.0114036
vt 0.6362649 0.0149961
f 1547/696/1547 1756/904/1756 1757/905/1757
vt 0.6348687 0.0038614
vt 0.6351513 0.0076775
f 1547/696/1547 1758/906/1758 1759/907/1759
f 1628/777/1628 1504/654/1504 1573/722/1573
f 1733/881/1733 1514/664/1514 1511/661/1511
f 1546/695/1546 1527/677/1527 1547/696/1547
f 1692/841/1692 1700/849/1700 1661/810/1661
vt 0.7375951 0.3814104
vt 0.7317356 0.3792832
f 1735/883/1735 1760/908/1760 1761/909/1761
vt 0.7540787 0.3959531
f 1528/118/1528 1762/910/1762 1746/894/1746
f 1667/816/1667 1747/895/1747 1528/118/1528
f 1750/898/1750 1737/885/1737 1717/117/1717
f 1753/901/1753 1739/887/1739 1708/857/1708
vt 0.6418518 0.9704397
vt 0.6404615 0.9727799
f 1708/857/1708 1763/911/1763 1764/912/1764
vt 0.6465883 0.9655875
f 1708/857/1708 1650/799/1650 1765/913/1765
f 1755/903/1755 1741/889/1741 1671/820/1671
f 1743/891/1743 1702/851/1702 1671/820/1671
vt 0.6370829 0.0184126
vt 0.6380630 0.0216134
f 1547/696/1547 1766/914/1766 1767/915/1767
f 1759/907/1759 1756/904/1756 1547/696/1547
f 1634/783/1634 1625/774/1625 1479/59/1479
f 1734/882/1734 1696/845/1696 1695/844/1695
f 1736/884/1736 1760/908/1760 1735/883/1735
f 1716/865/1716 1698/847/1698 1528/118/1528
vt 0.6348687 0.9961386
vt 0.6347742 1.0000000
f 1708/857/1708 1768/916/1768 1769/917/1769
f 1764/912/1764 1752/900/1752 1708/857/1708
vt 0.6449333 0.9668223
f 1765/913/1765 1770/918/1770 1708/857/1708
f 1724/872/1724 1754/902/1754 1671/820/1671
f 1757/905/1757 1766/914/1766 1547/696/1547
f 1684/833/1684 1547/696/1547 1527/677/1527
f 1748/896/1748 1762/910/1762 1528/118/1528
f 1751/899/1751 1768/916/1768 1708/857/1708
vt 0.6433483 0.9684460
f 1770/918/1770 1771/919/1771 1708/857/1708
f 1767/915/1767 1744/892/1744 1547/696/1547
vt 0.5359355 0.0000000
vt 0.6347742 0.0000000
f 1547/696/1547 1772/920/1772 1773/921/1773
f 1761/909/1761 1671/820/1671 1735/883/1735
f 1771/919/1771 1763/911/1763 1708/857/1708
f 1773/921/1773 1758/906/1758 1547/696/1547
vt 0.5359355 1.0000000
f 1769/917/1769 1774/922/1774 1708/857/1708
vt 0.5036774 1.0000000
f 1730/878/1730 1775/923/1775 1487/637/1487
f 1722/870/1722 1735/883/1735 1671/820/1671
vt 0.0000000 1.0000000
f 1776/118/1776 1777/59/1777 1778/924/1778
f 1779/174/1779 1776/118/1776 1780/117/1780
f 1781/172/1781 1779/174/1779 1782/173/1782
f 1783/170/1783 1781/172/1781 1784/171/1784
f 1785/168/1785 1783/170/1783 1786/169/1786
f 1787/166/1787 1785/168/1785 1788/167/1788
f 1789/164/1789 1787/166/1787 1790/165/1790
f 1791/162/1791 1789/164/1789 1792/163/1792
f 1793/160/1793 1791/162/1791 1794/161/1794
f 1795/158/1795 1793/160/1793 1796/159/1796
f 1797/156/1797 1795/158/1795 1798/157/1798
f 1799/154/1799 1797/156/1797 1800/155/1800
f 1801/152/1801 1799/154/1799 1802/153/1802
f 1803/150/1803 1801/152/1801 1804/151/1804
f 1805/148/1805 1803/150/1803 1806/149/1806
f 1807/146/1807 1805/148/1805 1808/147/1808
f 1809/144/1809 1807/146/1807 1810/145/1810
f 1811/142/1811 1809/144/1809 1812/143/1812
f 1813/140/1813 1811/142/1811 1814/141/1814
f 1815/138/1815 1813/140/1813 1816/139/1816
f 1817/136/1817 1815/138/1815 1818/137/1818
f 1819/134/1819 1817/136/1817 1820/135/1820
f 1821/132/1821 1819/134/1819 1822/133/1822
f 1823/130/1823 1821/132/1821 1824/131/1824
f 1825/128/1825 1823/130/1823 1826/129/1826
f 1827/126/1827 1825/128/1825 1828/127/1828
f 1829/124/1829 1827/126/1827 1830/125/1830
f 1831/122/1831 1829/124/1829 1832/123/1832
f 1833/119/1833 1831/122/1831 1834/121/1834
f 1834/121/1834 1835/120/1835 1833/119/1833
f 1832/123/1832 1834/121/1834 1831/122/1831
f 1830/125/1830 1832/123/1832 1829/124/1829
f 1828/127/1828 1830/125/1830 1827/126/1827
f 1826/129/1826 1828/127/1828 1825/128/1825
f 1824/131/1824 1826/129/1826 1823/130/1823
f 1822/133/1822 1824/131/1824 1821/132/1821
f 1820/135/1820 1822/133/1822 1819/134/1819
f 1818/137/1818 1820/135/1820 1817/136/1817
f 1816/139/1816 1818/137/1818 1815/138/1815
f 1814/141/1814 1816/139/1816 1813/140/1813
f 1812/143/1812 1814/141/1814 1811/142/1811
f 1810/145/1810 1812/143/1812 1809/144/1809
f 1808/147/1808 1810/145/1810 1807/146/1807
f 1806/149/1806 1808/147/1808 1805/148/1805
f 1804/151/1804 1806/149/1806 1803/150/1803
f 1802/153/1802 1804/151/1804 1801/152/1801
f 1800/155/1800 1802/153/1802 1799/154/1799
f 1798/157/1798 1800/155/1800 1797/156/1797
f 1796/159/1796 1798/157/1798 1795/158/1795
f 1794/161/1794 1796/159/1796 1793/160/1793
f 1792/163/1792 1794/161/1794 1791/162/1791
f 1790/165/1790 1792/163/1792 1789/164/1789
f 1788/167/1788 1790/165/1790 1787/166/1787
f 1786/169/1786 1788/167/1788 1785/168/1785
f 1784/171/1784 1786/169/1786 1783/170/1783
f 1782/173/1782 1784/171/1784 1781/172/1781
f 1780/117/1780 1782/173/1782 1779/174/1779
f 1778/924/1778 1780/117/1780 1776/118/1776
f 1836/116/1836 1837/118/1837 1838/117/1838
f 1839/114/1839 1836/116/1836 1840/115/1840
f 1841/112/1841 1839/114/1839 1842/113/1842
f 1843/110/1843 1841/112/1841 1844/111/1844
f 1845/108/1845 1843/110/1843 1846/109/1846
f 1847/106/1847 1845/108/1845 1848/107/1848
f 1849/104/1849 1847/106/1847 1850/105/1850
f 1851/102/1851 1849/104/1849 1852/103/1852
f 1853/100/1853 1851/102/1851 1854/101/1854
f 1855/98/1855 1853/100/1853 1856/99/1856
f 1857/96/1857 1855/98/1855 1858/97/1858
f 1859/94/1859 1857/96/1857 1860/95/1860
f 1861/92/1861 1859/94/1859 1862/93/1862
f 1863/90/1863 1861/92/1861 1864/91/1864
f 1865/89/1865 1866/87/1866 1867/353/1867
f 1866/87/1866 1868/88/1868 1867/353/1867
f 1869/86/1869 1868/88/1868 1866/87/1866
f 1870/84/1870 1869/86/1869 1871/85/1871
f 1872/82/1872 1870/84/1870 1873/83/1873
f 1874/80/1874 1872/82/1872 1875/81/1875
f 1876/78/1876 1874/80/1874 1877/79/1877
f 1878/76/1878 1876/78/1876 1879/77/1879
f 1880/74/1880 1878/76/1878 1881/75/1881
f 1882/72/1882 1880/74/1880 1883/73/1883
f 1884/70/1884 1882/72/1882 1885/71/1885
f 1886/68/1886 1884/70/1884 1887/69/1887
f 1888/66/1888 1886/68/1886 1889/67/1889
f 1890/64/1890 1888/66/1888 1891/65/1891
f 1892/62/1892 1890/64/1890 1893/63/1893
f 1894/59/1894 1892/62/1892 1895/61/1895
vt 0.0000000 1.0000000
f 1895/61/1895 1896/925/1896 1894/59/1894
f 1893/63/1893 1895/61/1895 1892/62/1892
f 1891/65/1891 1893/63/1893 1890/64/1890
f 1889/67/1889 1891/65/1891 1888/66/1888
f 1887/69/1887 1889/67/1889 1886/68/1886
f 1885/71/1885 1887/69/1887 1884/70/1884
f 1883/73/1883 1885/71/1885 1882/72/1882
f 1881/75/1881 1883/73/1883 1880/74/1880
f 1879/77/1879 1881/75/1881 1878/76/1878
f 1877/79/1877 1879/77/1879 1876/78/1876
f 1875/81/1875 1877/79/1877 1874/80/1874
f 1873/83/1873 1875/81/1875 1872/82/1872
f 1871/85/1871 1873/83/1873 1870/84/1870
f 1866/87/1866 1871/85/1871 1869/86/1869
f 1867/353/1867 1863/90/1863 1865/89/1865
f 1864/91/1864 1865/89/1865 1863/90/1863
f 1862/93/1862 1864/91/1864 1861/92/1861
f 1860/95/1860 1862/93/1862 1859/94/1859
f 1858/97/1858 1860/95/1860 1857/96/1857
f 1856/99/1856 1858/97/1858 1855/98/1855
f 1854/101/1854 1856/99/1856 1853/100/1853
f 1852/103/1852 1854/101/1854 1851/102/1851
f 1850/105/1850 1852/103/1852 1849/104/1849
f 1848/107/1848 1850/105/1850 1847/106/1847
f 1846/109/1846 1848/107/1848 1845/108/1845
f 1844/111/1844 1846/109/1846 1843/110/1843
f 1842/113/1842 1844/111/1844 1841/112/1841
f 1840/115/1840 1842/113/1842 1839/114/1839
f 1838/117/1838 1840/115/1840 1836/116/1836
f 1897/118/1897 1898/59/1898 1899/60/1899
f 1900/174/1900 1897/118/1897 1901/117/1901
f 1902/172/1902 1900/174/1900 1903/173/1903
f 1904/170/1904 1902/172/1902 1905/171/1905
f 1906/168/1906 1904/170/1904 1907/169/1907
f 1908/166/1908 1906/168/1906 1909/167/1909
f 1910/164/1910 1908/166/1908 1911/165/1911
f 1912/162/1912 1910/164/1910 1913/163/1913
f 1914/160/1914 1912/162/1912 1915/161/1915
f 1916/158/1916 1914/160/1914 1917/159/1917
f 1918/156/1918 1916/158/1916 1919/157/1919
f 1920/154/1920 1918/156/1918 1921/155/1921
f 1922/152/1922 1920/154/1920 1923/153/1923
f 1924/150/1924 1922/152/1922 1925/151/1925
f 1926/148/1926 1924/150/1924 1927/149/1927
f 1928/146/1928 1926/148/1926 1929/147/1929
f 1930/144/1930 1928/146/1928 1931/145/1931
f 1932/142/1932 1930/144/1930 1933/143/1933
f 1934/140/1934 1932/142/1932 1935/141/1935
f 1936/138/1936 1934/140/1934 1937/139/1937
f 1938/136/1938 1936/138/1936 1939/137/1939
f 1940/134/1940 1938/136/1938 1941/135/1941
f 1942/132/1942 1940/134/1940 1943/133/1943
f 1944/130/1944 1942/132/1942 1945/131/1945
f 1946/128/1946 1944/130/1944 1947/129/1947
f 1948/126/1948 1946/128/1946 1949/127/1949
f 1950/124/1950 1948/126/1948 1951/125/1951
f 1952/122/1952 1950/124/1950 1953/123/1953
f 1954/119/1954 1952/122/1952 1955/121/1955
f 1955/121/1955 1956/120/1956 1954/119/1954
f 1953/123/1953 1955/121/1955 1952/122/1952
f 1951/125/1951 1953/123/1953 1950/124/1950
f 1949/127/1949 1951/125/1951 1948/126/1948
f 1947/129/1947 1949/127/1949 1946/128/1946
f 1945/131/1945 1947/129/1947 1944/130/1944
f 1943/133/1943 1945/131/1945 1942/132/1942
f 1941/135/1941 1943/133/1943 1940/134/1940
f 1939/137/1939 1941/135/1941 1938/136/1938
f 1937/139/1937 1939/137/1939 1936/138/1936
f 1935/141/1935 1937/139/1937 1934/140/1934
f 1933/143/1933 1935/141/1935 1932/142/1932
f 1931/145/1931 1933/143/1933 1930/144/1930
f 1929/147/1929 1931/145/1931 1928/146/1928
f 1927/149/1927 1929/147/1929 1926/148/1926
f 1925/151/1925 1927/149/1927 1924/150/1924
f 1923/153/1923 1925/151/1925 1922/152/1922
f 1921/155/1921 1923/153/1923 1920/154/1920
f 1919/157/1919 1921/155/1921 1918/156/1918
f 1917/159/1917 1919/157/1919 1916/158/1916
f 1915/161/1915 1917/159/1917 1914/160/1914
f 1913/163/1913 1915/161/1915 1912/162/1912
f 1911/165/1911 1913/163/1913 1910/164/1910
f 1909/167/1909 1911/165/1911 1908/166/1908
f 1907/169/1907 1909/167/1909 1906/168/1906
f 1905/171/1905 1907/169/1907 1904/170/1904
f 1903/173/1903 1905/171/1905 1902/172/1902
f 1901/117/1901 1903/173/1903 1900/174/1900
f 1899/60/1899 1901/117/1901 1897/118/1897
f 1957/116/1957 1958/118/1958 1959/117/1959
f 1960/114/1960 1957/116/1957 1961/115/1961
f 1962/112/1962 1960/114/1960 1963/113/1963
f 1964/110/1964 1962/112/1962 1965/111/1965
f 1966/108/1966 1964/110/1964 1967/109/1967
f 1968/106/1968 1966/108/1966 1969/107/1969
f 1970/104/1970 1968/106/1968 1971/105/1971
f 1972/102/1972 1970/104/1970 1973/103/1973
f 1974/100/1974 1972/102/1972 1975/101/1975
f 1976/98/1976 1974/100/1974 1977/99/1977
f 1978/96/1978 1976/98/1976 1979/97/1979
f 1980/94/1980 1978/96/1978 1981/95/1981
f 1982/92/1982 1980/94/1980 1983/93/1983
f 1984/90/1984 1982/92/1982 1985/91/1985
f 1986/88/1986 1984/90/1984 1987/352/1987
f 1984/90/1984 1988/89/1988 1987/352/1987
f 1989/86/1989 1986/88/1986 1990/87/1990
f 1991/84/1991 1989/86/1989 1992/85/1992
f 1993/82/1993 1991/84/1991 1994/83/1994
f 1995/80/1995 1993/82/1993 1996/81/1996
f 1997/78/1997 1995/80/1995 1998/79/1998
f 1999/76/1999 1997/78/1997 2000/77/2000
f 2001/74/2001 1999/76/1999 2002/75/2002
f 2003/72/2003 2001/74/2001 2004/73/2004
f 2005/70/2005 2003/72/2003 2006/71/2006
f 2007/68/2007 2005/70/2005 2008/69/2008
f 2009/66/2009 2007/68/2007 2010/67/2010
f 2011/64/2011 2009/66/2009 2012/65/2012
f 2013/62/2013 2011/64/2011 2014/63/2014
f 2015/59/2015 2013/62/2013 2016/61/2016
f 2016/61/2016 2017/60/2017 2015/59/2015
f 2014/63/2014 2016/61/2016 2013/62/2013
f 2012/65/2012 2014/63/2014 2011/64/2011
f 2010/67/2010 2012/65/2012 2009/66/2009
f 2008/69/2008 2010/67/2010 2007/68/2007
f 2006/71/2006 2008/69/2008 2005/70/2005
f 2004/73/2004 2006/71/2006 2003/72/2003
f 2002/75/2002 2004/73/2004 2001/74/2001
f 2000/77/2000 2002/75/2002 1999/76/1999
f 1998/79/1998 2000/77/2000 1997/78/1997
f 1996/81/1996 1998/79/1998 1995/80/1995
f 1994/83/1994 1996/81/1996 1993/82/1993
f 1992/85/1992 1994/83/1994 1991/84/1991
f 1990/87/1990 1992/85/1992 1989/86/1989
f 1987/352/1987 1990/87/1990 1986/88/1986
f 1985/91/1985 1988/89/1988 1984/90/1984
f 1983/93/1983 1985/91/1985 1982/92/1982
f 1981/95/1981 1983/93/1983 1980/94/1980
f 1979/97/1979 1981/95/1981 1978/96/1978
f 1977/99/1977 1979/97/1979 1976/98/1976
f 1975/101/1975 1977/99/1977 1974/100/1974
f 1973/103/1973 1975/101/1975 1972/102/1972
f 1971/105/1971 1973/103/1973 1970/104/1970
f 1969/107/1969 1971/105/1971 1968/106/1968
f 1967/109/1967 1969/107/1969 1966/108/1966
f 1965/111/1965 1967/109/1967 1964/110/1964
f 1963/113/1963 1965/111/1965 1962/112/1962
f 1961/115/1961 1963/113/1963 1960/114/1960
f 1959/117/1959 1961/115/1961 1957/116/1957
f 2018/118/2018 2019/59/2019 2020/60/2020
f 2021/174/2021 2018/118/2018 2022/117/2022
f 2023/172/2023 2021/174/2021 2024/173/2024
f 2025/170/2025 2023/172/2023 2026/171/2026
f 2027/168/2027 2025/170/2025 2028/169/2028
f 2029/166/2029 2027/168/2027 2030/167/2030
f 2031/164/2031 2029/166/2029 2032/165/2032
f 2033/162/2033 2031/164/2031 2034/163/2034
f 2035/160/2035 2033/162/2033 2036/161/2036
f 2037/158/2037 2035/160/2035 2038/159/2038
f 2039/156/2039 2037/158/2037 2040/157/2040
f 2041/154/2041 2039/156/2039 2042/155/2042
f 2043/152/2043 2041/154/2041 2044/153/2044
f 2045/150/2045 2043/152/2043 2046/151/2046
f 2047/148/2047 2045/150/2045 2048/149/2048
f 2049/146/2049 2047/148/2047 2050/147/2050
f 2051/144/2051 2049/146/2049 2052/145/2052
f 2053/142/2053 2051/144/2051 2054/143/2054
f 2055/140/2055 2053/142/2053 2056/141/2056
f 2057/138/2057 2055/140/2055 2058/139/2058
f 2059/136/2059 2057/138/2057 2060/137/2060
f 2061/134/2061 2059/136/2059 2062/135/2062
f 2063/132/2063 2061/134/2061 2064/133/2064
f 2065/130/2065 2063/132/2063 2066/131/2066
f 2067/128/2067 2065/130/2065 2068/129/2068
f 2069/126/2069 2067/128/2067 2070/127/2070
f 2071/124/2071 2069/126/2069 2072/125/2072
f 2073/122/2073 2071/124/2071 2074/123/2074
f 2075/119/2075 2073/122/2073 2076/121/2076
f 2076/121/2076 2077/120/2077 2075/119/2075
f 2074/123/2074 2076/121/2076 2073/122/2073
f 2072/125/2072 2074/123/2074 2071/124/2071
f 2070/127/2070 2072/125/2072 2069/126/2069
f 2068/129/2068 2070/127/2070 2067/128/2067
f 2066/131/2066 2068/129/2068 2065/130/2065
f 2064/133/2064 2066/131/2066 2063/132/2063
f 2062/135/2062 2064/133/2064 2061/134/2061
f 2060/137/2060 2062/135/2062 2059/136/2059
f 2058/139/2058 2060/137/2060 2057/138/2057
f 2056/141/2056 2058/139/2058 2055/140/2055
f 2054/143/2054 2056/141/2056 2053/142/2053
f 2052/145/2052 2054/143/2054 2051/144/2051
f 2050/147/2050 2052/145/2052 2049/146/2049
f 2048/149/2048 2050/147/2050 2047/148/2047
f 2046/151/2046 2048/149/2048 2045/150/2045
f 2044/153/2044 2046/151/2046 2043/152/2043
f 2042/155/2042 2044/153/2044 2041/154/2041
f 2040/157/2040 2042/155/2042 2039/156/2039
f 2038/159/2038 2040/157/2040 2037/158/2037
f 2036/161/2036 2038/159/2038 2035/160/2035
f 2034/163/2034 2036/161/2036 2033/162/2033
f 2032/165/2032 2034/163/2034 2031/164/2031
f 2030/167/2030 2032/165/2032 2029/166/2029
f 2028/169/2028 2030/167/2030 2027/168/2027
f 2026/171/2026 2028/169/2028 2025/170/2025
f 2024/173/2024 2026/171/2026 2023/172/2023
f 2022/117/2022 2024/173/2024 2021/174/2021
f 2020/60/2020 2022/117/2022 2018/118/2018
f 2078/116/2078 2079/118/2079 2080/117/2080
f 2081/114/2081 2078/116/2078 2082/115/2082
f 2083/112/2083 2081/114/2081 2084/113/2084
f 2085/110/2085 2083/112/2083 2086/111/2086
f 2087/108/2087 2085/110/2085 2088/109/2088
f 2089/106/2089 2087/108/2087 2090/107/2090
f 2091/104/2091 2089/106/2089 2092/105/2092
f 2093/102/2093 2091/104/2091 2094/103/2094
f 2095/100/2095 2093/102/2093 2096/101/2096
f 2097/98/2097 2095/100/2095 2098/99/2098
f 2099/96/2099 2097/98/2097 2100/97/2100
f 2101/94/2101 2099/96/2099 2102/95/2102
f 2103/92/2103 2101/94/2101 2104/93/2104
f 2105/90/2105 2103/92/2103 2106/91/2106
f 2107/88/2107 2105/90/2105 2108/352/2108
f 2105/90/2105 2109/89/2109 2108/352/2108
f 2110/86/2110 2107/88/2107 2111/87/2111
f 2112/84/2112 2110/86/2110 2113/85/2113
f 2114/82/2114 2112/84/2112 2115/83/2115
f 2116/80/2116 2114/82/2114 2117/81/2117
f 2118/78/2118 2116/80/2116 2119/79/2119
f 2120/76/2120 2118/78/2118 2121/77/2121
f 2122/74/2122 2120/76/2120 2123/75/2123
f 2124/72/2124 2122/74/2122 2125/73/2125
f 2126/70/2126 2124/72/2124 2127/71/2127
f 2128/68/2128 2126/70/2126 2129/69/2129
f 2130/66/2130 2128/68/2128 2131/67/2131
f 2132/64/2132 2130/66/2130 2133/65/2133
f 2134/62/2134 2132/64/2132 2135/63/2135
f 2136/59/2136 2134/62/2134 2137/61/2137
f 2137/61/2137 2138/60/2138 2136/59/2136
f 2135/63/2135 2137/61/2137 2134/62/2134
f 2133/65/2133 2135/63/2135 2132/64/2132
f 2131/67/2131 2133/65/2133 2130/66/2130
f 2129/69/2129 2131/67/2131 2128/68/2128
f 2127/71/2127 2129/69/2129 2126/70/2126
f 2125/73/2125 2127/71/2127 2124/72/2124
f 2123/75/2123 2125/73/2125 2122/74/2122
f 2121/77/2121 2123/75/2123 2120/76/2120
f 2119/79/2119 2121/77/2121 2118/78/2118
f 2117/81/2117 2119/79/2119 2116/80/2116
f 2115/83/2115 2117/81/2117 2114/82/2114
f 2113/85/2113 2115/83/2115 2112/84/2112
f 2111/87/2111 2113/85/2113 2110/86/2110
f 2108/352/2108 2111/87/2111 2107/88/2107
f 2106/91/2106 2109/89/2109 2105/90/2105
f 2104/93/2104 2106/91/2106 2103/92/2103
f 2102/95/2102 2104/93/2104 2101/94/2101
f 2100/97/2100 2102/95/2102 2099/96/2099
f 2098/99/2098 2100/97/2100 2097/98/2097
f 2096/101/2096 2098/99/2098 2095/100/2095
f 2094/103/2094 2096/101/2096 2093/102/2093
f 2092/105/2092 2094/103/2094 2091/104/2091
f 2090/107/2090 2092/105/2092 2089/106/2089
f 2088/109/2088 2090/107/2090 2087/108/2087
f 2086/111/2086 2088/109/2088 2085/110/2085
f 2084/113/2084 2086/111/2086 2083/112/2083
f 2082/115/2082 2084/113/2084 2081/114/2081
f 2080/117/2080 2082/115/2082 2078/116/2078
vt 0.3401147 0.9738266
vt 0.4163677 0.7478478
vt 0.3900216 0.7373658
f 2139/926/2139 2140/927/2140 2141/928/2141
vt 0.3923569 0.9883103
vt 0.4436944 0.7554238
f 2139/926/2139 2142/929/2142 2143/930/2143
f 2143/930/2143 2140/927/2140 2139/926/2139
vt 0.4458611 0.9970690
vt 0.4716812 0.7600053
f 2142/929/2142 2144/931/2144 2145/932/2145
vt 0.5000000 0.7615384
f 2146/352/2146 2147/933/2147 2145/932/2145
vt 0.5541389 0.9970690
vt 0.5283188 0.7600053
f 2146/352/2146 2148/934/2148 2149/935/2149
vt 0.6598852 0.9738266
vt 0.5836323 0.7478478
vt 0.5563056 0.7554238
f 2150/936/2150 2151/937/2151 2152/938/2152
vt 0.7102529 0.9537877
vt 0.6099784 0.7373658
f 2150/936/2150 2153/939/2153 2154/940/2154
vt 0.1556453 0.8629978
vt 0.3198760 0.6898757
vt 0.3003725 0.6693164
f 2155/941/2155 2156/942/2156 2157/943/2157
vt 0.1969685 0.8980466
vt 0.3414912 0.7082089
f 2155/941/2155 2158/944/2158 2159/945/2159
vt 0.2418445 0.9284286
vt 0.3649648 0.7241011
f 2158/944/2158 2160/946/2160 2161/947/2161
vt 0.2897471 0.9537877
f 2160/946/2160 2162/948/2162 2141/928/2141
f 2145/932/2145 2143/930/2143 2142/929/2142
f 2149/935/2149 2147/933/2147 2146/352/2146
vt 0.6076431 0.9883103
f 2163/949/2163 2152/938/2152 2149/935/2149
f 2154/940/2154 2151/937/2151 2150/936/2150
vt 0.3401147 0.0261734
vt 0.4163677 0.2521523
vt 0.4436944 0.2445762
f 2164/950/2164 2165/951/2165 2166/952/2166
vt 0.2897471 0.0462123
vt 0.3900216 0.2626341
f 2167/953/2167 2168/954/2168 2165/951/2165
vt 0.0000000 0.4729306
vt 0.0000000 0.5270694
vt 0.2384615 0.5141594
f 2169/955/2169 2170/956/2170 2171/957/2171
vt 0.0058620 0.5808910
vt 0.2415278 0.5423122
f 2170/956/2170 2172/958/2172 2173/959/2173
vt 0.0575952 0.7342042
vt 0.2685882 0.6225069
vt 0.2566800 0.5968053
f 2174/960/2174 2175/961/2175 2176/962/2176
vt 0.0855477 0.7805935
vt 0.2832096 0.6467720
f 2174/960/2174 2177/963/2177 2178/964/2178
f 2159/945/2159 2156/942/2156 2155/941/2155
f 2141/928/2141 2161/947/2161 2160/946/2160
f 2145/932/2145 2144/931/2144 2146/352/2146
f 2152/938/2152 2163/949/2163 2150/936/2150
vt 1.0000000 0.5270694
vt 0.7615384 0.5141594
vt 0.7584721 0.5423122
f 2179/965/2179 2180/966/2180 2181/967/2181
vt 1.0000000 0.4729306
vt 0.7615384 0.4858406
f 2179/965/2179 2182/968/2182 2183/969/2183
vt 0.3923569 0.0116897
vt 0.4716812 0.2399947
f 2184/970/2184 2166/952/2166 2185/971/2185
f 2165/951/2165 2164/950/2164 2167/953/2167
vt 0.0348294 0.3149309
vt 0.2566800 0.4031947
vt 0.2685882 0.3774932
f 2186/972/2186 2187/973/2187 2188/974/2188
vt 0.0175174 0.3662359
vt 0.2476245 0.4300311
f 2186/972/2186 2189/975/2189 2190/976/2190
vt 0.2384615 0.4858406
vt 0.2415278 0.4576878
f 2169/955/2169 2191/977/2191 2192/978/2192
f 2173/959/2173 2171/957/2171 2170/956/2170
vt 0.0348294 0.6850691
vt 0.2476245 0.5699689
f 2193/979/2193 2176/962/2176 2194/980/2194
f 2178/964/2178 2175/961/2175 2174/960/2174
f 2161/947/2161 2159/945/2159 2158/944/2158
f 2149/935/2149 2148/934/2148 2163/949/2163
vt 0.7581555 0.9284286
vt 0.6350352 0.7241011
f 2195/981/2195 2196/982/2196 2154/940/2154
vt 0.8030315 0.8980466
vt 0.6585088 0.7082089
f 2195/981/2195 2197/983/2197 2198/984/2198
vt 0.9424049 0.7342042
vt 0.7314118 0.6225069
vt 0.7167904 0.6467720
f 2199/985/2199 2200/986/2200 2201/987/2201
vt 0.9651706 0.6850691
vt 0.7433200 0.5968053
f 2199/985/2199 2202/988/2202 2203/989/2203
vt 0.9824826 0.6337641
vt 0.7523755 0.5699689
f 2204/990/2204 2205/991/2205 2203/989/2203
vt 0.9941379 0.5808910
f 2204/990/2204 2206/992/2206 2181/967/2181
f 2183/969/2183 2180/966/2180 2179/965/2179
vt 0.9941379 0.4191090
vt 0.7584721 0.4576878
f 2182/968/2182 2207/993/2207 2208/994/2208
vt 0.9651706 0.3149309
vt 0.7433200 0.4031947
vt 0.7523755 0.4300311
f 2209/995/2209 2210/996/2210 2211/997/2211
vt 0.9424049 0.2657958
vt 0.7314118 0.3774932
f 2209/995/2209 2212/998/2212 2213/999/2213
vt 0.9144523 0.2194065
vt 0.7167904 0.3532280
f 2214/1000/2214 2215/1001/2215 2213/999/2213
vt 0.8816407 0.1763068
vt 0.6996275 0.3306836
f 2216/1002/2216 2217/1003/2217 2215/1001/2215
vt 0.8443547 0.1370022
vt 0.6801240 0.3101243
f 2216/1002/2216 2218/1004/2218 2219/1005/2219
vt 0.8030315 0.1019534
vt 0.6585088 0.2917910
f 2218/1004/2218 2220/1006/2220 2221/1007/2221
vt 0.6598852 0.0261734
vt 0.5836323 0.2521523
vt 0.6099784 0.2626341
f 2222/1008/2222 2223/1009/2223 2224/1010/2224
vt 0.6076431 0.0116897
vt 0.5563056 0.2445762
f 2222/1008/2222 2225/1011/2225 2226/1012/2226
vt 0.4458611 0.0029310
f 2227/353/2227 2228/1013/2228 2185/971/2185
f 2166/952/2166 2184/970/2184 2164/950/2164
vt 0.2418445 0.0715714
vt 0.3649648 0.2758989
f 2229/1014/2229 2230/1015/2230 2168/954/2168
vt 0.1969685 0.1019534
vt 0.3414912 0.2917910
f 2229/1014/2229 2231/1016/2231 2232/1017/2232
vt 0.1556453 0.1370022
vt 0.3198760 0.3101243
f 2233/1018/2233 2234/1019/2234 2232/1017/2232
vt 0.1183593 0.1763068
vt 0.3003725 0.3306836
f 2235/1020/2235 2236/1021/2236 2234/1019/2234
vt 0.0855477 0.2194065
vt 0.2832096 0.3532280
f 2235/1020/2235 2237/1022/2237 2238/1023/2238
vt 0.0575952 0.2657958
f 2237/1022/2237 2239/1024/2239 2188/974/2188
f 2190/976/2190 2187/973/2187 2186/972/2186
vt 0.0058620 0.4191090
f 2189/975/2189 2240/1025/2240 2192/978/2192
f 2171/957/2171 2191/977/2191 2169/955/2169
vt 0.0175174 0.6337641
f 2172/958/2172 2241/1026/2241 2194/980/2194
f 2176/962/2176 2193/979/2193 2174/960/2174
vt 0.1183593 0.8236932
f 2242/1027/2242 2157/943/2157 2178/964/2178
f 2141/928/2141 2162/948/2162 2139/926/2139
f 2198/984/2198 2196/982/2196 2195/981/2195
vt 0.8443547 0.8629978
vt 0.6801240 0.6898757
f 2243/1028/2243 2244/1029/2244 2198/984/2198
vt 0.8816407 0.8236932
vt 0.6996275 0.6693164
f 2243/1028/2243 2245/1030/2245 2246/1031/2246
vt 0.9144523 0.7805935
f 2245/1030/2245 2247/1032/2247 2201/987/2201
f 2203/989/2203 2200/986/2200 2199/985/2199
f 2181/967/2181 2205/991/2205 2204/990/2204
f 2208/994/2208 2183/969/2183 2182/968/2182
vt 0.9824826 0.3662359
f 2248/1033/2248 2211/997/2211 2208/994/2208
f 2213/999/2213 2210/996/2210 2209/995/2209
f 2215/1001/2215 2214/1000/2214 2216/1002/2216
f 2221/1007/2221 2219/1005/2219 2218/1004/2218
vt 0.7581555 0.0715714
vt 0.6350352 0.2758989
f 2249/1034/2249 2250/1035/2250 2221/1007/2221
vt 0.7102529 0.0462123
f 2249/1034/2249 2251/1036/2251 2224/1010/2224
f 2226/1012/2226 2223/1009/2223 2222/1008/2222
vt 0.5541389 0.0029310
vt 0.5283188 0.2399947
f 2225/1011/2225 2252/1037/2252 2253/1038/2253
f 2185/971/2185 2228/1013/2228 2184/970/2184
f 2232/1017/2232 2230/1015/2230 2229/1014/2229
f 2234/1019/2234 2233/1018/2233 2235/1020/2235
f 2188/974/2188 2238/1023/2238 2237/1022/2237
f 2192/978/2192 2190/976/2190 2189/975/2189
f 2194/980/2194 2173/959/2173 2172/958/2172
f 2178/964/2178 2177/963/2177 2242/1027/2242
f 2154/940/2154 2153/939/2153 2195/981/2195
f 2246/1031/2246 2244/1029/2244 2243/1028/2243
f 2201/987/2201 2247/1032/2247 2199/985/2199
f 2181/967/2181 2206/992/2206 2179/965/2179
f 2211/997/2211 2248/1033/2248 2209/995/2209
f 2219/1005/2219 2217/1003/2217 2216/1002/2216
f 2224/1010/2224 2250/1035/2250 2249/1034/2249
f 2253/1038/2253 2226/1012/2226 2225/1011/2225
vt 0.5000000 0.2384616
f 2227/353/2227 2254/1039/2254 2253/1038/2253
f 2168/954/2168 2167/953/2167 2229/1014/2229
f 2238/1023/2238 2236/1021/2236 2235/1020/2235
f 2192/978/2192 2240/1025/2240 2169/955/2169
f 2157/943/2157 2242/1027/2242 2155/941/2155
f 2201/987/2201 2246/1031/2246 2245/1030/2245
f 2208/994/2208 2207/993/2207 2248/1033/2248
f 2221/1007/2221 2220/1006/2220 2249/1034/2249
f 2253/1038/2253 2252/1037/2252 2227/353/2227
f 2232/1017/2232 2231/1016/2231 2233/1018/2233
f 2194/980/2194 2241/1026/2241 2193/979/2193
f 2203/989/2203 2202/988/2202 2204/990/2204
f 2224/1010/2224 2251/1036/2251 2222/1008/2222
f 2188/974/2188 2239/1024/2239 2186/972/2186
f 2213/999/2213 2212/998/2212 2214/1000/2214
f 2198/984/2198 2197/983/2197 2243/1028/2243
f 2185/971/2185 2254/1039/2254 2227/353/2227
f 2255/118/2255 2256/59/2256 2257/60/2257
f 2258/174/2258 2255/118/2255 2259/117/2259
f 2260/172/2260 2258/174/2258 2261/173/2261
f 2262/170/2262 2260/172/2260 2263/171/2263
f 2264/168/2264 2262/170/2262 2265/169/2265
f 2266/166/2266 2264/168/2264 2267/167/2267
f 2268/164/2268 2266/166/2266 2269/165/2269
f 2270/162/2270 2268/164/2268 2271/163/2271
f 2272/160/2272 2270/162/2270 2273/161/2273
f 2274/158/2274 2272/160/2272 2275/159/2275
f 2276/156/2276 2274/158/2274 2277/157/2277
f 2278/154/2278 2276/156/2276 2279/155/2279
f 2280/152/2280 2278/154/2278 2281/153/2281
f 2282/150/2282 2280/152/2280 2283/151/2283
f 2284/148/2284 2282/150/2282 2285/149/2285
f 2286/146/2286 2284/148/2284 2287/147/2287
f 2288/144/2288 2286/146/2286 2289/145/2289
f 2290/142/2290 2288/144/2288 2291/143/2291
f 2292/140/2292 2290/142/2290 2293/141/2293
f 2294/138/2294 2292/140/2292 2295/139/2295
f 2296/136/2296 2294/138/2294 2297/137/2297
f 2298/134/2298 2296/136/2296 2299/135/2299
f 2300/132/2300 2298/134/2298 2301/133/2301
f 2302/130/2302 2300/132/2300 2303/131/2303
f 2304/128/2304 2302/130/2302 2305/129/2305
f 2306/126/2306 2304/128/2304 2307/127/2307
f 2308/124/2308 2306/126/2306 2309/125/2309
f 2310/122/2310 2308/124/2308 2311/123/2311
f 2312/119/2312 2310/122/2310 2313/121/2313
f 2313/121/2313 2314/120/2314 2312/119/2312
f 2311/123/2311 2313/121/2313 2310/122/2310
f 2309/125/2309 2311/123/2311 2308/124/2308
f 2307/127/2307 2309/125/2309 2306/126/2306
f 2305/129/2305 2307/127/2307 2304/128/2304
f 2303/131/2303 2305/129/2305 2302/130/2302
f 2301/133/2301 2303/131/2303 2300/132/2300
f 2299/135/2299 2301/133/2301 2298/134/2298
f 2297/137/2297 2299/135/2299 2296/136/2296
f 2295/139/2295 2297/137/2297 2294/138/2294
f 2293/141/2293 2295/139/2295 2292/140/2292
f 2291/143/2291 2293/141/2293 2290/142/2290
f 2289/145/2289 2291/143/2291 2288/144/2288
f 2287/147/2287 2289/145/2289 2286/146/2286
f 2285/149/2285 2287/147/2287 2284/148/2284
f 2283/151/2283 2285/149/2285 2282/150/2282
f 2281/153/2281 2283/151/2283 2280/152/2280
f 2279/155/2279 2281/153/2281 2278/154/2278
f 2277/157/2277 2279/155/2279 2276/156/2276
f 2275/159/2275 2277/157/2277 2274/158/2274
f 2273/161/2273 2275/159/2275 2272/160/2272
f 2271/163/2271 2273/161/2273 2270/162/2270
f 2269/165/2269 2271/163/2271 2268/164/2268
f 2267/167/2267 2269/165/2269 2266/166/2266
f 2265/169/2265 2267/167/2267 2264/168/2264
f 2263/171/2263 2265/169/2265 2262/170/2262
f 2261/173/2261 2263/171/2263 2260/172/2260
f 2259/117/2259 2261/173/2261 2258/174/2258
f 2257/60/2257 2259/117/2259 2255/118/2255
f 2315/116/2315 2316/118/2316 2317/117/2317
f 2318/114/2318 2315/116/2315 2319/115/2319
f 2320/112/2320 2318/114/2318 2321/113/2321
f 2322/110/2322 2320/112/2320 2323/111/2323
f 2324/108/2324 2322/110/2322 2325/109/2325
f 2326/106/2326 2324/108/2324 2327/107/2327
f 2328/104/2328 2326/106/2326 2329/105/2329
f 2330/102/2330 2328/104/2328 2331/103/2331
f 2332/100/2332 2330/102/2330 2333/101/2333
f 2334/98/2334 2332/100/2332 2335/99/2335
f 2336/96/2336 2334/98/2334 2337/97/2337
f 2338/94/2338 2336/96/2336 2339/95/2339
f 2340/92/2340 2338/94/2338 2341/93/2341
f 2342/90/2342 2340/92/2340 2343/91/2343
f 2344/88/2344 2342/90/2342 2345/89/2345
f 2346/86/2346 2344/88/2344 2347/87/2347
f 2348/84/2348 2346/86/2346 2349/85/2349
f 2350/82/2350 2348/84/2348 2351/83/2351
f 2352/80/2352 2350/82/2350 2353/81/2353
f 2354/78/2354 2352/80/2352 2355/79/2355
f 2356/76/2356 2354/78/2354 2357/77/2357
f 2358/74/2358 2356/76/2356 2359/75/2359
f 2360/72/2360 2358/74/2358 2361/73/2361
f 2362/70/2362 2360/72/2360 2363/71/2363
f 2364/68/2364 2362/70/2362 2365/69/2365
f 2366/66/2366 2364/68/2364 2367/67/2367
f 2368/64/2368 2366/66/2366 2369/65/2369
f 2370/62/2370 2368/64/2368 2371/63/2371
f 2372/59/2372 2370/62/2370 2373/61/2373
f 2373/61/2373 2374/60/2374 2372/59/2372
f 2371/63/2371 2373/61/2373 2370/62/2370
f 2369/65/2369 2371/63/2371 2368/64/2368
f 2367/67/2367 2369/65/2369 2366/66/2366
f 2365/69/2365 2367/67/2367 2364/68/2364
f 2363/71/2363 2365/69/2365 2362/70/2362
f 2361/73/2361 2363/71/2363 2360/72/2360
f 2359/75/2359 2361/73/2361 2358/74/2358
f 2357/77/2357 2359/75/2359 2356/76/2356
f 2355/79/2355 2357/77/2357 2354/78/2354
f 2353/81/2353 2355/79/2355 2352/80/2352
f 2351/83/2351 2353/81/2353 2350/82/2350
f 2349/85/2349 2351/83/2351 2348/84/2348
f 2347/87/2347 2349/85/2349 2346/86/2346
f 2345/89/2345 2347/87/2347 2344/88/2344
f 2343/91/2343 2345/89/2345 2342/90/2342
f 2341/93/2341 2343/91/2343 2340/92/2340
f 2339/95/2339 2341/93/2341 2338/94/2338
f 2337/97/2337 2339/95/2339 2336/96/2336
f 2335/99/2335 2337/97/2337 2334/98/2334
f 2333/101/2333 2335/99/2335 2332/100/2332
f 2331/103/2331 2333/101/2333 2330/102/2330
f 2329/105/2329 2331/103/2331 2328/104/2328
f 2327/107/2327 2329/105/2329 2326/106/2326
f 2325/109/2325 2327/107/2327 2324/108/2324
f 2323/111/2323 2325/109/2325 2322/110/2322
f 2321/113/2321 2323/111/2323 2320/112/2320
f 2319/115/2319 2321/113/2321 2318/114/2318
f 2317/117/2317 2319/115/2319 2315/116/2315
vt 0.0331777 0.2589578
vt 0.0344125 0.2567461
vt 0.4624435 0.2891391
f 2375/1040/2375 2376/1041/2376 2377/1042/2377
vt 0.5375565 0.2891391
vt 0.5601272 0.4422306
vt 0.5501866 0.4386210
f 2378/1043/2378 2379/1044/2379 2380/1045/2380
f 2377/1042/2377 2380/1045/2380 2375/1040/2375
vt 0.5125679 0.7007242
vt 0.4874320 0.7007242
vt 0.4941994 0.5603201
f 2381/1046/2381 2382/1047/2382 2383/1048/2383
vt 0.5125679 0.2907792
f 2380/1045/2380 2384/1049/2384 2378/1043/2378
vt 0.4874320 0.2907792
f 2377/1042/2377 2385/1050/2385 2380/1045/2380
vt 0.5777853 0.4512829
vt 0.9668223 0.2589578
vt 0.9684460 0.2610760
f 2386/1051/2386 2387/1052/2387 2388/1053/2388
vt 0.9647562 0.2544668
vt 0.9655875 0.2567461
f 2386/1051/2386 2389/1054/2389 2390/1055/2390
vt 0.5058006 0.5603201
f 2383/1048/2383 2391/1056/2391 2381/1046/2381
f 2380/1045/2380 2385/1050/2385 2384/1049/2384
vt 0.0315540 0.2610760
f 2380/1045/2380 2392/1057/2392 2375/1040/2375
f 2390/1055/2390 2387/1052/2387 2386/1051/2386
vt 0.4826662 0.5595632
f 2382/1047/2382 2393/1058/2393 2383/1048/2383
vt 0.0352438 0.2544668
f 2376/1041/2376 2394/1059/2394 2377/1042/2377
vt 0.5852957 0.4566192
f 2388/1053/2388 2395/1060/2395 2386/1051/2386
vt 0.5621048 0.2858779
vt 0.5859249 0.2810341
f 2389/1054/2389 2396/1061/2396 2397/1062/2397
vt 0.5173338 0.5595632
f 2391/1056/2391 2398/1063/2398 2381/1046/2381
vt 0.4603423 0.5558224
vt 0.4713362 0.5580580
vt 0.3912623 0.7168392
f 2399/1064/2399 2400/1065/2400 2401/1066/2401
vt 0.0295603 0.2630758
f 2380/1045/2380 2402/1067/2402 2392/1057/2392
vt 0.5693628 0.4464679
f 2386/1051/2386 2403/1068/2403 2389/1054/2389
vt 0.6087376 0.2746643
vt 0.6302755 0.2668433
f 2389/1054/2389 2404/1069/2404 2405/1070/2405
f 2389/1054/2389 2378/1043/2378 2396/1061/2396
vt 0.4624435 0.0126229
vt 0.4378952 0.0158840
f 2406/384/2406 2407/1071/2407 2408/1072/2408
vt 0.5125679 0.0109827
vt 0.4874320 0.0109827
f 2409/118/2409 2410/1073/2410 2411/1074/2411
vt 0.4624435 0.7023644
f 2412/1075/2412 2400/1065/2400 2393/1058/2393
vt 0.2893128 0.7817945
vt 0.2800091 0.7958872
f 2413/60/2413 2414/1076/2414 2415/1077/2415
vt 0.4306372 0.5450356
vt 0.3010867 0.7683915
f 2413/60/2413 2416/1078/2416 2417/1079/2417
vt 0.3497139 0.7338408
vt 0.3314653 0.7442732
f 2416/1078/2416 2418/1080/2418 2419/1081/2419
vt 0.3697244 0.7246602
f 2401/1066/2401 2420/1082/2420 2399/1064/2399
vt 0.4398728 0.5492728
vt 0.4498134 0.5528826
f 2418/1080/2418 2421/1083/2421 2422/1084/2422
f 2403/1068/2403 2379/1044/2379 2389/1054/2389
f 2397/1062/2397 2404/1069/2404 2389/1054/2389
vt 0.5972402 0.4686003
vt 0.5918061 0.4624143
f 2388/1053/2388 2423/1085/2423 2424/1086/2424
vt 0.6065148 0.4887604
vt 0.6046379 0.4818510
f 2388/1053/2388 2425/1087/2425 2426/1088/2426
vt 0.6015342 0.5163988
vt 0.6046379 0.5096524
f 2388/1053/2388 2427/1089/2427 2428/1090/2428
vt 0.3010867 0.0786499
vt 0.2893128 0.0920529
f 2406/384/2406 2429/1091/2429 2430/1092/2430
f 2406/384/2406 2411/1074/2411 2407/1071/2407
vt 0.5375565 0.0126229
f 2409/118/2409 2431/1093/2431 2410/1073/2410
vt 0.5859249 0.0207278
vt 0.5621048 0.0158840
f 2409/118/2409 2432/1094/2432 2433/1095/2433
vt 0.5375565 0.7023644
vt 0.5286638 0.5580580
vt 0.5396577 0.5558224
f 2434/1096/2434 2435/1097/2435 2436/1098/2436
f 2382/1047/2382 2412/1075/2412 2393/1058/2393
f 2417/1079/2417 2414/1076/2414 2413/60/2413
vt 0.3151927 0.7558354
f 2419/1081/2419 2437/1099/2437 2416/1078/2416
f 2422/1084/2422 2399/1064/2399 2418/1080/2418
vt 0.0356619 0.2521467
vt 0.0357143 0.2509797
vt 0.3314653 0.2472302
f 2438/1100/2438 2439/1101/2439 2440/1102/2440
vt 0.9643381 0.2521467
f 2405/1070/2405 2441/1103/2441 2389/1054/2389
vt 0.6015342 0.4751047
f 2388/1053/2388 2442/1104/2442 2423/1085/2423
vt 0.6071429 0.4957517
f 2388/1053/2388 2443/1105/2443 2425/1087/2425
vt 0.6065148 0.5027431
f 2428/1090/2428 2444/1106/2444 2388/1053/2388
vt 0.3151927 0.0660938
f 2406/384/2406 2445/1107/2445 2429/1091/2429
vt 0.3497139 0.0440992
vt 0.3314653 0.0545317
f 2406/384/2406 2446/1108/2446 2447/1109/2447
vt 0.4140751 0.0207278
vt 0.3912623 0.0270976
f 2406/384/2406 2448/1110/2448 2449/1111/2449
f 2411/1074/2411 2406/384/2406 2409/118/2409
vt 0.6087376 0.0270976
f 2409/118/2409 2450/1112/2450 2432/1094/2432
vt 0.6685347 0.0545317
vt 0.6502861 0.0440992
f 2409/118/2409 2451/1113/2451 2452/1114/2452
vt 0.9815874 0.2694488
vt 0.5777853 0.5402206
f 2453/1115/2453 2434/1096/2434 2454/1116/2454
vt 0.5501866 0.5528826
f 2436/1098/2436 2455/1117/2455 2434/1096/2434
vt 0.4378952 0.7056255
vt 0.4140751 0.7104694
f 2400/1065/2400 2456/1118/2456 2457/1119/2457
f 2398/1063/2398 2434/1096/2434 2381/1046/2381
f 2437/1099/2437 2417/1079/2417 2416/1078/2416
f 2418/1080/2418 2416/1078/2416 2421/1083/2421
vt 0.3497139 0.2576627
f 2440/1102/2440 2458/1120/2458 2438/1100/2438
f 2424/1086/2424 2395/1060/2395 2388/1053/2388
f 2444/1106/2444 2443/1105/2443 2388/1053/2388
vt 0.5852957 0.5348843
vt 0.5918061 0.5290892
f 2388/1053/2388 2459/1121/2459 2460/1122/2460
vt 0.7199909 0.1956163
vt 0.7267155 0.1809992
vt 0.9668223 0.2430016
f 2461/1123/2461 2462/1124/2462 2463/1125/2463
vt 0.7106872 0.2097090
vt 0.9655875 0.2452133
f 2464/1126/2464 2461/1123/2461 2465/1127/2465
f 2447/1109/2447 2445/1107/2445 2406/384/2406
vt 0.3697244 0.0349186
f 2449/1111/2449 2466/1128/2466 2406/384/2406
f 2433/1095/2433 2431/1093/2431 2409/118/2409
vt 0.6302755 0.0349186
f 2452/1114/2452 2467/1129/2467 2409/118/2409
vt 0.5693628 0.5450356
f 2434/1096/2434 2468/1130/2468 2454/1116/2454
f 2434/1096/2434 2398/1063/2398 2435/1097/2435
f 2412/1075/2412 2456/1118/2456 2400/1065/2400
vt 0.2732845 0.8105043
vt 0.2692180 0.8254746
f 2413/60/2413 2469/1131/2469 2470/1132/2470
f 2420/1082/2420 2418/1080/2418 2399/1064/2399
vt 0.2800091 0.1956163
vt 0.0344125 0.2452133
vt 0.0331777 0.2430016
f 2471/1133/2471 2472/1134/2472 2473/1135/2473
vt 0.0356619 0.2498128
f 2439/1101/2439 2474/1136/2474 2440/1102/2440
f 2426/1088/2426 2442/1104/2442 2388/1053/2388
vt 0.5972402 0.5229031
f 2460/1122/2460 2475/1137/2475 2388/1053/2388
vt 0.6685347 0.2472302
vt 0.6848073 0.2356681
f 2441/1103/2441 2476/1138/2476 2477/1139/2477
vt 0.6502861 0.2576627
f 2441/1103/2441 2405/1070/2405 2478/1140/2478
vt 0.9684460 0.2408834
f 2462/1124/2462 2479/1141/2479 2463/1125/2463
vt 0.9643381 0.2498128
vt 0.6989133 0.2231120
f 2480/1142/2480 2477/1139/2477 2481/1143/2481
vt 0.9647562 0.2474926
f 2482/1144/2482 2481/1143/2481 2464/1126/2464
vt 0.0000000 0.2294253
vt 0.2692180 0.1357331
f 2483/1145/2483 2406/384/2406 2484/1146/2484
f 2466/1128/2466 2446/1108/2446 2406/384/2406
f 2467/1129/2467 2450/1112/2450 2409/118/2409
vt 0.9850039 0.2705420
vt 0.6087376 0.7168392
f 2453/1115/2453 2485/1147/2485 2486/1148/2486
vt 0.9885964 0.2714058
vt 0.6848073 0.7558354
vt 0.6685347 0.7442732
f 2487/1149/2487 2488/1150/2488 2489/1151/2489
vt 0.9754393 0.2666281
vt 0.9783866 0.2681391
f 2454/1116/2454 2490/1152/2490 2491/1153/2491
f 2457/1119/2457 2401/1066/2401 2400/1065/2400
f 2415/1077/2415 2469/1131/2469 2413/60/2413
vt 0.4081939 0.5290892
vt 0.4147043 0.5348843
f 2413/60/2413 2492/1154/2492 2493/1155/2493
vt 0.2893128 0.2097090
vt 0.0352438 0.2474926
f 2494/1156/2494 2495/1157/2495 2472/1134/2472
vt 0.2732845 0.1809992
f 2473/1135/2473 2496/1158/2496 2471/1133/2471
vt 0.4140751 0.2810341
vt 0.4378952 0.2858779
f 2394/1059/2394 2497/1159/2497 2498/1160/2498
vt 0.3697244 0.2668433
f 2394/1059/2394 2458/1120/2458 2499/1161/2499
f 2458/1120/2458 2394/1059/2394 2438/1100/2438
f 2475/1137/2475 2427/1089/2427 2388/1053/2388
f 2478/1140/2478 2476/1138/2476 2441/1103/2441
f 2463/1125/2463 2465/1127/2465 2461/1123/2461
f 2465/1127/2465 2482/1144/2482 2464/1126/2464
vt 0.2732845 0.1207628
f 2406/384/2406 2500/1162/2500 2484/1146/2484
f 2408/1072/2408 2448/1110/2448 2406/384/2406
vt 0.6989133 0.0786499
vt 0.6848073 0.0660938
f 2409/118/2409 2501/1163/2501 2502/1164/2502
vt 0.9727799 0.2370257
vt 0.7307820 0.1357331
vt 0.7267155 0.1207628
f 2503/1165/2503 2504/1166/2504 2505/1167/2505
vt 0.9704397 0.2388837
vt 0.7307820 0.1660289
f 2506/1168/2506 2479/1141/2479 2507/1169/2507
vt 0.7199909 0.1061456
vt 0.9783866 0.2338204
vt 0.9754393 0.2353313
f 2508/1170/2508 2509/1171/2509 2510/1172/2510
vt 0.9850039 0.2314174
f 2508/1170/2508 2409/118/2409 2511/1173/2511
vt 0.9923225 0.2720302
vt 0.7199909 0.7958872
vt 0.7106872 0.7817945
f 2512/1174/2512 2513/1175/2513 2514/1176/2514
vt 0.5859249 0.7104694
f 2486/1148/2486 2515/1177/2515 2453/1115/2453
vt 0.6502861 0.7338408
vt 0.6302755 0.7246602
f 2487/1149/2487 2516/1178/2516 2517/1179/2517
vt 0.6989133 0.7683915
f 2487/1149/2487 2518/1180/2518 2488/1150/2488
vt 0.5601272 0.5492728
f 2434/1096/2434 2519/1181/2519 2468/1130/2468
vt 0.2678571 0.8406225
f 2470/1132/2470 2520/1182/2520 2413/60/2413
vt 0.4222148 0.5402206
f 2493/1155/2493 2521/1183/2521 2413/60/2413
vt 0.3010867 0.2231120
vt 0.3151927 0.2356681
f 2495/1157/2495 2522/1184/2522 2523/1185/2523
f 2472/1134/2472 2471/1133/2471 2494/1156/2494
vt 0.0295603 0.2388837
vt 0.2678571 0.1508810
vt 0.2692180 0.1660289
f 2524/1186/2524 2525/1187/2525 2526/1188/2526
vt 0.0315540 0.2408834
f 2527/1189/2527 2526/1188/2526 2496/1158/2496
vt 0.3912623 0.2746643
f 2394/1059/2394 2528/1190/2528 2497/1159/2497
f 2474/1136/2474 2495/1157/2495 2440/1102/2440
f 2477/1139/2477 2480/1142/2480 2441/1103/2441
f 2481/1143/2481 2482/1144/2482 2480/1142/2480
vt 0.2800091 0.1061456
f 2406/384/2406 2529/1191/2529 2500/1162/2500
f 2502/1164/2502 2451/1113/2451 2409/118/2409
vt 0.7321429 0.1508810
f 2503/1165/2503 2530/1192/2530 2504/1166/2504
f 2530/1192/2530 2503/1165/2503 2506/1168/2506
vt 0.9815874 0.2325106
f 2508/1170/2508 2531/1193/2531 2509/1171/2509
vt 0.9885964 0.2305536
f 2409/118/2409 2532/1194/2532 2511/1173/2511
vt 0.5058006 0.4311833
vt 0.0356619 0.4273410
vt 0.0357143 0.4261740
f 2533/1195/2533 2534/1196/2534 2535/1197/2535
vt 0.7199909 0.8853579
vt 0.9885964 0.4466002
vt 0.9923225 0.4472246
f 2536/1198/2536 2537/1199/2537 2538/1200/2538
f 2514/1176/2514 2487/1149/2487 2512/1174/2512
vt 0.9961386 0.2724078
vt 0.7321429 0.8406225
vt 0.7307820 0.8254746
f 2539/1201/2539 2540/1202/2540 2541/1203/2541
vt 0.7267155 0.8707407
vt 0.7307820 0.8557704
f 2539/1201/2539 2542/1204/2542 2543/1205/2543
f 2485/1147/2485 2487/1149/2487 2486/1148/2486
f 2489/1151/2489 2516/1178/2516 2487/1149/2487
vt 0.9727799 0.2649338
f 2454/1116/2454 2544/1206/2544 2490/1152/2490
f 2521/1183/2521 2416/1078/2416 2413/60/2413
f 2544/1206/2544 2454/1116/2454 2459/1121/2459
vt 0.0000000 0.4477285
vt 0.3984657 0.5163988
vt 0.4027598 0.5229031
f 2545/1207/2545 2546/1208/2546 2547/1209/2547
vt 0.3934852 0.5027431
vt 0.3953621 0.5096524
f 2545/1207/2545 2548/1210/2548 2549/1211/2549
f 2494/1156/2494 2522/1184/2522 2495/1157/2495
f 2473/1135/2473 2527/1189/2527 2496/1158/2496
f 2499/1161/2499 2528/1190/2528 2394/1059/2394
f 2462/1124/2462 2507/1169/2507 2479/1141/2479
f 2430/1092/2430 2529/1191/2529 2406/384/2406
vt 0.7106872 0.0920529
f 2409/118/2409 2508/1170/2508 2550/1212/2550
f 2507/1169/2507 2530/1192/2530 2506/1168/2506
f 2511/1173/2511 2531/1193/2531 2508/1170/2508
vt 0.0356619 0.4250071
f 2535/1197/2535 2551/1213/2551 2533/1195/2533
vt 0.7106872 0.8994505
f 2552/117/2552 2553/1214/2553 2536/1198/2536
vt 0.4874320 0.9805208
f 2552/117/2552 2413/60/2413 2554/1215/2554
vt 0.3912623 0.9644059
vt 0.4140751 0.9707757
f 2413/60/2413 2555/1216/2555 2556/1217/2556
vt 0.2800091 0.8853579
vt 0.2893128 0.8994505
f 2413/60/2413 2557/1218/2557 2558/1219/2558
vt 0.7267155 0.8105043
f 2539/1201/2539 2559/1220/2559 2513/1175/2513
f 2543/1205/2543 2540/1202/2540 2539/1201/2539
vt 0.5621048 0.7056255
f 2515/1177/2515 2560/1221/2560 2453/1115/2453
f 2487/1149/2487 2514/1176/2514 2518/1180/2518
f 2455/1117/2455 2519/1181/2519 2434/1096/2434
vt 0.9704397 0.2630758
f 2459/1121/2459 2388/1053/2388 2561/1222/2561
f 2547/1209/2547 2413/60/2413 2545/1207/2545
vt 0.3928571 0.4957517
f 2545/1207/2545 2562/1223/2562 2548/1210/2548
vt 0.0272201 0.2370257
f 2525/1187/2525 2524/1186/2524 2563/1224/2563
f 2526/1188/2526 2527/1189/2527 2524/1186/2524
f 2378/1043/2378 2389/1054/2389 2379/1044/2379
vt 0.0245607 0.2666281
vt 0.0272201 0.2649338
f 2380/1045/2380 2564/1225/2564 2565/1226/2565
f 2550/1212/2550 2501/1163/2501 2409/118/2409
f 2510/1172/2510 2503/1165/2503 2508/1170/2508
vt 0.0352438 0.4296612
f 2533/1195/2533 2566/1227/2566 2534/1196/2534
f 2538/1200/2538 2552/117/2552 2536/1198/2536
vt 0.6848073 0.9254097
vt 0.6989133 0.9128535
f 2552/117/2552 2567/1228/2567 2568/1229/2568
vt 0.6502861 0.9474043
vt 0.6685347 0.9369718
f 2552/117/2552 2569/1230/2569 2570/1231/2570
vt 0.6087376 0.9644059
vt 0.6302755 0.9565849
f 2552/117/2552 2571/1232/2571 2572/1233/2572
vt 0.5621048 0.9756195
vt 0.5859249 0.9707757
f 2552/117/2552 2573/1234/2573 2574/1235/2574
vt 0.5125679 0.9805208
f 2554/1215/2554 2575/1236/2575 2552/117/2552
vt 0.4378952 0.9756195
vt 0.4624435 0.9788806
f 2413/60/2413 2576/1237/2576 2577/1238/2577
vt 0.3697244 0.9565849
f 2413/60/2413 2578/1239/2578 2555/1216/2555
vt 0.3151927 0.9254097
vt 0.3314653 0.9369718
f 2413/60/2413 2579/1240/2579 2580/1241/2580
vt 0.3010867 0.9128535
f 2558/1219/2558 2581/1242/2581 2413/60/2413
f 2541/1203/2541 2559/1220/2559 2539/1201/2539
f 2517/1179/2517 2486/1148/2486 2487/1149/2487
f 2459/1121/2459 2561/1222/2561 2544/1206/2544
f 2549/1211/2549 2546/1208/2546 2545/1207/2545
f 2523/1185/2523 2440/1102/2440 2495/1157/2495
f 2565/1226/2565 2402/1067/2402 2380/1045/2380
f 2505/1167/2505 2508/1170/2508 2503/1165/2503
vt 0.9961386 0.2295516
vt 0.9923225 0.2299292
f 2409/118/2409 2582/1243/2582 2583/1244/2583
vt 0.0184126 0.2694488
vt 0.5173338 0.4319403
f 2584/1245/2584 2585/1246/2585 2533/1195/2533
vt 0.5396577 0.4356810
vt 0.5286638 0.4334455
f 2584/1245/2584 2586/1247/2586 2587/1248/2587
f 2564/1225/2564 2380/1045/2380 2586/1247/2586
f 2568/1229/2568 2553/1214/2553 2552/117/2552
f 2572/1233/2572 2569/1230/2569 2552/117/2552
vt 0.5375565 0.9788806
f 2552/117/2552 2588/1249/2588 2573/1234/2573
f 2577/1238/2577 2554/1215/2554 2413/60/2413
vt 0.3497139 0.9474043
f 2413/60/2413 2589/1250/2589 2578/1239/2578
f 2581/1242/2581 2579/1240/2579 2413/60/2413
vt 0.2692180 0.8557704
f 2413/60/2413 2520/1182/2520 2590/1251/2590
vt 0.0114036 0.2305536
vt 0.0076775 0.2299292
f 2525/1187/2525 2591/1252/2591 2592/1253/2592
vt 0.0245607 0.2353313
vt 0.0216134 0.2338204
f 2525/1187/2525 2593/1254/2593 2594/1255/2594
f 2560/1221/2560 2434/1096/2434 2453/1115/2453
f 2547/1209/2547 2492/1154/2492 2413/60/2413
f 2498/1160/2498 2377/1042/2377 2394/1059/2394
f 2583/1244/2583 2532/1194/2532 2409/118/2409
f 2587/1248/2587 2585/1246/2585 2584/1245/2584
vt 0.0216134 0.2681391
f 2586/1247/2586 2584/1245/2584 2595/1256/2595
vt 0.0114036 0.2714058
vt 0.0352438 0.4226869
f 2596/1257/2596 2551/1213/2551 2597/1258/2597
vt 0.4941994 0.4311833
vt 0.0272201 0.4401281
vt 0.0295603 0.4382702
f 2598/1259/2598 2599/1260/2599 2600/1261/2600
vt 0.0216134 0.4433334
vt 0.0245607 0.4418225
f 2598/1259/2598 2601/1262/2601 2602/1263/2602
f 2570/1231/2570 2567/1228/2567 2552/117/2552
f 2575/1236/2575 2588/1249/2588 2552/117/2552
f 2580/1241/2580 2589/1250/2589 2413/60/2413
vt 0.2732845 0.8707407
f 2590/1251/2590 2603/1264/2603 2413/60/2413
vt 0.9727799 0.4401281
vt 0.9754393 0.4418225
f 2536/1198/2536 2604/1265/2604 2605/1266/2605
vt 0.0149960 0.2314174
f 2525/1187/2525 2606/1267/2606 2591/1252/2591
vt 0.0184126 0.2325106
f 2594/1255/2594 2607/1268/2607 2525/1187/2525
f 2454/1116/2454 2491/1153/2491 2453/1115/2453
f 2484/1146/2484 2525/1187/2525 2483/1145/2483
f 2586/1247/2586 2595/1256/2595 2564/1225/2564
vt 0.0076775 0.2720302
f 2597/1258/2597 2608/1269/2608 2596/1257/2596
f 2602/1263/2602 2599/1260/2599 2598/1259/2598
vt 0.0149960 0.4457363
vt 0.0184126 0.4446431
f 2598/1259/2598 2609/1270/2609 2610/1271/2610
vt 0.0076775 0.4472246
vt 0.0114036 0.4466002
f 2598/1259/2598 2611/1272/2611 2612/1273/2612
f 2574/1235/2574 2571/1232/2571 2552/117/2552
f 2603/1264/2603 2557/1218/2557 2413/60/2413
vt 0.9815874 0.4446431
vt 0.9850039 0.4457363
f 2536/1198/2536 2613/1274/2613 2614/1275/2614
vt 0.9783866 0.4433334
f 2605/1266/2605 2615/1276/2615 2536/1198/2536
vt 0.9783866 0.4090148
vt 0.9754393 0.4105256
f 2539/1201/2539 2616/1277/2616 2617/1278/2617
vt 1.0000000 0.2725341
vt 1.0000000 0.4046196
f 2539/1201/2539 2618/1279/2618 2619/1280/2619
f 2607/1268/2607 2606/1267/2606 2525/1187/2525
f 2563/1224/2563 2593/1254/2593 2525/1187/2525
vt 0.0149960 0.2705420
f 2551/1213/2551 2620/1281/2620 2584/1245/2584
vt 0.0038614 0.2724078
f 2597/1258/2597 2621/1282/2621 2608/1269/2608
f 2566/1227/2566 2533/1195/2533 2598/1259/2598
vt 0.0315540 0.4362704
vt 0.0331777 0.4341522
f 2598/1259/2598 2622/1283/2622 2623/1284/2623
f 2610/1271/2610 2601/1262/2601 2598/1259/2598
vt 0.0038614 0.4476022
f 2598/1259/2598 2624/1285/2624 2611/1272/2611
vt 0.0038614 0.4047460
vt 0.0000000 0.4046196
f 2621/1282/2621 2625/1286/2625 2626/1287/2626
f 2556/1217/2556 2576/1237/2576 2413/60/2413
f 2615/1276/2615 2613/1274/2613 2536/1198/2536
vt 0.9815874 0.4077050
f 2539/1201/2539 2627/1288/2627 2616/1277/2616
vt 0.9885964 0.4057480
vt 0.9850039 0.4066118
f 2539/1201/2539 2628/1289/2628 2629/1290/2629
vt 0.9961386 0.4047460
f 2619/1280/2619 2630/1291/2630 2539/1201/2539
f 2512/1174/2512 2539/1201/2539 2513/1175/2513
f 2596/1257/2596 2620/1281/2620 2551/1213/2551
vt 0.0344125 0.4319405
f 2623/1284/2623 2631/1292/2631 2598/1259/2598
f 2612/1273/2612 2609/1270/2609 2598/1259/2598
vt 0.0076775 0.4051236
f 2621/1282/2621 2632/1293/2632 2625/1286/2625
vt 0.0272201 0.4122200
vt 0.0245607 0.4105256
f 2621/1282/2621 2633/1294/2633 2634/1295/2634
vt 0.0315540 0.4160778
vt 0.0295603 0.4140780
f 2621/1282/2621 2635/1296/2635 2636/1297/2636
vt 0.4826662 0.4319403
f 2624/1285/2624 2598/1259/2598 2637/1298/2637
f 2614/1275/2614 2537/1199/2537 2536/1198/2536
vt 0.9684460 0.4362704
vt 0.9704397 0.4382702
f 2536/1198/2536 2638/1299/2638 2639/1300/2639
vt 0.9643381 0.4273410
vt 0.9647562 0.4296612
f 2536/1198/2536 2640/1301/2640 2641/1302/2641
f 2629/1290/2629 2627/1288/2627 2539/1201/2539
vt 0.9923225 0.4051236
f 2630/1291/2630 2642/1303/2642 2539/1201/2539
f 2551/1213/2551 2584/1245/2584 2533/1195/2533
f 2600/1261/2600 2622/1283/2622 2598/1259/2598
vt 0.0114036 0.4057480
f 2621/1282/2621 2643/1304/2643 2632/1293/2632
vt 0.0216134 0.4090148
vt 0.0184126 0.4077050
f 2621/1282/2621 2644/1305/2644 2645/1306/2645
f 2636/1297/2636 2633/1294/2633 2621/1282/2621
vt 0.4398728 0.4422306
vt 0.4306372 0.4464679
f 2624/1285/2624 2646/1307/2646 2647/1308/2647
vt 0.4713362 0.4334455
f 2637/1298/2637 2648/1309/2648 2624/1285/2624
f 2639/1300/2639 2604/1265/2604 2536/1198/2536
vt 0.9655875 0.4319405
vt 0.9668223 0.4341522
f 2536/1198/2536 2649/1310/2649 2650/1311/2650
vt 0.9643381 0.4250071
f 2536/1198/2536 2651/1312/2651 2640/1301/2640
vt 0.9655875 0.4204077
vt 0.9647562 0.4226869
f 2536/1198/2536 2652/1313/2652 2653/1314/2653
f 2652/1313/2652 2536/1198/2536 2542/1204/2542
vt 0.9684460 0.4160778
vt 0.9668223 0.4181960
f 2539/1201/2539 2654/1315/2654 2655/1316/2655
vt 0.9727799 0.4122200
vt 0.9704397 0.4140780
f 2539/1201/2539 2656/1317/2656 2657/1318/2657
f 2642/1303/2642 2628/1289/2628 2539/1201/2539
f 2598/1259/2598 2631/1292/2631 2566/1227/2566
vt 0.0149960 0.4066118
f 2621/1282/2621 2658/1319/2658 2643/1304/2643
f 2634/1295/2634 2644/1305/2644 2621/1282/2621
vt 0.0344125 0.4204077
vt 0.0331777 0.4181960
f 2621/1282/2621 2659/1320/2659 2660/1321/2660
vt 0.4498134 0.4386210
f 2624/1285/2624 2661/1322/2661 2646/1307/2646
vt 0.4603423 0.4356810
f 2648/1309/2648 2662/1323/2662 2624/1285/2624
f 2650/1311/2650 2638/1299/2638 2536/1198/2536
f 2653/1314/2653 2651/1312/2651 2536/1198/2536
f 2655/1316/2655 2652/1313/2652 2539/1201/2539
f 2617/1278/2617 2656/1317/2656 2539/1201/2539
vt 0.0038614 0.2295516
f 2592/1253/2592 2663/1324/2663 2525/1187/2525
f 2645/1306/2645 2658/1319/2658 2621/1282/2621
f 2621/1282/2621 2597/1258/2597 2659/1320/2659
vt 0.3934852 0.4887604
f 2664/1325/2664 2545/1207/2545 2624/1285/2624
vt 0.4222148 0.4512829
vt 0.4147043 0.4566192
f 2624/1285/2624 2665/1326/2665 2666/1327/2666
f 2662/1323/2662 2661/1322/2661 2624/1285/2624
f 2641/1302/2641 2649/1310/2649 2536/1198/2536
f 2657/1318/2657 2654/1315/2654 2539/1201/2539
vt 1.0000000 0.2294253
f 2409/118/2409 2667/1328/2667 2582/1243/2582
f 2660/1321/2660 2635/1296/2635 2621/1282/2621
vt 0.3984657 0.4751047
vt 0.3953621 0.4818510
f 2624/1285/2624 2668/1329/2668 2669/1330/2669
vt 0.4081939 0.4624143
vt 0.4027598 0.4686003
f 2624/1285/2624 2670/1331/2670 2671/1332/2671
f 2647/1308/2647 2665/1326/2665 2624/1285/2624
f 2542/1204/2542 2539/1201/2539 2652/1313/2652
vt 0.0000000 0.2725341
f 2626/1287/2626 2672/1333/2672 2621/1282/2621
f 2624/1285/2624 2669/1330/2669 2664/1325/2664
f 2666/1327/2666 2670/1331/2670 2624/1285/2624
f 2663/1324/2663 2483/1145/2483 2525/1187/2525
f 2671/1332/2671 2668/1329/2668 2624/1285/2624
f 2664/1325/2664 2562/1223/2562 2545/1207/2545
vt 0.9961386 0.4476022
f 2538/1200/2538 2673/1334/2673 2552/117/2552
vt 1.0000000 0.4477285
f 2673/1334/2673 2674/1335/2674 2552/117/2552
f 2675/1024/2675 2676/974/2676 2677/1023/2677
f 2675/1024/2675 2678/972/2678 2679/973/2679
f 2679/973/2679 2676/974/2676 2675/1024/2675
f 2678/972/2678 2680/975/2680 2681/976/2681
f 2681/976/2681 2679/973/2679 2678/972/2678
f 2680/975/2680 2682/1025/2682 2683/978/2683
vt 0.0000000 0.4729306
f 2684/1336/2684 2685/977/2685 2683/978/2683
f 2684/1336/2684 2686/956/2686 2687/957/2687
f 2688/352/2688 2689/933/2689 2690/932/2690
f 2688/352/2688 2691/934/2691 2692/935/2692
f 2693/988/2693 2694/989/2694 2695/986/2695
f 2693/988/2693 2696/990/2696 2697/991/2697
f 2698/965/2698 2699/966/2699 2700/967/2700
f 2698/965/2698 2701/968/2701 2702/969/2702
f 2703/998/2703 2704/999/2704 2705/996/2705
f 2703/998/2703 2706/1000/2706 2707/1001/2707
f 2683/978/2683 2681/976/2681 2680/975/2680
f 2687/957/2687 2685/977/2685 2684/1336/2684
f 2708/931/2708 2690/932/2690 2709/930/2709
f 2692/935/2692 2689/933/2689 2688/352/2688
f 2697/991/2697 2694/989/2694 2693/988/2693
f 2696/990/2696 2710/992/2710 2700/967/2700
f 2702/969/2702 2699/966/2699 2698/965/2698
f 2701/968/2701 2711/993/2711 2712/994/2712
f 2713/995/2713 2705/996/2705 2714/997/2714
f 2707/1001/2707 2704/999/2704 2703/998/2703
f 2715/1018/2715 2716/1019/2716 2717/1017/2717
f 2715/1018/2715 2718/1020/2718 2719/1021/2719
f 2718/1020/2718 2720/1022/2720 2677/1023/2677
f 2683/978/2683 2682/1025/2682 2684/1336/2684
f 2721/960/2721 2722/961/2722 2723/962/2723
f 2721/960/2721 2724/963/2724 2725/964/2725
f 2726/941/2726 2727/942/2727 2728/943/2728
f 2726/941/2726 2729/944/2729 2730/945/2730
f 2690/932/2690 2708/931/2708 2688/352/2688
f 2731/949/2731 2732/938/2732 2692/935/2692
f 2733/936/2733 2734/937/2734 2732/938/2732
f 2733/936/2733 2735/939/2735 2736/940/2736
f 2700/967/2700 2697/991/2697 2696/990/2696
f 2712/994/2712 2702/969/2702 2701/968/2701
f 2737/1033/2737 2714/997/2714 2712/994/2712
f 2705/996/2705 2713/995/2713 2703/998/2703
f 2738/1004/2738 2739/1005/2739 2740/1003/2740
f 2738/1004/2738 2741/1006/2741 2742/1007/2742
f 2743/1008/2743 2744/1009/2744 2745/1010/2745
f 2743/1008/2743 2746/1011/2746 2747/1012/2747
f 2719/1021/2719 2716/1019/2716 2715/1018/2715
f 2677/1023/2677 2720/1022/2720 2675/1024/2675
f 2748/958/2748 2749/959/2749 2687/957/2687
f 2748/958/2748 2750/1026/2750 2751/980/2751
f 2752/979/2752 2723/962/2723 2751/980/2751
f 2725/964/2725 2722/961/2722 2721/960/2721
f 2753/1027/2753 2728/943/2728 2725/964/2725
f 2730/945/2730 2727/942/2727 2726/941/2726
f 2754/946/2754 2755/947/2755 2730/945/2730
f 2754/946/2754 2756/948/2756 2757/928/2757
f 2758/926/2758 2759/927/2759 2757/928/2757
f 2758/926/2758 2760/929/2760 2709/930/2709
f 2692/935/2692 2691/934/2691 2731/949/2731
f 2736/940/2736 2734/937/2734 2733/936/2733
f 2761/981/2761 2762/982/2762 2736/940/2736
f 2761/981/2761 2763/983/2763 2764/984/2764
f 2765/1028/2765 2766/1029/2766 2764/984/2764
f 2767/1030/2767 2768/1031/2768 2766/1029/2766
f 2767/1030/2767 2769/1032/2769 2770/987/2770
f 2769/1032/2769 2771/985/2771 2695/986/2695
f 2700/967/2700 2710/992/2710 2698/965/2698
f 2714/997/2714 2737/1033/2737 2713/995/2713
f 2772/1002/2772 2740/1003/2740 2707/1001/2707
f 2742/1007/2742 2739/1005/2739 2738/1004/2738
f 2773/1034/2773 2774/1035/2774 2742/1007/2742
f 2775/1036/2775 2745/1010/2745 2774/1035/2774
f 2747/1012/2747 2744/1009/2744 2743/1008/2743
f 2746/1011/2746 2776/1037/2776 2777/1038/2777
f 2778/950/2778 2779/951/2779 2780/952/2780
f 2778/950/2778 2781/953/2781 2782/954/2782
f 2677/1023/2677 2719/1021/2719 2718/1020/2718
f 2751/980/2751 2749/959/2749 2748/958/2748
f 2723/962/2723 2752/979/2752 2721/960/2721
f 2728/943/2728 2753/1027/2753 2726/941/2726
f 2757/928/2757 2755/947/2755 2754/946/2754
f 2709/930/2709 2759/927/2759 2758/926/2758
f 2732/938/2732 2731/949/2731 2733/936/2733
f 2764/984/2764 2762/982/2762 2761/981/2761
f 2766/1029/2766 2765/1028/2765 2767/1030/2767
f 2695/986/2695 2770/987/2770 2769/1032/2769
f 2712/994/2712 2711/993/2711 2737/1033/2737
f 2740/1003/2740 2772/1002/2772 2738/1004/2738
f 2774/1035/2774 2773/1034/2773 2775/1036/2775
f 2777/1038/2777 2747/1012/2747 2746/1011/2746
f 2783/1013/2783 2784/970/2784 2780/952/2780
f 2782/954/2782 2779/951/2779 2778/950/2778
f 2687/957/2687 2686/956/2686 2748/958/2748
f 2725/964/2725 2724/963/2724 2753/1027/2753
f 2757/928/2757 2756/948/2756 2758/926/2758
f 2736/940/2736 2735/939/2735 2761/981/2761
f 2770/987/2770 2768/1031/2768 2767/1030/2767
f 2707/1001/2707 2706/1000/2706 2772/1002/2772
f 2745/1010/2745 2775/1036/2775 2743/1008/2743
f 2785/353/2785 2786/1039/2786 2777/1038/2777
f 2785/353/2785 2783/1013/2783 2787/971/2787
f 2780/952/2780 2784/970/2784 2778/950/2778
f 2788/1014/2788 2789/1015/2789 2782/954/2782
f 2788/1014/2788 2790/1016/2790 2717/1017/2717
f 2751/980/2751 2750/1026/2750 2752/979/2752
f 2709/930/2709 2760/929/2760 2708/931/2708
f 2695/986/2695 2771/985/2771 2693/988/2693
f 2777/1038/2777 2776/1037/2776 2785/353/2785
f 2780/952/2780 2787/971/2787 2783/1013/2783
f 2717/1017/2717 2789/1015/2789 2788/1014/2788
f 2730/945/2730 2729/944/2729 2754/946/2754
f 2742/1007/2742 2741/1006/2741 2773/1034/2773
f 2782/954/2782 2781/953/2781 2788/1014/2788
f 2764/984/2764 2763/983/2763 2765/1028/2765
f 2717/1017/2717 2790/1016/2790 2715/1018/2715
f 2787/971/2787 2786/1039/2786 2785/353/2785
vt 0.0000000 1.0000000
f 2791/118/2791 2792/59/2792 2793/1337/2793
f 2794/174/2794 2791/118/2791 2795/117/2795
f 2796/172/2796 2794/174/2794 2797/173/2797
f 2798/170/2798 2796/172/2796 2799/171/2799
f 2800/168/2800 2798/170/2798 2801/169/2801
f 2802/166/2802 2800/168/2800 2803/167/2803
f 2804/164/2804 2802/166/2802 2805/165/2805
f 2806/162/2806 2804/164/2804 2807/163/2807
f 2808/160/2808 2806/162/2806 2809/161/2809
f 2810/158/2810 2808/160/2808 2811/159/2811
f 2812/156/2812 2810/158/2810 2813/157/2813
f 2814/154/2814 2812/156/2812 2815/155/2815
f 2816/152/2816 2814/154/2814 2817/153/2817
f 2818/150/2818 2816/152/2816 2819/151/2819
f 2820/148/2820 2818/150/2818 2821/149/2821
f 2822/146/2822 2820/148/2820 2823/147/2823
f 2824/144/2824 2822/146/2822 2825/145/2825
f 2826/142/2826 2824/144/2824 2827/143/2827
f 2828/140/2828 2826/142/2826 2829/141/2829
f 2830/138/2830 2828/140/2828 2831/139/2831
f 2832/136/2832 2830/138/2830 2833/137/2833
f 2834/134/2834 2832/136/2832 2835/135/2835
f 2836/132/2836 2834/134/2834 2837/133/2837
f 2838/130/2838 2836/132/2836 2839/131/2839
f 2840/128/2840 2838/130/2838 2841/129/2841
f 2842/126/2842 2840/128/2840 2843/127/2843
f 2844/124/2844 2842/126/2842 2845/125/2845
f 2846/122/2846 2844/124/2844 2847/123/2847
f 2848/119/2848 2846/122/2846 2849/121/2849
f 2849/121/2849 2850/120/2850 2848/119/2848
f 2847/123/2847 2849/121/2849 2846/122/2846
f 2845/125/2845 2847/123/2847 2844/124/2844
f 2843/127/2843 2845/125/2845 2842/126/2842
f 2841/129/2841 2843/127/2843 2840/128/2840
f 2839/131/2839 2841/129/2841 2838/130/2838
f 2837/133/2837 2839/131/2839 2836/132/2836
f 2835/135/2835 2837/133/2837 2834/134/2834
f 2833/137/2833 2835/135/2835 2832/136/2832
f 2831/139/2831 2833/137/2833 2830/138/2830
f 2829/141/2829 2831/139/2831 2828/140/2828
f 2827/143/2827 2829/141/2829 2826/142/2826
f 2825/145/2825 2827/143/2827 2824/144/2824
f 2823/147/2823 2825/145/2825 2822/146/2822
f 2821/149/2821 2823/147/2823 2820/148/2820
f 2819/151/2819 2821/149/2821 2818/150/2818
f 2817/153/2817 2819/151/2819 2816/152/2816
f 2815/155/2815 2817/153/2817 2814/154/2814
f 2813/157/2813 2815/155/2815 2812/156/2812
f 2811/159/2811 2813/157/2813 2810/158/2810
f 2809/161/2809 2811/159/2811 2808/160/2808
f 2807/163/2807 2809/161/2809 2806/162/2806
f 2805/165/2805 2807/163/2807 2804/164/2804
f 2803/167/2803 2805/165/2805 2802/166/2802
f 2801/169/2801 2803/167/2803 2800/168/2800
f 2799/171/2799 2801/169/2801 2798/170/2798
f 2797/173/2797 2799/171/2799 2796/172/2796
f 2795/117/2795 2797/173/2797 2794/174/2794
f 2793/1337/2793 2795/117/2795 2791/118/2791
f 2851/116/2851 2852/118/2852 2853/117/2853
f 2854/114/2854 2851/116/2851 2855/115/2855
f 2856/112/2856 2854/114/2854 2857/113/2857
f 2858/110/2858 2856/112/2856 2859/111/2859
f 2860/108/2860 2858/110/2858 2861/109/2861
f 2862/106/2862 2860/108/2860 2863/107/2863
f 2864/104/2864 2862/106/2862 2865/105/2865
f 2866/102/2866 2864/104/2864 2867/103/2867
f 2868/100/2868 2866/102/2866 2869/101/2869
f 2870/98/2870 2868/100/2868 2871/99/2871
f 2872/96/2872 2870/98/2870 2873/97/2873
f 2874/94/2874 2872/96/2872 2875/95/2875
f 2876/92/2876 2874/94/2874 2877/93/2877
f 2878/90/2878 2876/92/2876 2879/91/2879
f 2880/88/2880 2878/90/2878 2881/89/2881
f 2882/86/2882 2880/88/2880 2883/87/2883
f 2884/84/2884 2882/86/2882 2885/85/2885
f 2886/82/2886 2884/84/2884 2887/83/2887
f 2888/80/2888 2886/82/2886 2889/81/2889
f 2890/78/2890 2888/80/2888 2891/79/2891
f 2892/76/2892 2890/78/2890 2893/77/2893
f 2894/74/2894 2892/76/2892 2895/75/2895
f 2896/72/2896 2894/74/2894 2897/73/2897
f 2898/70/2898 2896/72/2896 2899/71/2899
f 2900/68/2900 2898/70/2898 2901/69/2901
f 2902/66/2902 2900/68/2900 2903/67/2903
f 2904/64/2904 2902/66/2902 2905/65/2905
f 2906/62/2906 2904/64/2904 2907/63/2907
f 2908/59/2908 2906/62/2906 2909/61/2909
vt 0.0000000 1.0000000
f 2909/61/2909 2910/1338/2910 2908/59/2908
f 2907/63/2907 2909/61/2909 2906/62/2906
f 2905/65/2905 2907/63/2907 2904/64/2904
f 2903/67/2903 2905/65/2905 2902/66/2902
f 2901/69/2901 2903/67/2903 2900/68/2900
f 2899/71/2899 2901/69/2901 2898/70/2898
f 2897/73/2897 2899/71/2899 2896/72/2896
f 2895/75/2895 2897/73/2897 2894/74/2894
f 2893/77/2893 2895/75/2895 2892/76/2892
f 2891/79/2891 2893/77/2893 2890/78/2890
f 2889/81/2889 2891/79/2891 2888/80/2888
f 2887/83/2887 2889/81/2889 2886/82/2886
f 2885/85/2885 2887/83/2887 2884/84/2884
f 2883/87/2883 2885/85/2885 2882/86/2882
f 2881/89/2881 2883/87/2883 2880/88/2880
f 2879/91/2879 2881/89/2881 2878/90/2878
f 2877/93/2877 2879/91/2879 2876/92/2876
f 2875/95/2875 2877/93/2877 2874/94/2874
f 2873/97/2873 2875/95/2875 2872/96/2872
f 2871/99/2871 2873/97/2873 2870/98/2870
f 2869/101/2869 2871/99/2871 2868/100/2868
f 2867/103/2867 2869/101/2869 2866/102/2866
f 2865/105/2865 2867/103/2867 2864/104/2864
f 2863/107/2863 2865/105/2865 2862/106/2862
f 2861/109/2861 2863/107/2863 2860/108/2860
f 2859/111/2859 2861/109/2861 2858/110/2858
f 2857/113/2857 2859/111/2859 2856/112/2856
f 2855/115/2855 2857/113/2857 2854/114/2854
f 2853/117/2853 2855/115/2855 2851/116/2851
f 2911/10/2911 2912/3/2912 2913/19/2913
f 2914/8/2914 2915/21/2915 2916/22/2916
f 2917/58/2917 2918/6/2918 2919/11/2919
f 2920/35/2920 2921/32/2921 2922/33/2922
f 2920/35/2920 2923/42/2923 2924/41/2924
f 2925/12/2925 2926/48/2926 2927/55/2927
f 2925/12/2925 2917/58/2917 2928/56/2928
f 2929/54/2929 2930/49/2930 2931/50/2931
f 2929/54/2929 2932/14/2932 2933/15/2933
f 2911/10/2911 2934/18/2934 2935/7/2935
f 2911/10/2911 2936/2/2936 2912/3/2912
f 2914/8/2914 2937/30/2937 2915/21/2915
f 2917/58/2917 2938/36/2938 2939/37/2939
f 2917/58/2917 2940/24/2940 2941/31/2941
f 2919/11/2919 2942/23/2942 2917/58/2917
f 2943/43/2943 2944/40/2944 2945/38/2945
f 2924/41/2924 2921/32/2921 2920/35/2920
f 2946/39/2946 2943/43/2943 2947/44/2947
f 2925/12/2925 2948/47/2948 2926/48/2926
f 2928/56/2928 2949/57/2949 2925/12/2925
f 2929/54/2929 2950/52/2950 2930/49/2930
f 2933/15/2933 2951/51/2951 2929/54/2929
f 2929/54/2929 2952/20/2952 2953/27/2953
f 2929/54/2929 2954/9/2954 2955/1/2955
f 2913/19/2913 2934/18/2934 2911/10/2911
f 2916/22/2916 2956/29/2956 2914/8/2914
f 2941/31/2941 2938/36/2938 2917/58/2917
f 2917/58/2917 2957/5/2957 2918/6/2918
f 2917/58/2917 2925/12/2925 2958/4/2958
f 2943/43/2943 2946/39/2946 2944/40/2944
f 2947/44/2947 2920/35/2920 2946/39/2946
f 2925/12/2925 2959/45/2959 2960/46/2960
f 2949/57/2949 2948/47/2948 2925/12/2925
f 2951/51/2951 2950/52/2950 2929/54/2929
f 2929/54/2929 2961/17/2961 2962/25/2962
f 2929/54/2929 2963/34/2963 2964/26/2964
f 2929/54/2929 2965/28/2965 2952/20/2952
f 2929/54/2929 2914/8/2914 2954/9/2954
f 2956/29/2956 2911/10/2911 2914/8/2914
f 2914/8/2914 2929/54/2929 2966/13/2966
f 2939/37/2939 2967/53/2967 2917/58/2917
f 2958/4/2958 2957/5/2957 2917/58/2917
f 2922/33/2922 2946/39/2946 2920/35/2920
f 2927/55/2927 2959/45/2959 2925/12/2925
f 2962/25/2962 2932/14/2932 2929/54/2929
f 2964/26/2964 2968/16/2968 2929/54/2929
f 2955/1/2955 2965/28/2965 2929/54/2929
f 2966/13/2966 2937/30/2937 2914/8/2914
f 2942/23/2942 2940/24/2940 2917/58/2917
f 2960/46/2960 2943/43/2943 2925/12/2925
f 2968/16/2968 2961/17/2961 2929/54/2929
f 2935/7/2935 2914/8/2914 2911/10/2911
f 2945/38/2945 2925/12/2925 2943/43/2943
f 2953/27/2953 2963/34/2963 2929/54/2929
f 2931/50/2931 2917/58/2917 2929/54/2929
f 2967/53/2967 2929/54/2929 2917/58/2917
f 2969/353/2969 2970/90/2970 2971/89/2971
vt 0.5344828 0.0000000
vt 0.5344828 1.0000000
f 2970/90/2970 2972/1339/2972 2973/1340/2973
f 2972/1339/2972 2974/92/2974 2975/91/2975
vt 0.5689655 0.0000000
vt 0.5689655 1.0000000
f 2974/92/2974 2976/1341/2976 2977/1342/2977
f 2976/1341/2976 2978/94/2978 2979/93/2979
vt 0.6034483 0.0000000
vt 0.6034483 1.0000000
f 2978/94/2978 2980/1343/2980 2981/1344/2981
f 2980/1343/2980 2982/96/2982 2983/95/2983
vt 0.6379310 0.0000000
vt 0.6379310 1.0000000
f 2982/96/2982 2984/1345/2984 2985/1346/2985
f 2984/1345/2984 2986/98/2986 2987/97/2987
vt 0.6724138 0.0000000
vt 0.6724138 1.0000000
f 2986/98/2986 2988/1347/2988 2989/1348/2989
f 2988/1347/2988 2990/100/2990 2991/99/2991
vt 0.7068965 0.0000000
vt 0.7068965 1.0000000
f 2990/100/2990 2992/1349/2992 2993/1350/2993
f 2992/1349/2992 2994/102/2994 2995/101/2995
vt 0.7413793 0.0000000
vt 0.7413793 1.0000000
f 2994/102/2994 2996/1351/2996 2997/1352/2997
f 2996/1351/2996 2998/104/2998 2999/103/2999
vt 0.7758621 0.0000000
vt 0.7758621 1.0000000
f 2998/104/2998 3000/1353/3000 3001/1354/3001
f 3000/1353/3000 3002/106/3002 3003/105/3003
vt 0.8103448 0.0000000
vt 0.8103448 1.0000000
f 3002/106/3002 3004/1355/3004 3005/1356/3005
f 3004/1355/3004 3006/108/3006 3007/107/3007
vt 0.8448276 0.0000000
vt 0.8448276 1.0000000
f 3006/108/3006 3008/1357/3008 3009/1358/3009
f 3008/1357/3008 3010/110/3010 3011/109/3011
vt 0.8793104 0.0000000
vt 0.8793104 1.0000000
f 3010/110/3010 3012/1359/3012 3013/1360/3013
f 3012/1359/3012 3014/112/3014 3015/111/3015
vt 0.9137931 0.0000000
vt 0.9137931 1.0000000
f 3014/112/3014 3016/1361/3016 3017/1362/3017
f 3016/1361/3016 3018/114/3018 3019/113/3019
vt 0.9482759 0.0000000
vt 0.9482759 1.0000000
f 3018/114/3018 3020/1363/3020 3021/1364/3021
f 3020/1363/3020 3022/116/3022 3023/115/3023
vt 0.9827586 0.0000000
vt 0.9827586 1.0000000
f 3022/116/3022 3024/1365/3024 3025/1366/3025
f 3024/1365/3024 3026/118/3026 3027/60/3027
f 3027/60/3027 3025/1366/3025 3024/1365/3024
f 3025/1366/3025 3023/115/3023 3022/116/3022
f 3023/115/3023 3021/1364/3021 3020/1363/3020
f 3021/1364/3021 3019/113/3019 3018/114/3018
f 3019/113/3019 3017/1362/3017 3016/1361/3016
f 3017/1362/3017 3015/111/3015 3014/112/3014
f 3015/111/3015 3013/1360/3013 3012/1359/3012
f 3013/1360/3013 3011/109/3011 3010/110/3010
f 3011/109/3011 3009/1358/3009 3008/1357/3008
f 3009/1358/3009 3007/107/3007 3006/108/3006
f 3007/107/3007 3005/1356/3005 3004/1355/3004
f 3005/1356/3005 3003/105/3003 3002/106/3002
f 3003/105/3003 3001/1354/3001 3000/1353/3000
f 3001/1354/3001 2999/103/2999 2998/104/2998
f 2999/103/2999 2997/1352/2997 2996/1351/2996
f 2997/1352/2997 2995/101/2995 2994/102/2994
f 2995/101/2995 2993/1350/2993 2992/1349/2992
f 2993/1350/2993 2991/99/2991 2990/100/2990
f 2991/99/2991 2989/1348/2989 2988/1347/2988
f 2989/1348/2989 2987/97/2987 2986/98/2986
f 2987/97/2987 2985/1346/2985 2984/1345/2984
f 2985/1346/2985 2983/95/2983 2982/96/2982
f 2983/95/2983 2981/1344/2981 2980/1343/2980
f 2981/1344/2981 2979/93/2979 2978/94/2978
f 2979/93/2979 2977/1342/2977 2976/1341/2976
f 2977/1342/2977 2975/91/2975 2974/92/2974
f 2975/91/2975 2973/1340/2973 2972/1339/2972
f 2973/1340/2973 2971/89/2971 2970/90/2970
f 2971/89/2971 3028/352/3028 2969/353/2969
vt 0.0172414 0.0000000
vt 0.0172414 1.0000000
f 3029/118/3029 3030/1367/3030 3031/1368/3031
f 3030/1367/3030 3032/62/3032 3033/61/3033
vt 0.0517241 0.0000000
vt 0.0517241 1.0000000
f 3032/62/3032 3034/1369/3034 3035/1370/3035
f 3034/1369/3034 3036/64/3036 3037/63/3037
vt 0.0862069 0.0000000
vt 0.0862069 1.0000000
f 3036/64/3036 3038/1371/3038 3039/1372/3039
f 3038/1371/3038 3040/66/3040 3041/65/3041
vt 0.1206897 0.0000000
vt 0.1206897 1.0000000
f 3040/66/3040 3042/1373/3042 3043/1374/3043
f 3042/1373/3042 3044/68/3044 3045/67/3045
vt 0.1551724 0.0000000
vt 0.1551724 1.0000000
f 3044/68/3044 3046/1375/3046 3047/1376/3047
f 3046/1375/3046 3048/70/3048 3049/69/3049
vt 0.1896552 0.0000000
vt 0.1896552 1.0000000
f 3048/70/3048 3050/1377/3050 3051/1378/3051
f 3050/1377/3050 3052/72/3052 3053/71/3053
vt 0.2241379 0.0000000
vt 0.2241379 1.0000000
f 3052/72/3052 3054/1379/3054 3055/1380/3055
f 3054/1379/3054 3056/74/3056 3057/73/3057
vt 0.2586207 0.0000000
vt 0.2586207 1.0000000
f 3056/74/3056 3058/1381/3058 3059/1382/3059
f 3058/1381/3058 3060/76/3060 3061/75/3061
vt 0.2931035 0.0000000
vt 0.2931035 1.0000000
f 3060/76/3060 3062/1383/3062 3063/1384/3063
f 3062/1383/3062 3064/78/3064 3065/77/3065
vt 0.3275862 0.0000000
vt 0.3275862 1.0000000
f 3064/78/3064 3066/1385/3066 3067/1386/3067
f 3066/1385/3066 3068/80/3068 3069/79/3069
vt 0.3620690 0.0000000
vt 0.3620690 1.0000000
f 3068/80/3068 3070/1387/3070 3071/1388/3071
f 3070/1387/3070 3072/82/3072 3073/81/3073
vt 0.3965517 0.0000000
vt 0.3965517 1.0000000
f 3072/82/3072 3074/1389/3074 3075/1390/3075
f 3074/1389/3074 3076/84/3076 3077/83/3077
vt 0.4310345 0.0000000
vt 0.4310345 1.0000000
f 3076/84/3076 3078/1391/3078 3079/1392/3079
f 3078/1391/3078 3080/86/3080 3081/85/3081
vt 0.4655173 0.0000000
vt 0.4655173 1.0000000
f 3080/86/3080 3082/1393/3082 3083/1394/3083
f 3082/1393/3082 3084/88/3084 3085/87/3085
f 3084/88/3084 3086/353/3086 3087/352/3087
f 3087/352/3087 3085/87/3085 3084/88/3084
f 3085/87/3085 3083/1394/3083 3082/1393/3082
f 3083/1394/3083 3081/85/3081 3080/86/3080
f 3081/85/3081 3079/1392/3079 3078/1391/3078
f 3079/1392/3079 3077/83/3077 3076/84/3076
f 3077/83/3077 3075/1390/3075 3074/1389/3074
f 3075/1390/3075 3073/81/3073 3072/82/3072
f 3073/81/3073 3071/1388/3071 3070/1387/3070
f 3071/1388/3071 3069/79/3069 3068/80/3068
f 3069/79/3069 3067/1386/3067 3066/1385/3066
f 3067/1386/3067 3065/77/3065 3064/78/3064
f 3065/77/3065 3063/1384/3063 3062/1383/3062
f 3063/1384/3063 3061/75/3061 3060/76/3060
f 3061/75/3061 3059/1382/3059 3058/1381/3058
f 3059/1382/3059 3057/73/3057 3056/74/3056
f 3057/73/3057 3055/1380/3055 3054/1379/3054
f 3055/1380/3055 3053/71/3053 3052/72/3052
f 3053/71/3053 3051/1378/3051 3050/1377/3050
f 3051/1378/3051 3049/69/3049 3048/70/3048
f 3049/69/3049 3047/1376/3047 3046/1375/3046
f 3047/1376/3047 3045/67/3045 3044/68/3044
f 3045/67/3045 3043/1374/3043 3042/1373/3042
f 3043/1374/3043 3041/65/3041 3040/66/3040
f 3041/65/3041 3039/1372/3039 3038/1371/3038
f 3039/1372/3039 3037/63/3037 3036/64/3036
f 3037/63/3037 3035/1370/3035 3034/1369/3034
f 3035/1370/3035 3033/61/3033 3032/62/3032
f 3033/61/3033 3031/1368/3031 3030/1367/3030
f 3031/1368/3031 3088/60/3088 3029/118/3029
vt 0.0000000 1.0000000
f 3089/118/3089 3090/59/3090 3091/1395/3091
f 3092/174/3092 3089/118/3089 3093/117/3093
f 3094/172/3094 3092/174/3092 3095/173/3095
f 3096/170/3096 3094/172/3094 3097/171/3097
f 3098/168/3098 3096/170/3096 3099/169/3099
f 3100/166/3100 3098/168/3098 3101/167/3101
f 3102/164/3102 3100/166/3100 3103/165/3103
f 3104/162/3104 3102/164/3102 3105/163/3105
f 3106/160/3106 3104/162/3104 3107/161/3107
f 3108/158/3108 3106/160/3106 3109/159/3109
f 3110/156/3110 3108/158/3108 3111/157/3111
f 3112/154/3112 3110/156/3110 3113/155/3113
f 3114/152/3114 3112/154/3112 3115/153/3115
f 3116/150/3116 3114/152/3114 3117/151/3117
f 3118/148/3118 3116/150/3116 3119/149/3119
f 3120/146/3120 3118/148/3118 3121/147/3121
f 3122/144/3122 3120/146/3120 3123/145/3123
f 3124/142/3124 3122/144/3122 3125/143/3125
f 3126/140/3126 3124/142/3124 3127/141/3127
f 3128/138/3128 3126/140/3126 3129/139/3129
f 3130/136/3130 3128/138/3128 3131/137/3131
f 3132/134/3132 3130/136/3130 3133/135/3133
f 3134/132/3134 3132/134/3132 3135/133/3135
f 3136/130/3136 3134/132/3134 3137/131/3137
f 3138/128/3138 3136/130/3136 3139/129/3139
f 3140/126/3140 3138/128/3138 3141/127/3141
f 3142/124/3142 3140/126/3140 3143/125/3143
f 3144/122/3144 3142/124/3142 3145/123/3145
f 3146/119/3146 3144/122/3144 3147/121/3147
f 3147/121/3147 3148/120/3148 3146/119/3146
f 3145/123/3145 3147/121/3147 3144/122/3144
f 3143/125/3143 3145/123/3145 3142/124/3142
f 3141/127/3141 3143/125/3143 3140/126/3140
f 3139/129/3139 3141/127/3141 3138/128/3138
f 3137/131/3137 3139/129/3139 3136/130/3136
f 3135/133/3135 3137/131/3137 3134/132/3134
f 3133/135/3133 3135/133/3135 3132/134/3132
f 3131/137/3131 3133/135/3133 3130/136/3130
f 3129/139/3129 3131/137/3131 3128/138/3128
f 3127/141/3127 3129/139/3129 3126/140/3126
f 3125/143/3125 3127/141/3127 3124/142/3124
f 3123/145/3123 3125/143/3125 3122/144/3122
f 3121/147/3121 3123/145/3123 3120/146/3120
f 3119/149/3119 3121/147/3121 3118/148/3118
f 3117/151/3117 3119/149/3119 3116/150/3116
f 3115/153/3115 3117/151/3117 3114/152/3114
f 3113/155/3113 3115/153/3115 3112/154/3112
f 3111/157/3111 3113/155/3113 3110/156/3110
f 3109/159/3109 3111/157/3111 3108/158/3108
f 3107/161/3107 3109/159/3109 3106/160/3106
f 3105/163/3105 3107/161/3107 3104/162/3104
f 3103/165/3103 3105/163/3105 3102/164/3102
f 3101/167/3101 3103/165/3103 3100/166/3100
f 3099/169/3099 3101/167/3101 3098/168/3098
f 3097/171/3097 3099/169/3099 3096/170/3096
f 3095/173/3095 3097/171/3097 3094/172/3094
f 3093/117/3093 3095/173/3095 3092/174/3092
f 3091/1395/3091 3093/117/3093 3089/118/3089
f 3149/116/3149 3150/118/3150 3151/117/3151
f 3152/114/3152 3149/116/3149 3153/115/3153
f 3154/112/3154 3152/114/3152 3155/113/3155
f 3156/110/3156 3154/112/3154 3157/111/3157
f 3158/108/3158 3156/110/3156 3159/109/3159
f 3160/106/3160 3158/108/3158 3161/107/3161
f 3162/104/3162 3160/106/3160 3163/105/3163
f 3164/102/3164 3162/104/3162 3165/103/3165
f 3166/100/3166 3164/102/3164 3167/101/3167
f 3168/98/3168 3166/100/3166 3169/99/3169
f 3170/96/3170 3168/98/3168 3171/97/3171
f 3172/94/3172 3170/96/3170 3173/95/3173
f 3174/92/3174 3172/94/3172 3175/93/3175
f 3176/90/3176 3174/92/3174 3177/91/3177
f 3178/88/3178 3176/90/3176 3179/89/3179
f 3180/86/3180 3178/88/3178 3181/87/3181
f 3182/84/3182 3180/86/3180 3183/85/3183
f 3184/82/3184 3182/84/3182 3185/83/3185
f 3186/80/3186 3184/82/3184 3187/81/3187
f 3188/78/3188 3186/80/3186 3189/79/3189
f 3190/76/3190 3188/78/3188 3191/77/3191
f 3192/74/3192 3190/76/3190 3193/75/3193
f 3194/72/3194 3192/74/3192 3195/73/3195
f 3196/70/3196 3194/72/3194 3197/71/3197
f 3198/68/3198 3196/70/3196 3199/69/3199
f 3200/66/3200 3198/68/3198 3201/67/3201
f 3202/64/3202 3200/66/3200 3203/65/3203
f 3204/62/3204 3202/64/3202 3205/63/3205
f 3206/59/3206 3204/62/3204 3207/61/3207
vt 0.0000000 1.0000000
f 3207/61/3207 3208/1396/3208 3206/59/3206
f 3205/63/3205 3207/61/3207 3204/62/3204
f 3203/65/3203 3205/63/3205 3202/64/3202
f 3201/67/3201 3203/65/3203 3200/66/3200
f 3199/69/3199 3201/67/3201 3198/68/3198
f 3197/71/3197 3199/69/3199 3196/70/3196
f 3195/73/3195 3197/71/3197 3194/72/3194
f 3193/75/3193 3195/73/3195 3192/74/3192
f 3191/77/3191 3193/75/3193 3190/76/3190
f 3189/79/3189 3191/77/3191 3188/78/3188
f 3187/81/3187 3189/79/3189 3186/80/3186
f 3185/83/3185 3187/81/3187 3184/82/3184
f 3183/85/3183 3185/83/3185 3182/84/3182
f 3181/87/3181 3183/85/3183 3180/86/3180
f 3179/89/3179 3181/87/3181 3178/88/3178
f 3177/91/3177 3179/89/3179 3176/90/3176
f 3175/93/3175 3177/91/3177 3174/92/3174
f 3173/95/3173 3175/93/3175 3172/94/3172
f 3171/97/3171 3173/95/3173 3170/96/3170
f 3169/99/3169 3171/97/3171 3168/98/3168
f 3167/101/3167 3169/99/3169 3166/100/3166
f 3165/103/3165 3167/101/3167 3164/102/3164
f 3163/105/3163 3165/103/3165 3162/104/3162
f 3161/107/3161 3163/105/3163 3160/106/3160
f 3159/109/3159 3161/107/3161 3158/108/3158
f 3157/111/3157 3159/109/3159 3156/110/3156
f 3155/113/3155 3157/111/3157 3154/112/3154
f 3153/115/3153 3155/113/3155 3152/114/3152
f 3151/117/3151 3153/115/3153 3149/116/3149
f 3209/353/3209 3210/90/3210 3211/89/3211
f 3210/90/3210 3212/1339/3212 3213/1340/3213
f 3212/1339/3212 3214/92/3214 3215/91/3215
f 3214/92/3214 3216/1341/3216 3217/1342/3217
f 3216/1341/3216 3218/94/3218 3219/93/3219
f 3218/94/3218 3220/1343/3220 3221/1344/3221
f 3220/1343/3220 3222/96/3222 3223/95/3223
f 3222/96/3222 3224/1345/3224 3225/1346/3225
f 3224/1345/3224 3226/98/3226 3227/97/3227
f 3226/98/3226 3228/1347/3228 3229/1348/3229
f 3228/1347/3228 3230/100/3230 3231/99/3231
f 3230/100/3230 3232/1349/3232 3233/1350/3233
f 3232/1349/3232 3234/102/3234 3235/101/3235
f 3234/102/3234 3236/1351/3236 3237/1352/3237
f 3236/1351/3236 3238/104/3238 3239/103/3239
f 3238/104/3238 3240/1353/3240 3241/1354/3241
f 3240/1353/3240 3242/106/3242 3243/105/3243
f 3242/106/3242 3244/1355/3244 3245/1356/3245
f 3244/1355/3244 3246/108/3246 3247/107/3247
f 3246/108/3246 3248/1357/3248 3249/1358/3249
f 3248/1357/3248 3250/110/3250 3251/109/3251
f 3250/110/3250 3252/1359/3252 3253/1360/3253
f 3252/1359/3252 3254/112/3254 3255/111/3255
f 3254/112/3254 3256/1361/3256 3257/1362/3257
f 3256/1361/3256 3258/114/3258 3259/113/3259
f 3258/114/3258 3260/1363/3260 3261/1364/3261
f 3260/1363/3260 3262/116/3262 3263/115/3263
f 3262/116/3262 3264/1365/3264 3265/1366/3265
f 3264/1365/3264 3266/59/3266 3267/117/3267
f 3267/117/3267 3265/1366/3265 3264/1365/3264
f 3265/1366/3265 3263/115/3263 3262/116/3262
f 3263/115/3263 3261/1364/3261 3260/1363/3260
f 3261/1364/3261 3259/113/3259 3258/114/3258
f 3259/113/3259 3257/1362/3257 3256/1361/3256
f 3257/1362/3257 3255/111/3255 3254/112/3254
f 3255/111/3255 3253/1360/3253 3252/1359/3252
f 3253/1360/3253 3251/109/3251 3250/110/3250
f 3251/109/3251 3249/1358/3249 3248/1357/3248
f 3249/1358/3249 3247/107/3247 3246/108/3246
f 3247/107/3247 3245/1356/3245 3244/1355/3244
f 3245/1356/3245 3243/105/3243 3242/106/3242
f 3243/105/3243 3241/1354/3241 3240/1353/3240
f 3241/1354/3241 3239/103/3239 3238/104/3238
f 3239/103/3239 3237/1352/3237 3236/1351/3236
f 3237/1352/3237 3235/101/3235 3234/102/3234
f 3235/101/3235 3233/1350/3233 3232/1349/3232
f 3233/1350/3233 3231/99/3231 3230/100/3230
f 3231/99/3231 3229/1348/3229 3228/1347/3228
f 3229/1348/3229 3227/97/3227 3226/98/3226
f 3227/97/3227 3225/1346/3225 3224/1345/3224
f 3225/1346/3225 3223/95/3223 3222/96/3222
f 3223/95/3223 3221/1344/3221 3220/1343/3220
f 3221/1344/3221 3219/93/3219 3218/94/3218
f 3219/93/3219 3217/1342/3217 3216/1341/3216
f 3217/1342/3217 3215/91/3215 3214/92/3214
f 3215/91/3215 3213/1340/3213 3212/1339/3212
f 3213/1340/3213 3211/89/3211 3210/90/3210
f 3211/89/3211 3268/352/3268 3209/353/3209
f 3269/59/3269 3270/1367/3270 3271/1368/3271
f 3270/1367/3270 3272/62/3272 3273/61/3273
f 3272/62/3272 3274/1369/3274 3275/1370/3275
f 3274/1369/3274 3276/64/3276 3277/63/3277
f 3276/64/3276 3278/1371/3278 3279/1372/3279
f 3278/1371/3278 3280/66/3280 3281/65/3281
f 3280/66/3280 3282/1373/3282 3283/1374/3283
f 3282/1373/3282 3284/68/3284 3285/67/3285
f 3284/68/3284 3286/1375/3286 3287/1376/3287
f 3286/1375/3286 3288/70/3288 3289/69/3289
f 3288/70/3288 3290/1377/3290 3291/1378/3291
f 3290/1377/3290 3292/72/3292 3293/71/3293
f 3292/72/3292 3294/1379/3294 3295/1380/3295
f 3294/1379/3294 3296/74/3296 3297/73/3297
f 3296/74/3296 3298/1381/3298 3299/1382/3299
f 3298/1381/3298 3300/76/3300 3301/75/3301
f 3300/76/3300 3302/1383/3302 3303/1384/3303
f 3302/1383/3302 3304/78/3304 3305/77/3305
f 3304/78/3304 3306/1385/3306 3307/1386/3307
f 3306/1385/3306 3308/80/3308 3309/79/3309
f 3308/80/3308 3310/1387/3310 3311/1388/3311
f 3310/1387/3310 3312/82/3312 3313/81/3313
f 3312/82/3312 3314/1389/3314 3315/1390/3315
f 3314/1389/3314 3316/84/3316 3317/83/3317
f 3316/84/3316 3318/1391/3318 3319/1392/3319
f 3318/1391/3318 3320/86/3320 3321/85/3321
f 3320/86/3320 3322/1393/3322 3323/1394/3323
f 3322/1393/3322 3324/88/3324 3325/87/3325
f 3324/88/3324 3326/353/3326 3327/352/3327
f 3327/352/3327 3325/87/3325 3324/88/3324
f 3325/87/3325 3323/1394/3323 3322/1393/3322
f 3323/1394/3323 3321/85/3321 3320/86/3320
f 3321/85/3321 3319/1392/3319 3318/1391/3318
f 3319/1392/3319 3317/83/3317 3316/84/3316
f 3317/83/3317 3315/1390/3315 3314/1389/3314
f 3315/1390/3315 3313/81/3313 3312/82/3312
f 3313/81/3313 3311/1388/3311 3310/1387/3310
f 3311/1388/3311 3309/79/3309 3308/80/3308
f 3309/79/3309 3307/1386/3307 3306/1385/3306
f 3307/1386/3307 3305/77/3305 3304/78/3304
f 3305/77/3305 3303/1384/3303 3302/1383/3302
f 3303/1384/3303 3301/75/3301 3300/76/3300
f 3301/75/3301 3299/1382/3299 3298/1381/3298
f 3299/1382/3299 3297/73/3297 3296/74/3296
f 3297/73/3297 3295/1380/3295 3294/1379/3294
f 3295/1380/3295 3293/71/3293 3292/72/3292
f 3293/71/3293 3291/1378/3291 3290/1377/3290
f 3291/1378/3291 3289/69/3289 3288/70/3288
f 3289/69/3289 3287/1376/3287 3286/1375/3286
f 3287/1376/3287 3285/67/3285 3284/68/3284
f 3285/67/3285 3283/1374/3283 3282/1373/3282
f 3283/1374/3283 3281/65/3281 3280/66/3280
f 3281/65/3281 3279/1372/3279 3278/1371/3278
f 3279/1372/3279 3277/63/3277 3276/64/3276
f 3277/63/3277 3275/1370/3275 3274/1369/3274
f 3275/1370/3275 3273/61/3273 3272/62/3272
f 3273/61/3273 3271/1368/3271 3270/1367/3270
f 3271/1368/3271 3328/117/3328 3269/59/3269
f 3329/30/3329 3330/36/3330 3331/31/3331
f 3332/54/3332 3333/53/3333 3334/37/3334
f 3330/36/3330 3329/30/3329 3335/13/3335
f 3336/42/3336 3337/55/3337 3338/48/3338
f 3331/31/3331 3339/24/3339 3329/30/3329
f 3335/13/3335 3332/54/3332 3330/36/3330
f 3336/42/3336 3340/45/3340 3337/55/3337
f 3336/42/3336 3341/44/3341 3342/43/3342
f 3343/21/3343 3344/11/3344 3345/6/3345
f 3334/37/3334 3330/36/3330 3332/54/3332
f 3336/42/3336 3346/57/3346 3347/56/3347
f 3336/42/3336 3348/46/3348 3340/45/3340
f 3336/42/3336 3349/35/3349 3341/44/3341
f 3343/21/3343 3350/23/3350 3344/11/3344
f 3350/23/3350 3343/21/3343 3329/30/3329
f 3351/5/3351 3352/29/3352 3353/22/3353
f 3354/39/3354 3355/7/3355 3356/18/3356
f 3336/42/3336 3357/50/3357 3358/49/3358
f 3336/42/3336 3359/47/3359 3346/57/3346
f 3342/43/3342 3348/46/3348 3336/42/3336
f 3339/24/3339 3350/23/3350 3329/30/3329
f 3351/5/3351 3360/10/3360 3352/29/3352
f 3356/18/3356 3361/19/3361 3354/39/3354
f 3354/39/3354 3362/27/3362 3363/20/3363
f 3354/39/3354 3364/52/3364 3365/51/3365
f 3336/42/3336 3366/58/3366 3357/50/3357
f 3338/48/3338 3359/47/3359 3336/42/3336
f 3364/52/3364 3367/32/3367 3368/41/3368
f 3364/52/3364 3354/39/3354 3369/33/3369
f 3360/10/3360 3370/38/3370 3371/40/3371
f 3360/10/3360 3351/5/3351 3372/4/3372
f 3353/22/3353 3343/21/3343 3351/5/3351
f 3354/39/3354 3373/3/3373 3374/2/3374
f 3354/39/3354 3375/8/3375 3355/7/3355
f 3354/39/3354 3376/28/3376 3377/1/3377
f 3354/39/3354 3378/34/3378 3362/27/3362
f 3354/39/3354 3379/14/3379 3380/25/3380
f 3365/51/3365 3381/15/3381 3354/39/3354
f 3347/56/3347 3366/58/3366 3336/42/3336
f 3369/33/3369 3367/32/3367 3364/52/3364
f 3360/10/3360 3382/12/3382 3370/38/3370
f 3345/6/3345 3351/5/3351 3343/21/3343
f 3361/19/3361 3373/3/3373 3354/39/3354
f 3377/1/3377 3383/9/3383 3354/39/3354
f 3354/39/3354 3384/26/3384 3378/34/3378
f 3354/39/3354 3385/17/3385 3386/16/3386
f 3381/15/3381 3379/14/3379 3354/39/3354
f 3368/41/3368 3336/42/3336 3364/52/3364
f 3372/4/3372 3382/12/3382 3360/10/3360
f 3383/9/3383 3375/8/3375 3354/39/3354
f 3386/16/3386 3384/26/3384 3354/39/3354
f 3358/49/3358 3364/52/3364 3336/42/3336
f 3374/2/3374 3360/10/3360 3354/39/3354
f 3380/25/3380 3385/17/3385 3354/39/3354
f 3363/20/3363 3376/28/3376 3354/39/3354
f 3371/40/3371 3354/39/3354 3360/10/3360
f 3387/4/3387 3388/11/3388 3389/23/3389
f 3389/23/3389 3390/24/3390 3387/4/3387
f 3388/11/3388 3387/4/3387 3391/5/3391
f 3392/26/3392 3393/55/3393 3394/45/3394
f 3392/26/3392 3395/47/3395 3396/48/3396
f 3397/51/3397 3392/26/3392 3398/16/3398
f 3387/4/3387 3399/31/3399 3400/36/3400
f 3391/5/3391 3401/6/3401 3388/11/3388
f 3396/48/3396 3393/55/3393 3392/26/3392
f 3392/26/3392 3402/58/3402 3403/56/3403
f 3392/26/3392 3404/49/3404 3405/50/3405
f 3392/26/3392 3397/51/3397 3406/52/3406
f 3397/51/3397 3407/25/3407 3408/14/3408
f 3398/16/3398 3409/17/3409 3397/51/3397
f 3387/4/3387 3410/30/3410 3411/21/3411
f 3387/4/3387 3412/54/3412 3413/13/3413
f 3387/4/3387 3414/37/3414 3415/53/3415
f 3390/24/3390 3399/31/3399 3387/4/3387
f 3394/45/3394 3416/46/3416 3392/26/3392
f 3403/56/3403 3417/57/3417 3392/26/3392
f 3406/52/3406 3404/49/3404 3392/26/3392
f 3409/17/3409 3407/25/3407 3397/51/3397
f 3387/4/3387 3418/10/3418 3419/2/3419
f 3387/4/3387 3420/22/3420 3421/29/3421
f 3413/13/3413 3410/30/3410 3387/4/3387
f 3400/36/3400 3414/37/3414 3387/4/3387
f 3417/57/3417 3395/47/3395 3392/26/3392
f 3408/14/3408 3422/15/3422 3397/51/3397
f 3423/43/3423 3424/20/3424 3425/27/3425
f 3421/29/3421 3418/10/3418 3387/4/3387
f 3415/53/3415 3412/54/3412 3387/4/3387
f 3426/18/3426 3427/40/3427 3428/38/3428
f 3426/18/3426 3429/33/3429 3430/39/3430
f 3405/50/3405 3402/58/3402 3392/26/3392
f 3425/27/3425 3431/34/3431 3423/43/3423
f 3387/4/3387 3432/3/3432 3433/19/3433
f 3411/21/3411 3420/22/3420 3387/4/3387
f 3428/38/3428 3434/12/3434 3426/18/3426
f 3426/18/3426 3435/32/3435 3429/33/3429
f 3424/20/3424 3423/43/3423 3436/44/3436
f 3431/34/3431 3392/26/3392 3423/43/3423
f 3437/35/3437 3438/9/3438 3439/1/3439
f 3419/2/3419 3432/3/3432 3387/4/3387
f 3430/39/3430 3427/40/3427 3426/18/3426
f 3426/18/3426 3437/35/3437 3440/42/3440
f 3416/46/3416 3423/43/3423 3392/26/3392
f 3439/1/3439 3441/28/3441 3437/35/3437
f 3437/35/3437 3442/7/3442 3443/8/3443
f 3434/12/3434 3387/4/3387 3426/18/3426
f 3440/42/3440 3444/41/3444 3426/18/3426
f 3441/28/3441 3424/20/3424 3437/35/3437
f 3437/35/3437 3426/18/3426 3442/7/3442
f 3444/41/3444 3435/32/3435 3426/18/3426
f 3443/8/3443 3438/9/3438 3437/35/3437
f 3436/44/3436 3437/35/3437 3424/20/3424
f 3433/19/3433 3426/18/3426 3387/4/3387
f 3445/353/3445 3446/90/3446 3447/89/3447
f 3446/90/3446 3448/1339/3448 3449/1340/3449
f 3448/1339/3448 3450/92/3450 3451/91/3451
f 3450/92/3450 3452/1341/3452 3453/1342/3453
f 3452/1341/3452 3454/94/3454 3455/93/3455
f 3454/94/3454 3456/1343/3456 3457/1344/3457
f 3456/1343/3456 3458/96/3458 3459/95/3459
f 3458/96/3458 3460/1345/3460 3461/1346/3461
f 3460/1345/3460 3462/98/3462 3463/97/3463
f 3462/98/3462 3464/1347/3464 3465/1348/3465
f 3464/1347/3464 3466/100/3466 3467/99/3467
f 3466/100/3466 3468/1349/3468 3469/1350/3469
f 3468/1349/3468 3470/102/3470 3471/101/3471
f 3470/102/3470 3472/1351/3472 3473/1352/3473
f 3472/1351/3472 3474/104/3474 3475/103/3475
f 3474/104/3474 3476/1353/3476 3477/1354/3477
f 3476/1353/3476 3478/106/3478 3479/105/3479
f 3478/106/3478 3480/1355/3480 3481/1356/3481
f 3480/1355/3480 3482/108/3482 3483/107/3483
f 3482/108/3482 3484/1357/3484 3485/1358/3485
f 3484/1357/3484 3486/110/3486 3487/109/3487
f 3486/110/3486 3488/1359/3488 3489/1360/3489
f 3488/1359/3488 3490/112/3490 3491/111/3491
f 3490/112/3490 3492/1361/3492 3493/1362/3493
f 3492/1361/3492 3494/114/3494 3495/113/3495
f 3494/114/3494 3496/1363/3496 3497/1364/3497
f 3496/1363/3496 3498/116/3498 3499/115/3499
f 3498/116/3498 3500/1365/3500 3501/1366/3501
f 3500/1365/3500 3502/118/3502 3503/60/3503
f 3503/60/3503 3501/1366/3501 3500/1365/3500
f 3501/1366/3501 3499/115/3499 3498/116/3498
f 3499/115/3499 3497/1364/3497 3496/1363/3496
f 3497/1364/3497 3495/113/3495 3494/114/3494
f 3495/113/3495 3493/1362/3493 3492/1361/3492
f 3493/1362/3493 3491/111/3491 3490/112/3490
f 3491/111/3491 3489/1360/3489 3488/1359/3488
f 3489/1360/3489 3487/109/3487 3486/110/3486
f 3487/109/3487 3485/1358/3485 3484/1357/3484
f 3485/1358/3485 3483/107/3483 3482/108/3482
f 3483/107/3483 3481/1356/3481 3480/1355/3480
f 3481/1356/3481 3479/105/3479 3478/106/3478
f 3479/105/3479 3477/1354/3477 3476/1353/3476
f 3477/1354/3477 3475/103/3475 3474/104/3474
f 3475/103/3475 3473/1352/3473 3472/1351/3472
f 3473/1352/3473 3471/101/3471 3470/102/3470
f 3471/101/3471 3469/1350/3469 3468/1349/3468
f 3469/1350/3469 3467/99/3467 3466/100/3466
f 3467/99/3467 3465/1348/3465 3464/1347/3464
f 3465/1348/3465 3463/97/3463 3462/98/3462
f 3463/97/3463 3461/1346/3461 3460/1345/3460
f 3461/1346/3461 3459/95/3459 3458/96/3458
f 3459/95/3459 3457/1344/3457 3456/1343/3456
f 3457/1344/3457 3455/93/3455 3454/94/3454
f 3455/93/3455 3453/1342/3453 3452/1341/3452
f 3453/1342/3453 3451/91/3451 3450/92/3450
f 3451/91/3451 3449/1340/3449 3448/1339/3448
f 3449/1340/3449 3447/89/3447 3446/90/3446
f 3447/89/3447 3504/352/3504 3445/353/3445
f 3505/118/3505 3506/1367/3506 3507/1368/3507
f 3506/1367/3506 3508/62/3508 3509/61/3509
f 3508/62/3508 3510/1369/3510 3511/1370/3511
f 3510/1369/3510 3512/64/3512 3513/63/3513
f 3512/64/3512 3514/1371/3514 3515/1372/3515
f 3514/1371/3514 3516/66/3516 3517/65/3517
f 3516/66/3516 3518/1373/3518 3519/1374/3519
f 3518/1373/3518 3520/68/3520 3521/67/3521
f 3520/68/3520 3522/1375/3522 3523/1376/3523
f 3522/1375/3522 3524/70/3524 3525/69/3525
f 3524/70/3524 3526/1377/3526 3527/1378/3527
f 3526/1377/3526 3528/72/3528 3529/71/3529
f 3528/72/3528 3530/1379/3530 3531/1380/3531
f 3530/1379/3530 3532/74/3532 3533/73/3533
f 3532/74/3532 3534/1381/3534 3535/1382/3535
f 3534/1381/3534 3536/76/3536 3537/75/3537
f 3536/76/3536 3538/1383/3538 3539/1384/3539
f 3538/1383/3538 3540/78/3540 3541/77/3541
f 3540/78/3540 3542/1385/3542 3543/1386/3543
f 3542/1385/3542 3544/80/3544 3545/79/3545
f 3544/80/3544 3546/1387/3546 3547/1388/3547
f 3546/1387/3546 3548/82/3548 3549/81/3549
f 3548/82/3548 3550/1389/3550 3551/1390/3551
f 3550/1389/3550 3552/84/3552 3553/83/3553
f 3552/84/3552 3554/1391/3554 3555/1392/3555
f 3554/1391/3554 3556/86/3556 3557/85/3557
f 3556/86/3556 3558/1393/3558 3559/1394/3559
f 3558/1393/3558 3560/88/3560 3561/87/3561
f 3560/88/3560 3562/353/3562 3563/352/3563
f 3563/352/3563 3561/87/3561 3560/88/3560
f 3561/87/3561 3559/1394/3559 3558/1393/3558
f 3559/1394/3559 3557/85/3557 3556/86/3556
f 3557/85/3557 3555/1392/3555 3554/1391/3554
f 3555/1392/3555 3553/83/3553 3552/84/3552
f 3553/83/3553 3551/1390/3551 3550/1389/3550
f 3551/1390/3551 3549/81/3549 3548/82/3548
f 3549/81/3549 3547/1388/3547 3546/1387/3546
f 3547/1388/3547 3545/79/3545 3544/80/3544
f 3545/79/3545 3543/1386/3543 3542/1385/3542
f 3543/1386/3543 3541/77/3541 3540/78/3540
f 3541/77/3541 3539/1384/3539 3538/1383/3538
f 3539/1384/3539 3537/75/3537 3536/76/3536
f 3537/75/3537 3535/1382/3535 3534/1381/3534
f 3535/1382/3535 3533/73/3533 3532/74/3532
f 3533/73/3533 3531/1380/3531 3530/1379/3530
f 3531/1380/3531 3529/71/3529 3528/72/3528
f 3529/71/3529 3527/1378/3527 3526/1377/3526
f 3527/1378/3527 3525/69/3525 3524/70/3524
f 3525/69/3525 3523/1376/3523 3522/1375/3522
f 3523/1376/3523 3521/67/3521 3520/68/3520
f 3521/67/3521 3519/1374/3519 3518/1373/3518
f 3519/1374/3519 3517/65/3517 3516/66/3516
f 3517/65/3517 3515/1372/3515 3514/1371/3514
f 3515/1372/3515 3513/63/3513 3512/64/3512
f 3513/63/3513 3511/1370/3511 3510/1369/3510
f 3511/1370/3511 3509/61/3509 3508/62/3508
f 3509/61/3509 3507/1368/3507 3506/1367/3506
f 3507/1368/3507 3564/60/3564 3505/118/3505
vt 0.0000000 1.0000000
f 3565/118/3565 3566/59/3566 3567/1397/3567
f 3568/174/3568 3565/118/3565 3569/117/3569
f 3570/172/3570 3568/174/3568 3571/173/3571
f 3572/170/3572 3570/172/3570 3573/171/3573
f 3574/168/3574 3572/170/3572 3575/169/3575
f 3576/166/3576 3574/168/3574 3577/167/3577
f 3578/164/3578 3576/166/3576 3579/165/3579
f 3580/162/3580 3578/164/3578 3581/163/3581
f 3582/160/3582 3580/162/3580 3583/161/3583
f 3584/158/3584 3582/160/3582 3585/159/3585
f 3586/156/3586 3584/158/3584 3587/157/3587
f 3588/154/3588 3586/156/3586 3589/155/3589
f 3590/152/3590 3588/154/3588 3591/153/3591
f 3592/150/3592 3590/152/3590 3593/151/3593
f 3594/148/3594 3592/150/3592 3595/149/3595
f 3596/146/3596 3594/148/3594 3597/147/3597
f 3598/144/3598 3596/146/3596 3599/145/3599
f 3600/142/3600 3598/144/3598 3601/143/3601
f 3602/140/3602 3600/142/3600 3603/141/3603
f 3604/138/3604 3602/140/3602 3605/139/3605
f 3606/136/3606 3604/138/3604 3607/137/3607
f 3608/134/3608 3606/136/3606 3609/135/3609
f 3610/132/3610 3608/134/3608 3611/133/3611
f 3612/130/3612 3610/132/3610 3613/131/3613
f 3614/128/3614 3612/130/3612 3615/129/3615
f 3616/126/3616 3614/128/3614 3617/127/3617
f 3618/124/3618 3616/126/3616 3619/125/3619
f 3620/122/3620 3618/124/3618 3621/123/3621
f 3622/119/3622 3620/122/3620 3623/121/3623
f 3623/121/3623 3624/120/3624 3622/119/3622
f 3621/123/3621 3623/121/3623 3620/122/3620
f 3619/125/3619 3621/123/3621 3618/124/3618
f 3617/127/3617 3619/125/3619 3616/126/3616
f 3615/129/3615 3617/127/3617 3614/128/3614
f 3613/131/3613 3615/129/3615 3612/130/3612
f 3611/133/3611 3613/131/3613 3610/132/3610
f 3609/135/3609 3611/133/3611 3608/134/3608
f 3607/137/3607 3609/135/3609 3606/136/3606
f 3605/139/3605 3607/137/3607 3604/138/3604
f 3603/141/3603 3605/139/3605 3602/140/3602
f 3601/143/3601 3603/141/3603 3600/142/3600
f 3599/145/3599 3601/143/3601 3598/144/3598
f 3597/147/3597 3599/145/3599 3596/146/3596
f 3595/149/3595 3597/147/3597 3594/148/3594
f 3593/151/3593 3595/149/3595 3592/150/3592
f 3591/153/3591 3593/151/3593 3590/152/3590
f 3589/155/3589 3591/153/3591 3588/154/3588
f 3587/157/3587 3589/155/3589 3586/156/3586
f 3585/159/3585 3587/157/3587 3584/158/3584
f 3583/161/3583 3585/159/3585 3582/160/3582
f 3581/163/3581 3583/161/3583 3580/162/3580
f 3579/165/3579 3581/163/3581 3578/164/3578
f 3577/167/3577 3579/165/3579 3576/166/3576
f 3575/169/3575 3577/167/3577 3574/168/3574
f 3573/171/3573 3575/169/3575 3572/170/3572
f 3571/173/3571 3573/171/3573 3570/172/3570
f 3569/117/3569 3571/173/3571 3568/174/3568
f 3567/1397/3567 3569/117/3569 3565/118/3565
f 3625/116/3625 3626/118/3626 3627/117/3627
f 3628/114/3628 3625/116/3625 3629/115/3629
f 3630/112/3630 3628/114/3628 3631/113/3631
f 3632/110/3632 3630/112/3630 3633/111/3633
f 3634/108/3634 3632/110/3632 3635/109/3635
f 3636/106/3636 3634/108/3634 3637/107/3637
f 3638/104/3638 3636/106/3636 3639/105/3639
f 3640/102/3640 3638/104/3638 3641/103/3641
f 3642/100/3642 3640/102/3640 3643/101/3643
f 3644/98/3644 3642/100/3642 3645/99/3645
f 3646/96/3646 3644/98/3644 3647/97/3647
f 3648/94/3648 3646/96/3646 3649/95/3649
f 3650/92/3650 3648/94/3648 3651/93/3651
f 3652/90/3652 3650/92/3650 3653/91/3653
f 3654/88/3654 3652/90/3652 3655/89/3655
f 3656/86/3656 3654/88/3654 3657/87/3657
f 3658/84/3658 3656/86/3656 3659/85/3659
f 3660/82/3660 3658/84/3658 3661/83/3661
f 3662/80/3662 3660/82/3660 3663/81/3663
f 3664/78/3664 3662/80/3662 3665/79/3665
f 3666/76/3666 3664/78/3664 3667/77/3667
f 3668/74/3668 3666/76/3666 3669/75/3669
f 3670/72/3670 3668/74/3668 3671/73/3671
f 3672/70/3672 3670/72/3670 3673/71/3673
f 3674/68/3674 3672/70/3672 3675/69/3675
f 3676/66/3676 3674/68/3674 3677/67/3677
f 3678/64/3678 3676/66/3676 3679/65/3679
f 3680/62/3680 3678/64/3678 3681/63/3681
f 3682/59/3682 3680/62/3680 3683/61/3683
vt 0.0000000 1.0000000
f 3683/61/3683 3684/1398/3684 3682/59/3682
f 3681/63/3681 3683/61/3683 3680/62/3680
f 3679/65/3679 3681/63/3681 3678/64/3678
f 3677/67/3677 3679/65/3679 3676/66/3676
f 3675/69/3675 3677/67/3677 3674/68/3674
f 3673/71/3673 3675/69/3675 3672/70/3672
f 3671/73/3671 3673/71/3673 3670/72/3670
f 3669/75/3669 3671/73/3671 3668/74/3668
f 3667/77/3667 3669/75/3669 3666/76/3666
f 3665/79/3665 3667/77/3667 3664/78/3664
f 3663/81/3663 3665/79/3665 3662/80/3662
f 3661/83/3661 3663/81/3663 3660/82/3660
f 3659/85/3659 3661/83/3661 3658/84/3658
f 3657/87/3657 3659/85/3659 3656/86/3656
f 3655/89/3655 3657/87/3657 3654/88/3654
f 3653/91/3653 3655/89/3655 3652/90/3652
f 3651/93/3651 3653/91/3653 3650/92/3650
f 3649/95/3649 3651/93/3651 3648/94/3648
f 3647/97/3647 3649/95/3649 3646/96/3646
f 3645/99/3645 3647/97/3647 3644/98/3644
f 3643/101/3643 3645/99/3645 3642/100/3642
f 3641/103/3641 3643/101/3643 3640/102/3640
f 3639/105/3639 3641/103/3641 3638/104/3638
f 3637/107/3637 3639/105/3639 3636/106/3636
f 3635/109/3635 3637/107/3637 3634/108/3634
f 3633/111/3633 3635/109/3635 3632/110/3632
f 3631/113/3631 3633/111/3633 3630/112/3630
f 3629/115/3629 3631/113/3631 3628/114/3628
f 3627/117/3627 3629/115/3629 3625/116/3625
f 3685/353/3685 3686/90/3686 3687/89/3687
f 3686/90/3686 3688/1339/3688 3689/1340/3689
f 3688/1339/3688 3690/92/3690 3691/91/3691
f 3690/92/3690 3692/1341/3692 3693/1342/3693
f 3692/1341/3692 3694/94/3694 3695/93/3695
f 3694/94/3694 3696/1343/3696 3697/1344/3697
f 3696/1343/3696 3698/96/3698 3699/95/3699
f 3698/96/3698 3700/1345/3700 3701/1346/3701
f 3700/1345/3700 3702/98/3702 3703/97/3703
f 3702/98/3702 3704/1347/3704 3705/1348/3705
f 3704/1347/3704 3706/100/3706 3707/99/3707
f 3706/100/3706 3708/1349/3708 3709/1350/3709
f 3708/1349/3708 3710/102/3710 3711/101/3711
f 3710/102/3710 3712/1351/3712 3713/1352/3713
f 3712/1351/3712 3714/104/3714 3715/103/3715
f 3714/104/3714 3716/1353/3716 3717/1354/3717
f 3716/1353/3716 3718/106/3718 3719/105/3719
f 3718/106/3718 3720/1355/3720 3721/1356/3721
f 3720/1355/3720 3722/108/3722 3723/107/3723
f 3722/108/3722 3724/1357/3724 3725/1358/3725
f 3724/1357/3724 3726/110/3726 3727/109/3727
f 3726/110/3726 3728/1359/3728 3729/1360/3729
f 3728/1359/3728 3730/112/3730 3731/111/3731
f 3730/112/3730 3732/1361/3732 3733/1362/3733
f 3732/1361/3732 3734/114/3734 3735/113/3735
f 3734/114/3734 3736/1363/3736 3737/1364/3737
f 3736/1363/3736 3738/116/3738 3739/115/3739
f 3738/116/3738 3740/1365/3740 3741/1366/3741
f 3740/1365/3740 3742/59/3742 3743/117/3743
f 3743/117/3743 3741/1366/3741 3740/1365/3740
f 3741/1366/3741 3739/115/3739 3738/116/3738
f 3739/115/3739 3737/1364/3737 3736/1363/3736
f 3737/1364/3737 3735/113/3735 3734/114/3734
f 3735/113/3735 3733/1362/3733 3732/1361/3732
f 3733/1362/3733 3731/111/3731 3730/112/3730
f 3731/111/3731 3729/1360/3729 3728/1359/3728
f 3729/1360/3729 3727/109/3727 3726/110/3726
f 3727/109/3727 3725/1358/3725 3724/1357/3724
f 3725/1358/3725 3723/107/3723 3722/108/3722
f 3723/107/3723 3721/1356/3721 3720/1355/3720
f 3721/1356/3721 3719/105/3719 3718/106/3718
f 3719/105/3719 3717/1354/3717 3716/1353/3716
f 3717/1354/3717 3715/103/3715 3714/104/3714
f 3715/103/3715 3713/1352/3713 3712/1351/3712
f 3713/1352/3713 3711/101/3711 3710/102/3710
f 3711/101/3711 3709/1350/3709 3708/1349/3708
f 3709/1350/3709 3707/99/3707 3706/100/3706
f 3707/99/3707 3705/1348/3705 3704/1347/3704
f 3705/1348/3705 3703/97/3703 3702/98/3702
f 3703/97/3703 3701/1346/3701 3700/1345/3700
f 3701/1346/3701 3699/95/3699 3698/96/3698
f 3699/95/3699 3697/1344/3697 3696/1343/3696
f 3697/1344/3697 3695/93/3695 3694/94/3694
f 3695/93/3695 3693/1342/3693 3692/1341/3692
f 3693/1342/3693 3691/91/3691 3690/92/3690
f 3691/91/3691 3689/1340/3689 3688/1339/3688
f 3689/1340/3689 3687/89/3687 3686/90/3686
f 3687/89/3687 3744/352/3744 3685/353/3685
f 3745/59/3745 3746/1367/3746 3747/1368/3747
f 3746/1367/3746 3748/62/3748 3749/61/3749
f 3748/62/3748 3750/1369/3750 3751/1370/3751
f 3750/1369/3750 3752/64/3752 3753/63/3753
f 3752/64/3752 3754/1371/3754 3755/1372/3755
f 3754/1371/3754 3756/66/3756 3757/65/3757
f 3756/66/3756 3758/1373/3758 3759/1374/3759
f 3758/1373/3758 3760/68/3760 3761/67/3761
f 3760/68/3760 3762/1375/3762 3763/1376/3763
f 3762/1375/3762 3764/70/3764 3765/69/3765
f 3764/70/3764 3766/1377/3766 3767/1378/3767
f 3766/1377/3766 3768/72/3768 3769/71/3769
f 3768/72/3768 3770/1379/3770 3771/1380/3771
f 3770/1379/3770 3772/74/3772 3773/73/3773
f 3772/74/3772 3774/1381/3774 3775/1382/3775
f 3774/1381/3774 3776/76/3776 3777/75/3777
f 3776/76/3776 3778/1383/3778 3779/1384/3779
f 3778/1383/3778 3780/78/3780 3781/77/3781
f 3780/78/3780 3782/1385/3782 3783/1386/3783
f 3782/1385/3782 3784/80/3784 3785/79/3785
f 3784/80/3784 3786/1387/3786 3787/1388/3787
f 3786/1387/3786 3788/82/3788 3789/81/3789
f 3788/82/3788 3790/1389/3790 3791/1390/3791
f 3790/1389/3790 3792/84/3792 3793/83/3793
f 3792/84/3792 3794/1391/3794 3795/1392/3795
f 3794/1391/3794 3796/86/3796 3797/85/3797
f 3796/86/3796 3798/1393/3798 3799/1394/3799
f 3798/1393/3798 3800/88/3800 3801/87/3801
f 3800/88/3800 3802/353/3802 3803/352/3803
f 3803/352/3803 3801/87/3801 3800/88/3800
f 3801/87/3801 3799/1394/3799 3798/1393/3798
f 3799/1394/3799 3797/85/3797 3796/86/3796
f 3797/85/3797 3795/1392/3795 3794/1391/3794
f 3795/1392/3795 3793/83/3793 3792/84/3792
f 3793/83/3793 3791/1390/3791 3790/1389/3790
f 3791/1390/3791 3789/81/3789 3788/82/3788
f 3789/81/3789 3787/1388/3787 3786/1387/3786
f 3787/1388/3787 3785/79/3785 3784/80/3784
f 3785/79/3785 3783/1386/3783 3782/1385/3782
f 3783/1386/3783 3781/77/3781 3780/78/3780
f 3781/77/3781 3779/1384/3779 3778/1383/3778
f 3779/1384/3779 3777/75/3777 3776/76/3776
f 3777/75/3777 3775/1382/3775 3774/1381/3774
f 3775/1382/3775 3773/73/3773 3772/74/3772
f 3773/73/3773 3771/1380/3771 3770/1379/3770
f 3771/1380/3771 3769/71/3769 3768/72/3768
f 3769/71/3769 3767/1378/3767 3766/1377/3766
f 3767/1378/3767 3765/69/3765 3764/70/3764
f 3765/69/3765 3763/1376/3763 3762/1375/3762
f 3763/1376/3763 3761/67/3761 3760/68/3760
f 3761/67/3761 3759/1374/3759 3758/1373/3758
f 3759/1374/3759 3757/65/3757 3756/66/3756
f 3757/65/3757 3755/1372/3755 3754/1371/3754
f 3755/1372/3755 3753/63/3753 3752/64/3752
f 3753/63/3753 3751/1370/3751 3750/1369/3750
f 3751/1370/3751 3749/61/3749 3748/62/3748
f 3749/61/3749 3747/1368/3747 3746/1367/3746
f 3747/1368/3747 3804/117/3804 3745/59/3745
f 3805/3/3805 3806/37/3806 3807/36/3807
f 3808/22/3808 3809/21/3809 3810/30/3810
f 3811/13/3811 3812/10/3812 3813/29/3813
f 3814/47/3814 3815/17/3815 3816/16/3816
f 3814/47/3814 3817/14/3817 3818/25/3818
f 3819/51/3819 3820/58/3820 3821/50/3821
f 3819/51/3819 3814/47/3814 3822/57/3822
f 3805/3/3805 3823/6/3823 3824/5/3824
f 3805/3/3805 3825/31/3825 3826/24/3826
f 3805/3/3805 3827/53/3827 3806/37/3806
f 3805/3/3805 3811/13/3811 3828/54/3828
f 3813/29/3813 3808/22/3808 3811/13/3811
f 3811/13/3811 3805/3/3805 3829/2/3829
f 3818/25/3818 3815/17/3815 3814/47/3814
f 3814/47/3814 3819/51/3819 3830/15/3830
f 3821/50/3821 3831/49/3831 3819/51/3819
f 3822/57/3822 3832/56/3832 3819/51/3819
f 3833/26/3833 3834/55/3834 3835/48/3835
f 3805/3/3805 3836/32/3836 3837/41/3837
f 3805/3/3805 3838/11/3838 3823/6/3823
f 3826/24/3826 3839/23/3839 3805/3/3805
f 3828/54/3828 3827/53/3827 3805/3/3805
f 3829/2/3829 3812/10/3812 3811/13/3811
f 3840/43/3840 3841/9/3841 3842/8/3842
f 3840/43/3840 3843/28/3843 3844/1/3844
f 3830/15/3830 3817/14/3817 3814/47/3814
f 3832/56/3832 3820/58/3820 3819/51/3819
f 3833/26/3833 3845/45/3845 3834/55/3834
f 3833/26/3833 3840/43/3840 3846/46/3846
f 3805/3/3805 3847/35/3847 3848/44/3848
f 3837/41/3837 3849/42/3849 3805/3/3805
f 3805/3/3805 3850/39/3850 3851/33/3851
f 3805/3/3805 3852/12/3852 3853/38/3853
f 3839/23/3839 3838/11/3838 3805/3/3805
f 3810/30/3810 3811/13/3811 3808/22/3808
f 3842/8/3842 3854/7/3854 3840/43/3840
f 3840/43/3840 3855/20/3855 3843/28/3843
f 3840/43/3840 3856/34/3856 3857/27/3857
f 3831/49/3831 3858/52/3858 3819/51/3819
f 3846/46/3846 3845/45/3845 3833/26/3833
f 3849/42/3849 3847/35/3847 3805/3/3805
f 3805/3/3805 3859/40/3859 3850/39/3850
f 3805/3/3805 3860/4/3860 3852/12/3852
f 3807/36/3807 3825/31/3825 3805/3/3805
f 3840/43/3840 3861/18/3861 3862/19/3862
f 3844/1/3844 3841/9/3841 3840/43/3840
f 3840/43/3840 3833/26/3833 3856/34/3856
f 3835/48/3835 3814/47/3814 3833/26/3833
f 3851/33/3851 3836/32/3836 3805/3/3805
f 3824/5/3824 3860/4/3860 3805/3/3805
f 3854/7/3854 3861/18/3861 3840/43/3840
f 3816/16/3816 3833/26/3833 3814/47/3814
f 3853/38/3853 3859/40/3859 3805/3/3805
f 3857/27/3857 3855/20/3855 3840/43/3840
f 3862/19/3862 3805/3/3805 3840/43/3840
f 3848/44/3848 3840/43/3840 3805/3/3805
# 3764 faces, 1398 coords texture

# End of File
